﻿InvoiceNo,StockCode,Description,Quantity,InvoiceDate,UnitPrice,CustomerID
566085,20983,12 PENCILS TALL TUBE RED RETROSPOT,20,02-06-2022 10.12,0.85,17841
566085,20982,12 PENCILS TALL TUBE SKULLS,8,02-06-2022 10.12,0.85,17841
566085,21927,BLUE/CREAM STRIPE CUSHION COVER ,12,02-06-2022 10.12,1.25,17841
566085,21926,RED/CREAM STRIPE CUSHION COVER ,5,02-06-2022 10.12,1.25,17841
566085,22326,ROUND SNACK BOXES SET OF4 WOODLAND ,30,02-06-2022 10.12,2.95,17841
566600,23298,SPOTTY BUNTING,6,03-06-2022 15.41,4.95,13704
566600,47566,PARTY BUNTING,8,03-06-2022 15.41,4.95,13704
566600,16008,SMALL FOLDING SCISSOR(POINTED EDGE),24,03-06-2022 15.41,0.12,13704
566600,23397,FOOT STOOL HOME SWEET HOME ,4,03-06-2022 15.41,9.95,13704
