{"userid": 1, "name":"Satya", "gender": "Male", "age":25, "phone": "8501099876"}
{"gender": "Male", "userid": 2, "phone": "5676599876"}
{"name":"Rahim", "userid": 3, "gender": "Male", "age":25}
{"userid": 4, "name":"Sandra", "gender": "Female","age":28, "phone": "8508899001"}
{"userid": 5, "name":"Keerti", "gender": "Female", "age":15}
{"userid": 6, "name":"Sundar", "gender": "Male", "age":13, "phone": "8522233456"}
{"userid": 7, "name":"Steve", "gender": "Male", "age":28, "phone": "8501085009"}
{"userid": 8, "name":"Smriti", "gender": "Female", "age":55, "phone": "9246655498"}