{"book_id":"B14","title":"Data Communications and Networking","author":"Behrouz A. Forouzan","category":"Computer Science","price":"34","row_time":"2022-11-08T18:12:42.335+01:00","row_status":"INSERT"}
{"book_id":"B15","title":"Inside the Java Virtual Machine","author":"Bill Venners","category":"Computer Science","price":"41","row_time":"2022-11-08T18:12:42.335+01:00","row_status":"INSERT"}
{"book_id":"B13","title":"Linux pocket guide","author":"Daniel J. Barrett","category":"Computer Science","price":"26","row_time":"2022-11-08T18:12:42.335+01:00","row_status":"INSERT"}
