{"customer_id":"C01201","email":"apedrick4i@bloglines.com","profile":"{\"first_name\":\"Amble\",\"last_name\":\"Pedrick\",\"gender\":\"Male\",\"address\":{\"street\":\"02354 Holmberg Trail\",\"city\":\"Petřvald\",\"country\":\"Czech Republic\"}}","updated":"2021-12-14T23:15:43.375Z"}
{"customer_id":"C01202","profile":"{\"first_name\":\"Cassey\",\"last_name\":\"Pelz\",\"gender\":\"Female\",\"address\":{\"street\":\"820 Oneill Center\",\"city\":\"Bayangol\",\"country\":\"Mongolia\"}}","updated":"2021-12-14T23:15:43.375Z"}
{"customer_id":"C01203","email":"hpembledi@engadget.com","profile":"{\"first_name\":\"Humfrid\",\"last_name\":\"Pemble\",\"gender\":\"Male\",\"address\":{\"street\":\"5 Macpherson Alley\",\"city\":\"Chatturat\",\"country\":\"Thailand\"}}","updated":"2021-12-14T23:15:43.375Z"}
{"customer_id":"C01204","email":"bpencotte2@dailymotion.com","profile":"{\"first_name\":\"Benny\",\"last_name\":\"Pencott\",\"gender\":\"Female\",\"address\":{\"street\":\"2985 Shoshone Lane\",\"city\":\"Tarikolot\",\"country\":\"Indonesia\"}}","updated":"2021-12-14T23:15:43.375Z"}
{"customer_id":"C01205","email":"bpenrithf8@last.fm","profile":"{\"first_name\":\"Berkeley\",\"last_name\":\"Penrith\",\"gender\":\"Male\",\"address\":{\"street\":\"05313 Shoshone Trail\",\"city\":\"Constance\",\"country\":\"Portugal\"}}","updated":"2021-12-14T23:15:43.375Z"}
{"customer_id":"C01206","email":"spenton68@goodreads.com","profile":"{\"first_name\":\"Sena\",\"last_name\":\"Penton\",\"gender\":\"Female\",\"address\":{\"street\":\"3 Holy Cross Lane\",\"city\":\"Dzagam\",\"country\":\"Azerbaijan\"}}","updated":"2021-12-14T23:15:43.375Z"}
{"customer_id":"C01207","profile":"{\"first_name\":\"Whitby\",\"last_name\":\"Peplay\",\"gender\":\"Male\",\"address\":{\"street\":\"591 Barby Hill\",\"city\":\"Dzagam\",\"country\":\"Azerbaijan\"}}","updated":"2021-12-14T23:15:43.375Z"}
{"customer_id":"C01208","email":"gpepperellg6@army.mil","profile":"{\"first_name\":\"Gus\",\"last_name\":\"Pepperell\",\"gender\":\"Female\",\"address\":{\"street\":\"72 Hanover Pass\",\"city\":\"Pato-o\",\"country\":\"Philippines\"}}","updated":"2021-12-14T23:15:43.375Z"}
{"customer_id":"C01209","email":"speppin8s@state.gov","profile":"{\"first_name\":\"Sean\",\"last_name\":\"Peppin\",\"gender\":\"Male\",\"address\":{\"street\":\"5628 Mitchell Trail\",\"city\":\"Laguna Paiva\",\"country\":\"Argentina\"}}","updated":"2021-12-14T23:15:43.375Z"}
{"customer_id":"C01210","profile":"{\"first_name\":\"Enoch\",\"last_name\":\"Perks\",\"gender\":\"Male\",\"address\":{\"street\":\"8324 Trailsway Crossing\",\"city\":\"Jiashan\",\"country\":\"China\"}}","updated":"2021-12-14T23:15:43.375Z"}
{"customer_id":"C01211","email":"gpestricke8l@yellowpages.com","profile":"{\"first_name\":\"Giacomo\",\"last_name\":\"Pestricke\",\"gender\":\"Male\",\"address\":{\"street\":\"65 Caliangt Point\",\"city\":\"Aco\",\"country\":\"Peru\"}}","updated":"2021-12-14T23:15:43.375Z"}
{"customer_id":"C01212","profile":"{\"first_name\":\"Nappie\",\"last_name\":\"Petera\",\"gender\":\"Male\",\"address\":{\"street\":\"79263 Kensington Parkway\",\"city\":\"Belo sur Tsiribihina\",\"country\":\"Madagascar\"}}","updated":"2021-12-14T23:15:43.375Z"}
{"customer_id":"C01213","profile":"{\"first_name\":\"Anthia\",\"last_name\":\"Petigrew\",\"gender\":\"Female\",\"address\":{\"street\":\"173 Daystar Way\",\"city\":\"Pieńsk\",\"country\":\"Poland\"}}","updated":"2021-12-14T23:15:43.375Z"}
{"customer_id":"C01214","profile":"{\"first_name\":\"Christopher\",\"last_name\":\"Petkens\",\"gender\":\"Male\",\"address\":{\"street\":\"4611 American Terrace\",\"city\":\"Melíti\",\"country\":\"Greece\"}}","updated":"2021-12-14T23:15:43.375Z"}
{"customer_id":"C01215","profile":"{\"first_name\":\"Killie\",\"last_name\":\"Petrolli\",\"gender\":\"Male\",\"address\":{\"street\":\"7 Raven Junction\",\"city\":\"Ruyigi\",\"country\":\"Burundi\"}}","updated":"2021-12-14T23:15:43.375Z"}
{"customer_id":"C01216","profile":"{\"first_name\":\"Jacquie\",\"last_name\":\"Petronis\",\"gender\":\"Agender\",\"address\":{\"street\":\"19 Lakewood Parkway\",\"city\":\"Taifu\",\"country\":\"China\"}}","updated":"2021-12-14T23:15:43.375Z"}
{"customer_id":"C01217","email":"kpetrussiiy@marriott.com","profile":"{\"first_name\":\"Kandace\",\"last_name\":\"Petrussi\",\"gender\":\"Female\",\"address\":{\"street\":\"8461 Susan Road\",\"city\":\"Uvarovka\",\"country\":\"Russia\"}}","updated":"2021-12-14T23:15:43.375Z"}
{"customer_id":"C01218","profile":"{\"first_name\":\"Florri\",\"last_name\":\"Pettigrew\",\"gender\":\"Female\",\"address\":{\"street\":\"652 3rd Terrace\",\"city\":\"Nanuque\",\"country\":\"Brazil\"}}","updated":"2021-12-14T23:15:43.375Z"}
{"customer_id":"C01219","profile":"{\"first_name\":\"Elsinore\",\"last_name\":\"Pfiffer\",\"gender\":\"Female\",\"address\":{\"street\":\"0 Division Way\",\"city\":\"Jinshan\",\"country\":\"China\"}}","updated":"2021-12-14T23:15:43.375Z"}
{"customer_id":"C01220","email":"vpheasant87@pbs.org","profile":"{\"first_name\":\"Virgil\",\"last_name\":\"Pheasant\",\"gender\":\"Agender\",\"address\":{\"street\":\"15483 Hagan Hill\",\"city\":\"Bribir\",\"country\":\"Croatia\"}}","updated":"2021-12-14T23:15:43.375Z"}
{"customer_id":"C01221","profile":"{\"first_name\":\"Lara\",\"last_name\":\"Philipet\",\"gender\":\"Female\",\"address\":{\"street\":\"2455 Dennis Plaza\",\"city\":\"Pozhang\",\"country\":\"China\"}}","updated":"2021-12-14T23:15:43.375Z"}
{"customer_id":"C01222","email":"bphilipot4e@fema.gov","profile":"{\"first_name\":\"Brenna\",\"last_name\":\"Philipot\",\"gender\":\"Female\",\"address\":{\"street\":\"6 Division Alley\",\"city\":\"Chowṉêy\",\"country\":\"Afghanistan\"}}","updated":"2021-12-14T23:15:43.375Z"}
{"customer_id":"C01223","email":"dphilippou8i@narod.ru","profile":"{\"first_name\":\"Debra\",\"last_name\":\"Philippou\",\"gender\":\"Female\",\"address\":{\"street\":\"61 Marquette Plaza\",\"city\":\"Kafarati\",\"country\":\"Nigeria\"}}","updated":"2021-12-14T23:15:43.375Z"}
{"customer_id":"C01224","profile":"{\"first_name\":\"Murry\",\"last_name\":\"Physic\",\"gender\":\"Genderqueer\",\"address\":{\"street\":\"4621 Red Cloud Center\",\"city\":\"Göteborg\",\"country\":\"Sweden\"}}","updated":"2021-12-14T23:15:43.375Z"}
{"customer_id":"C01225","email":"gpickerelld1@wunderground.com","profile":"{\"first_name\":\"Gisele\",\"last_name\":\"Pickerell\",\"gender\":\"Non-binary\",\"address\":{\"street\":\"9 Memorial Place\",\"city\":\"Capatárida\",\"country\":\"Venezuela\"}}","updated":"2021-12-14T23:15:43.375Z"}
{"customer_id":"C01226","profile":"{\"first_name\":\"Roddy\",\"last_name\":\"Pickersgill\",\"gender\":\"Male\",\"address\":{\"street\":\"271 Laurel Court\",\"city\":\"Sarrat\",\"country\":\"Philippines\"}}","updated":"2021-12-14T23:15:43.375Z"}
{"customer_id":"C01227","email":"hpickringbj@pagesperso-orange.fr","profile":"{\"first_name\":\"Henrik\",\"last_name\":\"Pickring\",\"gender\":\"Male\",\"address\":{\"street\":\"36287 Bobwhite Point\",\"city\":\"Capivari\",\"country\":\"Brazil\"}}","updated":"2021-12-14T23:15:43.375Z"}
{"customer_id":"C01228","email":"mpiddocke7w@imdb.com","profile":"{\"first_name\":\"Meredithe\",\"last_name\":\"Piddocke\",\"gender\":\"Female\",\"address\":{\"street\":\"35559 Cherokee Junction\",\"city\":\"Circa\",\"country\":\"Peru\"}}","updated":"2021-12-14T23:15:43.375Z"}
{"customer_id":"C01229","email":"rpidginh6@twitter.com","profile":"{\"first_name\":\"Rorie\",\"last_name\":\"Pidgin\",\"gender\":\"Female\",\"address\":{\"street\":\"0241 Jana Park\",\"city\":\"Badou\",\"country\":\"Togo\"}}","updated":"2021-12-14T23:15:43.375Z"}
{"customer_id":"C01230","email":"kpiechnikqd@state.tx.us","profile":"{\"first_name\":\"Kermie\",\"last_name\":\"Piechnik\",\"gender\":\"Male\",\"address\":{\"street\":\"40479 Nancy Point\",\"city\":\"Kuiyong\",\"country\":\"China\"}}","updated":"2021-12-14T23:15:43.375Z"}
{"customer_id":"C01231","email":"lpiechnikck@youku.com","profile":"{\"first_name\":\"Lib\",\"last_name\":\"Piechnik\",\"gender\":\"Female\",\"address\":{\"street\":\"7 Arizona Court\",\"city\":\"Nizui\",\"country\":\"China\"}}","updated":"2021-12-14T23:15:43.375Z"}
{"customer_id":"C01232","email":"rpietrzykh9@huffingtonpost.com","profile":"{\"first_name\":\"Raf\",\"last_name\":\"Pietrzyk\",\"gender\":\"Female\",\"address\":{\"street\":\"993 Bluestem Avenue\",\"city\":\"Jiapeng\",\"country\":\"China\"}}","updated":"2021-12-14T23:15:43.375Z"}
{"customer_id":"C01233","email":"epiggotau@webnode.com","profile":"{\"first_name\":\"Elaine\",\"last_name\":\"Piggot\",\"gender\":\"Female\",\"address\":{\"street\":\"4 Mifflin Pass\",\"city\":\"Terezín\",\"country\":\"Czech Republic\"}}","updated":"2021-12-14T23:15:43.375Z"}
{"customer_id":"C01234","profile":"{\"first_name\":\"Gilberte\",\"last_name\":\"Piggott\",\"gender\":\"Female\",\"address\":{\"street\":\"28439 Merry Drive\",\"city\":\"Rahayu Dua\",\"country\":\"Indonesia\"}}","updated":"2021-12-14T23:15:43.375Z"}
{"customer_id":"C01235","email":"bpinnington7l@i2i.jp","profile":"{\"first_name\":\"Berkeley\",\"last_name\":\"Pinnington\",\"gender\":\"Male\",\"address\":{\"street\":\"0 Huxley Park\",\"city\":\"Rawawilis\",\"country\":\"Indonesia\"}}","updated":"2021-12-14T23:15:43.375Z"}
{"customer_id":"C01236","email":"cpinningtoni3@squarespace.com","profile":"{\"first_name\":\"Carling\",\"last_name\":\"Pinnington\",\"gender\":\"Male\",\"address\":{\"street\":\"238 Tennessee Junction\",\"city\":\"Orange\",\"country\":\"France\"}}","updated":"2021-12-14T23:15:43.375Z"}
{"customer_id":"C01237","email":"gpiolic0@delicious.com","profile":"{\"first_name\":\"Grantley\",\"last_name\":\"Pioli\",\"gender\":\"Male\",\"address\":{\"street\":\"38 Arkansas Place\",\"city\":\"Fort Worth\",\"country\":\"United States\"}}","updated":"2021-12-14T23:15:43.375Z"}
{"customer_id":"C01238","email":"apirisk9@pcworld.com","profile":"{\"first_name\":\"Angelia\",\"last_name\":\"Piris\",\"gender\":\"Female\",\"address\":{\"street\":\"493 High Crossing Circle\",\"city\":\"Sulechów\",\"country\":\"Poland\"}}","updated":"2021-12-14T23:15:43.375Z"}
{"customer_id":"C01239","email":"tpiscopo92@ycombinator.com","profile":"{\"first_name\":\"Trude\",\"last_name\":\"Piscopo\",\"gender\":\"Female\",\"address\":{\"street\":\"20 Brentwood Court\",\"city\":\"Mrzezino\",\"country\":\"Poland\"}}","updated":"2021-12-14T23:15:43.375Z"}
{"customer_id":"C01240","email":"jpittford5u@toplist.cz","profile":"{\"first_name\":\"Jerrome\",\"last_name\":\"Pittford\",\"gender\":\"Male\",\"address\":{\"street\":\"108 Rigney Plaza\",\"city\":\"Yokotemachi\",\"country\":\"Japan\"}}","updated":"2021-12-14T23:15:43.375Z"}
{"customer_id":"C01241","email":"spittsonde@npr.org","profile":"{\"first_name\":\"Shirl\",\"last_name\":\"Pittson\",\"gender\":\"Female\",\"address\":{\"street\":\"480 Dixon Point\",\"city\":\"Goiana\",\"country\":\"Brazil\"}}","updated":"2021-12-14T23:15:43.375Z"}
{"customer_id":"C01242","email":"gpizer95@woothemes.com","profile":"{\"first_name\":\"Germain\",\"last_name\":\"Pizer\",\"gender\":\"Female\",\"address\":{\"street\":\"4 Lien Drive\",\"city\":\"Vesoul\",\"country\":\"France\"}}","updated":"2021-12-14T23:15:43.375Z"}
{"customer_id":"C01243","profile":"{\"first_name\":\"Jessi\",\"last_name\":\"Plane\",\"gender\":\"Female\",\"address\":{\"street\":\"64874 Mockingbird Junction\",\"city\":\"Pong\",\"country\":\"Thailand\"}}","updated":"2021-12-14T23:15:43.375Z"}
{"customer_id":"C01244","email":"pplayfairpz@e-recht24.de","profile":"{\"first_name\":\"Paulie\",\"last_name\":\"Playfair\",\"gender\":\"Male\",\"address\":{\"street\":\"0 Columbus Place\",\"city\":\"Stockholm\",\"country\":\"Sweden\"}}","updated":"2021-12-14T23:15:43.375Z"}
{"customer_id":"C01245","email":"dplaylegs@bizjournals.com","profile":"{\"first_name\":\"Dirk\",\"last_name\":\"Playle\",\"gender\":\"Male\",\"address\":{\"street\":\"19 Kingsford Avenue\",\"city\":\"Peukanbada\",\"country\":\"Indonesia\"}}","updated":"2021-12-14T23:15:43.375Z"}
{"customer_id":"C01246","email":"mpointerjd@acquirethisname.com","profile":"{\"first_name\":\"Meghan\",\"last_name\":\"Pointer\",\"gender\":\"Female\",\"address\":{\"street\":\"083 Nelson Center\",\"city\":\"Tanxi\",\"country\":\"China\"}}","updated":"2021-12-14T23:15:43.375Z"}
{"customer_id":"C01247","email":"rpoles5g@hostgator.com","profile":"{\"first_name\":\"Ryann\",\"last_name\":\"Poles\",\"gender\":\"Female\",\"address\":{\"street\":\"7782 Kropf Hill\",\"city\":\"Wuxia\",\"country\":\"China\"}}","updated":"2021-12-14T23:15:43.375Z"}
{"customer_id":"C01248","email":"cpollie6g@salon.com","profile":"{\"first_name\":\"Camilla\",\"last_name\":\"Pollie\",\"gender\":\"Non-binary\",\"address\":{\"street\":\"1837 Rusk Alley\",\"city\":\"Magallanes\",\"country\":\"Philippines\"}}","updated":"2021-12-14T23:15:43.375Z"}
{"customer_id":"C01249","email":"jpollypw@biblegateway.com","profile":"{\"first_name\":\"Jessi\",\"last_name\":\"Polly\",\"gender\":\"Female\",\"address\":{\"street\":\"916 Doe Crossing Park\",\"city\":\"Babatngon\",\"country\":\"Philippines\"}}","updated":"2021-12-14T23:15:43.375Z"}
{"customer_id":"C01250","email":"bpomphrey24@nationalgeographic.com","profile":"{\"first_name\":\"Bel\",\"last_name\":\"Pomphrey\",\"gender\":\"Female\",\"address\":{\"street\":\"1 Butternut Terrace\",\"city\":\"Nobeoka\",\"country\":\"Japan\"}}","updated":"2021-12-14T23:15:43.375Z"}
{"customer_id":"C01251","profile":"{\"first_name\":\"Price\",\"last_name\":\"Pomroy\",\"gender\":\"Male\",\"address\":{\"street\":\"5544 Heffernan Street\",\"city\":\"Changfeng\",\"country\":\"China\"}}","updated":"2021-12-14T23:15:43.375Z"}
{"customer_id":"C01252","email":"hposchelcl@umn.edu","profile":"{\"first_name\":\"Heywood\",\"last_name\":\"Poschel\",\"gender\":\"Male\",\"address\":{\"street\":\"00668 Kim Court\",\"city\":\"Changuillo\",\"country\":\"Peru\"}}","updated":"2021-12-14T23:15:43.375Z"}
{"customer_id":"C01253","profile":"{\"first_name\":\"Noni\",\"last_name\":\"Posnette\",\"gender\":\"Female\",\"address\":{\"street\":\"5 Southridge Place\",\"city\":\"Gwio Kura\",\"country\":\"Nigeria\"}}","updated":"2021-12-14T23:15:43.375Z"}
{"customer_id":"C01254","profile":"{\"first_name\":\"Myles\",\"last_name\":\"Posselt\",\"gender\":\"Male\",\"address\":{\"street\":\"14868 Bluestem Plaza\",\"city\":\"Bacheng\",\"country\":\"China\"}}","updated":"2021-12-14T23:15:43.375Z"}
{"customer_id":"C01255","profile":"{\"first_name\":\"Adriane\",\"last_name\":\"Postlewhite\",\"gender\":\"Female\",\"address\":{\"street\":\"9 Prentice Road\",\"city\":\"Quilmes\",\"country\":\"Argentina\"}}","updated":"2021-12-14T23:15:43.375Z"}
{"customer_id":"C01256","email":"fpotesm1@e-recht24.de","profile":"{\"first_name\":\"Fancy\",\"last_name\":\"Potes\",\"gender\":\"Female\",\"address\":{\"street\":\"0 Roth Center\",\"city\":\"Tambong\",\"country\":\"Philippines\"}}","updated":"2021-12-14T23:15:43.375Z"}
{"customer_id":"C01257","profile":"{\"first_name\":\"Sammie\",\"last_name\":\"Potteril\",\"gender\":\"Male\",\"address\":{\"street\":\"7293 Caliangt Lane\",\"city\":\"Pimentel\",\"country\":\"Peru\"}}","updated":"2021-12-14T23:15:43.375Z"}
{"customer_id":"C01258","profile":"{\"first_name\":\"Garold\",\"last_name\":\"Pottery\",\"gender\":\"Male\",\"address\":{\"street\":\"1556 Pierstorff Point\",\"city\":\"Tarata\",\"country\":\"Bolivia\"}}","updated":"2021-12-14T23:15:43.375Z"}
{"customer_id":"C01259","profile":"{\"first_name\":\"Megan\",\"last_name\":\"Poyner\",\"gender\":\"Female\",\"address\":{\"street\":\"87978 Shoshone Plaza\",\"city\":\"Berëzovskiy\",\"country\":\"Russia\"}}","updated":"2021-12-14T23:15:43.375Z"}
{"customer_id":"C01260","email":"apranglebv@vimeo.com","profile":"{\"first_name\":\"Avigdor\",\"last_name\":\"Prangle\",\"gender\":\"Male\",\"address\":{\"street\":\"9564 Utah Avenue\",\"city\":\"Hisings Kärra\",\"country\":\"Sweden\"}}","updated":"2021-12-14T23:15:43.375Z"}
{"customer_id":"C01261","email":"tpresser2r@weather.com","profile":"{\"first_name\":\"Tris\",\"last_name\":\"Presser\",\"gender\":\"Male\",\"address\":{\"street\":\"91 Sunbrook Junction\",\"city\":\"Panyingkiran\",\"country\":\"Indonesia\"}}","updated":"2021-12-14T23:15:43.375Z"}
{"customer_id":"C01262","profile":"{\"first_name\":\"Lawton\",\"last_name\":\"Pressman\",\"gender\":\"Male\",\"address\":{\"street\":\"9 Hansons Plaza\",\"city\":\"Curiapo\",\"country\":\"Venezuela\"}}","updated":"2021-12-14T23:15:43.375Z"}
{"customer_id":"C01263","email":"eprestige3k@amazon.com","profile":"{\"first_name\":\"Elwin\",\"last_name\":\"Prestige\",\"gender\":\"Male\",\"address\":{\"street\":\"88087 Commercial Hill\",\"city\":\"Qingqu\",\"country\":\"China\"}}","updated":"2021-12-14T23:15:43.375Z"}
{"customer_id":"C01264","email":"mprewfj@behance.net","profile":"{\"first_name\":\"Myrtle\",\"last_name\":\"Prew\",\"gender\":\"Female\",\"address\":{\"street\":\"1079 Bay Crossing\",\"city\":\"El Paso\",\"country\":\"United States\"}}","updated":"2021-12-14T23:15:43.375Z"}
{"customer_id":"C01265","profile":"{\"first_name\":\"Myrtle\",\"last_name\":\"Priestner\",\"gender\":\"Female\",\"address\":{\"street\":\"91535 Arizona Parkway\",\"city\":\"Sanquan\",\"country\":\"China\"}}","updated":"2021-12-14T23:15:43.375Z"}
{"customer_id":"C01266","profile":"{\"first_name\":\"Fremont\",\"last_name\":\"Proudler\",\"gender\":\"Male\",\"address\":{\"street\":\"756 Cody Center\",\"city\":\"Banzhong\",\"country\":\"China\"}}","updated":"2021-12-14T23:15:43.375Z"}
{"customer_id":"C01267","profile":"{\"first_name\":\"Torre\",\"last_name\":\"Pughe\",\"gender\":\"Male\",\"address\":{\"street\":\"7 Pine View Parkway\",\"city\":\"Kiyawa\",\"country\":\"Nigeria\"}}","updated":"2021-12-14T23:15:43.375Z"}
{"customer_id":"C01268","email":"mpuig3e@slideshare.net","profile":"{\"first_name\":\"Merline\",\"last_name\":\"Puig\",\"gender\":\"Female\",\"address\":{\"street\":\"37 Grim Pass\",\"city\":\"Oyabe\",\"country\":\"Japan\"}}","updated":"2021-12-14T23:15:43.375Z"}
{"customer_id":"C01269","profile":"{\"first_name\":\"Derry\",\"last_name\":\"Pumfrett\",\"gender\":\"Male\",\"address\":{\"street\":\"2837 Sommers Plaza\",\"city\":\"El Corpus\",\"country\":\"Honduras\"}}","updated":"2021-12-14T23:15:43.375Z"}
{"customer_id":"C01270","email":"jpurcell6l@mediafire.com","profile":"{\"first_name\":\"Joni\",\"last_name\":\"Purcell\",\"gender\":\"Genderfluid\",\"address\":{\"street\":\"9 Nobel Trail\",\"city\":\"Itako\",\"country\":\"Japan\"}}","updated":"2021-12-14T23:15:43.375Z"}
{"customer_id":"C01271","email":"tquarrymb@i2i.jp","profile":"{\"first_name\":\"Torrey\",\"last_name\":\"Quarry\",\"gender\":\"Male\",\"address\":{\"street\":\"0288 Roxbury Drive\",\"city\":\"Kemijärvi\",\"country\":\"Finland\"}}","updated":"2021-12-14T23:15:43.375Z"}
{"customer_id":"C01272","email":"uquincey7f@washington.edu","profile":"{\"first_name\":\"Una\",\"last_name\":\"Quincey\",\"gender\":\"Female\",\"address\":{\"street\":\"3 Lindbergh Drive\",\"city\":\"Mekarsari\",\"country\":\"Indonesia\"}}","updated":"2021-12-14T23:15:43.375Z"}
{"customer_id":"C01273","email":"fquinet85@auda.org.au","profile":"{\"first_name\":\"Felicle\",\"last_name\":\"Quinet\",\"gender\":\"Female\",\"address\":{\"street\":\"5 Sutteridge Terrace\",\"city\":\"Lutun\",\"country\":\"China\"}}","updated":"2021-12-14T23:15:43.375Z"}
{"customer_id":"C01274","email":"aquinn8@businessinsider.com","profile":"{\"first_name\":\"Ariel\",\"last_name\":\"Quinn\",\"gender\":\"Genderqueer\",\"address\":{\"street\":\"80 Wayridge Point\",\"city\":\"Arroyo Salado\",\"country\":\"Dominican Republic\"}}","updated":"2021-12-14T23:15:43.375Z"}
{"customer_id":"C01275","profile":"{\"first_name\":\"Clotilda\",\"last_name\":\"Qusklay\",\"gender\":\"Female\",\"address\":{\"street\":\"87028 Arapahoe Court\",\"city\":\"Quintela\",\"country\":\"Portugal\"}}","updated":"2021-12-14T23:15:43.375Z"}
{"customer_id":"C01276","email":"mrabbitt3u@1und1.de","profile":"{\"first_name\":\"Malissia\",\"last_name\":\"Rabbitt\",\"gender\":\"Female\",\"address\":{\"street\":\"1 Melby Avenue\",\"city\":\"Kuczbork-Osada\",\"country\":\"Poland\"}}","updated":"2021-12-14T23:15:43.375Z"}
{"customer_id":"C01277","email":"lrabiercs@ucoz.ru","profile":"{\"first_name\":\"Laure\",\"last_name\":\"Rabier\",\"gender\":\"Female\",\"address\":{\"street\":\"7208 Springview Drive\",\"city\":\"Saint Pierre\",\"country\":\"Mauritius\"}}","updated":"2021-12-14T23:15:43.375Z"}
{"customer_id":"C01278","email":"irablenmk@chron.com","profile":"{\"first_name\":\"Ilario\",\"last_name\":\"Rablen\",\"gender\":\"Male\",\"address\":{\"street\":\"0 Fairview Avenue\",\"city\":\"San Andrés\",\"country\":\"Colombia\"}}","updated":"2021-12-14T23:15:43.375Z"}
{"customer_id":"C01279","profile":"{\"first_name\":\"Farleigh\",\"last_name\":\"Rabson\",\"gender\":\"Male\",\"address\":{\"street\":\"16 Briar Crest Terrace\",\"city\":\"Oliveira do Conde\",\"country\":\"Portugal\"}}","updated":"2021-12-14T23:15:43.375Z"}
{"customer_id":"C01280","email":"lradke53@google.com.br","profile":"{\"first_name\":\"Lonni\",\"last_name\":\"Radke\",\"gender\":\"Female\",\"address\":{\"street\":\"68 Elmside Pass\",\"city\":\"Xuancheng\",\"country\":\"China\"}}","updated":"2021-12-14T23:15:43.375Z"}
{"customer_id":"C01281","profile":"{\"first_name\":\"Marlowe\",\"last_name\":\"Radleigh\",\"gender\":\"Male\",\"address\":{\"street\":\"80407 Village Green Avenue\",\"city\":\"Pataruman\",\"country\":\"Indonesia\"}}","updated":"2021-12-14T23:15:43.375Z"}
{"customer_id":"C01282","email":"frainecn@livejournal.com","profile":"{\"first_name\":\"Fraser\",\"last_name\":\"Raine\",\"gender\":\"Male\",\"address\":{\"street\":\"27655 Bashford Place\",\"city\":\"Bang Racham\",\"country\":\"Thailand\"}}","updated":"2021-12-14T23:15:43.375Z"}
{"customer_id":"C01283","profile":"{\"first_name\":\"Dewain\",\"last_name\":\"Rainton\",\"gender\":\"Male\",\"address\":{\"street\":\"57 Bonner Alley\",\"city\":\"Kotayk’\",\"country\":\"Armenia\"}}","updated":"2021-12-14T23:15:43.375Z"}
{"customer_id":"C01284","email":"craithmm@usgs.gov","profile":"{\"first_name\":\"Chelsea\",\"last_name\":\"Raith\",\"gender\":\"Female\",\"address\":{\"street\":\"5 Hollow Ridge Lane\",\"city\":\"Nysa\",\"country\":\"Poland\"}}","updated":"2021-12-14T23:15:43.375Z"}
{"customer_id":"C01285","profile":"{\"first_name\":\"Gothart\",\"last_name\":\"Ramet\",\"gender\":\"Male\",\"address\":{\"street\":\"54 Barnett Drive\",\"city\":\"Ōsaka-shi\",\"country\":\"Japan\"}}","updated":"2021-12-14T23:15:43.375Z"}
{"customer_id":"C01286","email":"lranyellnh@imdb.com","profile":"{\"first_name\":\"Lefty\",\"last_name\":\"Ranyell\",\"gender\":\"Male\",\"address\":{\"street\":\"325 Mcbride Terrace\",\"city\":\"Kumla\",\"country\":\"Sweden\"}}","updated":"2021-12-14T23:15:43.375Z"}
{"customer_id":"C01287","email":"braoultim@quantcast.com","profile":"{\"first_name\":\"Briana\",\"last_name\":\"Raoult\",\"gender\":\"Genderfluid\",\"address\":{\"street\":\"448 Little Fleur Place\",\"city\":\"Mae Charim\",\"country\":\"Thailand\"}}","updated":"2021-12-14T23:15:43.375Z"}
{"customer_id":"C01288","profile":"{\"first_name\":\"Valentine\",\"last_name\":\"Raper\",\"gender\":\"Male\",\"address\":{\"street\":\"939 Old Shore Crossing\",\"city\":\"Pleven\",\"country\":\"Bulgaria\"}}","updated":"2021-12-14T23:15:43.375Z"}
{"customer_id":"C01289","profile":"{\"first_name\":\"Barty\",\"last_name\":\"Rash\",\"gender\":\"Male\",\"address\":{\"street\":\"0967 Emmet Avenue\",\"city\":\"Huangzhan\",\"country\":\"China\"}}","updated":"2021-12-14T23:15:43.375Z"}
{"customer_id":"C01290","email":"jravelus3a@who.int","profile":"{\"first_name\":\"Joanie\",\"last_name\":\"Ravelus\",\"gender\":\"Female\",\"address\":{\"street\":\"245 Dahle Drive\",\"city\":\"Chanthaburi\",\"country\":\"Thailand\"}}","updated":"2021-12-14T23:15:43.375Z"}
{"customer_id":"C01291","email":"prazoux6v@cargocollective.com","profile":"{\"first_name\":\"Peirce\",\"last_name\":\"Razoux\",\"gender\":\"Male\",\"address\":{\"street\":\"8401 Arizona Trail\",\"city\":\"Basīrpur\",\"country\":\"Pakistan\"}}","updated":"2021-12-14T23:15:43.375Z"}
{"customer_id":"C01292","profile":"{\"first_name\":\"Nara\",\"last_name\":\"Rebillard\",\"gender\":\"Female\",\"address\":{\"street\":\"2 Tennyson Center\",\"city\":\"Tembayangan Barat\",\"country\":\"Indonesia\"}}","updated":"2021-12-14T23:15:43.375Z"}
{"customer_id":"C01293","email":"arecke5b@google.com.br","profile":"{\"first_name\":\"Allys\",\"last_name\":\"Recke\",\"gender\":\"Female\",\"address\":{\"street\":\"08902 Towne Junction\",\"city\":\"Daluo\",\"country\":\"China\"}}","updated":"2021-12-14T23:15:43.375Z"}
{"customer_id":"C01294","email":"dreckus2z@1688.com","profile":"{\"first_name\":\"Darsie\",\"last_name\":\"Reckus\",\"gender\":\"Female\",\"address\":{\"street\":\"1 Sheridan Trail\",\"city\":\"Tycheró\",\"country\":\"Greece\"}}","updated":"2021-12-14T23:15:43.375Z"}
{"customer_id":"C01295","profile":"{\"first_name\":\"Sibby\",\"last_name\":\"Reddington\",\"gender\":\"Female\",\"address\":{\"street\":\"60487 Main Parkway\",\"city\":\"Yongning\",\"country\":\"China\"}}","updated":"2021-12-14T23:15:43.375Z"}
{"customer_id":"C01296","email":"dredhousex@tinypic.com","profile":"{\"first_name\":\"Deirdre\",\"last_name\":\"Redhouse\",\"gender\":\"Female\",\"address\":{\"street\":\"3371 Forest Dale Parkway\",\"city\":\"Vale Boeiro\",\"country\":\"Portugal\"}}","updated":"2021-12-14T23:15:43.375Z"}
{"customer_id":"C01297","email":"freihill7t@t-online.de","profile":"{\"first_name\":\"Fran\",\"last_name\":\"Reihill\",\"gender\":\"Male\",\"address\":{\"street\":\"97 Warner Lane\",\"city\":\"Niujiang\",\"country\":\"China\"}}","updated":"2021-12-14T23:15:43.375Z"}
{"customer_id":"C01298","profile":"{\"first_name\":\"Godard\",\"last_name\":\"Renard\",\"gender\":\"Male\",\"address\":{\"street\":\"8387 Kropf Avenue\",\"city\":\"Modis\",\"country\":\"Indonesia\"}}","updated":"2021-12-14T23:15:43.375Z"}
{"customer_id":"C01299","email":"rrennerjz@who.int","profile":"{\"first_name\":\"Robbi\",\"last_name\":\"Renner\",\"gender\":\"Female\",\"address\":{\"street\":\"7472 Darwin Lane\",\"city\":\"Goba\",\"country\":\"Ethiopia\"}}","updated":"2021-12-14T23:15:43.375Z"}
{"customer_id":"C01300","email":"crennerl4@buzzfeed.com","profile":"{\"first_name\":\"Christan\",\"last_name\":\"Renner\",\"gender\":\"Female\",\"address\":{\"street\":\"3339 Goodland Park\",\"city\":\"Xincheng\",\"country\":\"China\"}}","updated":"2021-12-14T23:15:43.375Z"}
{"customer_id":"C01301","email":"orennixro@linkedin.com","profile":"{\"first_name\":\"Oliver\",\"last_name\":\"Rennix\",\"gender\":\"Male\",\"address\":{\"street\":\"162 Roth Way\",\"city\":\"Figueiras\",\"country\":\"Portugal\"}}","updated":"2021-12-14T23:15:43.375Z"}
{"customer_id":"C01302","profile":"{\"first_name\":\"Forbes\",\"last_name\":\"Renzini\",\"gender\":\"Male\",\"address\":{\"street\":\"90 Farwell Avenue\",\"city\":\"Mafra\",\"country\":\"Brazil\"}}","updated":"2021-12-14T23:15:43.375Z"}
{"customer_id":"C01303","email":"greskelly8c@merriam-webster.com","profile":"{\"first_name\":\"Gaelan\",\"last_name\":\"Reskelly\",\"gender\":\"Male\",\"address\":{\"street\":\"44554 Village Green Lane\",\"city\":\"Fort Wayne\",\"country\":\"United States\"}}","updated":"2021-12-14T23:15:43.375Z"}
{"customer_id":"C01304","email":"mretterba@state.gov","profile":"{\"first_name\":\"Maressa\",\"last_name\":\"Retter\",\"gender\":\"Female\",\"address\":{\"street\":\"175 Carey Plaza\",\"city\":\"Krasnyy Luch\",\"country\":\"Ukraine\"}}","updated":"2021-12-14T23:15:43.375Z"}
{"customer_id":"C01305","email":"mrevensdq@dyndns.org","profile":"{\"first_name\":\"Milton\",\"last_name\":\"Revens\",\"gender\":\"Male\",\"address\":{\"street\":\"17 Corry Center\",\"city\":\"Alupay\",\"country\":\"Philippines\"}}","updated":"2021-12-14T23:15:43.375Z"}
{"customer_id":"C01306","profile":"{\"first_name\":\"Archambault\",\"last_name\":\"Ricarde\",\"gender\":\"Male\",\"address\":{\"street\":\"04391 Tony Crossing\",\"city\":\"Kuala Lumpur\",\"country\":\"Malaysia\"}}","updated":"2021-12-14T23:15:43.375Z"}
{"customer_id":"C01307","profile":"{\"first_name\":\"Ermengarde\",\"last_name\":\"Riccelli\",\"gender\":\"Female\",\"address\":{\"street\":\"83619 Havey Park\",\"city\":\"Sarykemer\",\"country\":\"Kazakhstan\"}}","updated":"2021-12-14T23:15:43.375Z"}
{"customer_id":"C01308","email":"frichardesj@bizjournals.com","profile":"{\"first_name\":\"Felipe\",\"last_name\":\"Richardes\",\"gender\":\"Male\",\"address\":{\"street\":\"663 Stone Corner Street\",\"city\":\"Cimanggu\",\"country\":\"Indonesia\"}}","updated":"2021-12-14T23:15:43.375Z"}
{"customer_id":"C01309","email":"dricharson67@bigcartel.com","profile":"{\"first_name\":\"Daven\",\"last_name\":\"Richarson\",\"gender\":\"Male\",\"address\":{\"street\":\"3426 Anhalt Court\",\"city\":\"Huochezhan\",\"country\":\"China\"}}","updated":"2021-12-14T23:15:43.375Z"}
{"customer_id":"C01310","email":"trichinnj@digg.com","profile":"{\"first_name\":\"Twyla\",\"last_name\":\"Richin\",\"gender\":\"Female\",\"address\":{\"street\":\"10 Algoma Road\",\"city\":\"Al Bahlūlīyah\",\"country\":\"Syria\"}}","updated":"2021-12-14T23:15:43.375Z"}
{"customer_id":"C01311","profile":"{\"first_name\":\"Joellyn\",\"last_name\":\"Ridde\",\"gender\":\"Female\",\"address\":{\"street\":\"191 Village Lane\",\"city\":\"Caminauit\",\"country\":\"Philippines\"}}","updated":"2021-12-14T23:15:43.375Z"}
{"customer_id":"C01312","email":"mridesdaleo1@elegantthemes.com","profile":"{\"first_name\":\"Maurine\",\"last_name\":\"Ridesdale\",\"gender\":\"Female\",\"address\":{\"street\":\"705 Dwight Road\",\"city\":\"Heishan\",\"country\":\"China\"}}","updated":"2021-12-14T23:15:43.375Z"}
{"customer_id":"C01313","email":"dridgersfp@51.la","profile":"{\"first_name\":\"Dewitt\",\"last_name\":\"Ridgers\",\"gender\":\"Non-binary\",\"address\":{\"street\":\"8 Burning Wood Avenue\",\"city\":\"Oyan\",\"country\":\"Nigeria\"}}","updated":"2021-12-14T23:15:43.375Z"}
{"customer_id":"C01314","email":"srimmingtonhg@simplemachines.org","profile":"{\"first_name\":\"Shelley\",\"last_name\":\"Rimmington\",\"gender\":\"Female\",\"address\":{\"street\":\"1 Pierstorff Trail\",\"city\":\"Shuitai\",\"country\":\"China\"}}","updated":"2021-12-14T23:15:43.375Z"}
{"customer_id":"C01315","email":"ariolfoq8@cdc.gov","profile":"{\"first_name\":\"Ashia\",\"last_name\":\"Riolfo\",\"gender\":\"Female\",\"address\":{\"street\":\"125 South Point\",\"city\":\"Longtang\",\"country\":\"China\"}}","updated":"2021-12-14T23:15:43.375Z"}
{"customer_id":"C01316","email":"crisdaleir@whitehouse.gov","profile":"{\"first_name\":\"Cleveland\",\"last_name\":\"Risdale\",\"gender\":\"Male\",\"address\":{\"street\":\"084 Crescent Oaks Trail\",\"city\":\"Lagkadás\",\"country\":\"Greece\"}}","updated":"2021-12-14T23:15:43.375Z"}
{"customer_id":"C01317","profile":"{\"first_name\":\"Hans\",\"last_name\":\"Riseborough\",\"gender\":\"Male\",\"address\":{\"street\":\"777 Victoria Trail\",\"city\":\"Lugulu\",\"country\":\"Kenya\"}}","updated":"2021-12-14T23:15:43.375Z"}
{"customer_id":"C01318","email":"jrishmangr@ucoz.com","profile":"{\"first_name\":\"Jenelle\",\"last_name\":\"Rishman\",\"gender\":\"Female\",\"address\":{\"street\":\"64611 Erie Point\",\"city\":\"Falun\",\"country\":\"Sweden\"}}","updated":"2021-12-14T23:15:43.375Z"}
{"customer_id":"C01319","email":"arittmeyer6f@mysql.com","profile":"{\"first_name\":\"Allie\",\"last_name\":\"Rittmeyer\",\"gender\":\"Male\",\"address\":{\"street\":\"51 Moulton Park\",\"city\":\"Mazra‘at Bayt Jinn\",\"country\":\"Syria\"}}","updated":"2021-12-14T23:15:43.375Z"}
{"customer_id":"C01320","profile":"{\"first_name\":\"Gonzales\",\"last_name\":\"Rixon\",\"gender\":\"Male\",\"address\":{\"street\":\"086 Lindbergh Road\",\"city\":\"Ribas\",\"country\":\"Portugal\"}}","updated":"2021-12-14T23:15:43.375Z"}
{"customer_id":"C01321","profile":"{\"first_name\":\"Horace\",\"last_name\":\"Rizzillo\",\"gender\":\"Male\",\"address\":{\"street\":\"7743 Alpine Circle\",\"city\":\"Butungan\",\"country\":\"Indonesia\"}}","updated":"2021-12-14T23:15:43.375Z"}
{"customer_id":"C01322","profile":"{\"first_name\":\"Sisile\",\"last_name\":\"Robbeke\",\"gender\":\"Female\",\"address\":{\"street\":\"21 Acker Point\",\"city\":\"Lammi\",\"country\":\"Finland\"}}","updated":"2021-12-14T23:15:43.375Z"}
{"customer_id":"C01323","email":"probertjr@tripod.com","profile":"{\"first_name\":\"Penny\",\"last_name\":\"Robert\",\"gender\":\"Female\",\"address\":{\"street\":\"3 Bultman Hill\",\"city\":\"Aasiaat\",\"country\":\"Greenland\"}}","updated":"2021-12-14T23:15:43.375Z"}
{"customer_id":"C01324","profile":"{\"first_name\":\"Starlin\",\"last_name\":\"Robison\",\"gender\":\"Female\",\"address\":{\"street\":\"9405 Mcguire Trail\",\"city\":\"São Martinho de Árvore\",\"country\":\"Portugal\"}}","updated":"2021-12-14T23:15:43.375Z"}
{"customer_id":"C01325","profile":"{\"first_name\":\"Tucky\",\"last_name\":\"Robker\",\"gender\":\"Male\",\"address\":{\"street\":\"95153 Moulton Park\",\"city\":\"Chengzhong\",\"country\":\"China\"}}","updated":"2021-12-14T23:15:43.375Z"}
{"customer_id":"C01326","profile":"{\"first_name\":\"Revkah\",\"last_name\":\"Rockcliff\",\"gender\":\"Female\",\"address\":{\"street\":\"5145 Brentwood Circle\",\"city\":\"Acopampa\",\"country\":\"Peru\"}}","updated":"2021-12-14T23:15:43.375Z"}
{"customer_id":"C01327","profile":"{\"first_name\":\"Willi\",\"last_name\":\"Rockingham\",\"gender\":\"Female\",\"address\":{\"street\":\"4 Union Center\",\"city\":\"Tangnan\",\"country\":\"China\"}}","updated":"2021-12-14T23:15:43.375Z"}
{"customer_id":"C01328","email":"aroddamox@fema.gov","profile":"{\"first_name\":\"Archambault\",\"last_name\":\"Roddam\",\"gender\":\"Male\",\"address\":{\"street\":\"8 Larry Parkway\",\"city\":\"Sasnovy Bor\",\"country\":\"Belarus\"}}","updated":"2021-12-14T23:15:43.375Z"}
{"customer_id":"C01329","email":"aroddick8y@mac.com","profile":"{\"first_name\":\"Agace\",\"last_name\":\"Roddick\",\"gender\":\"Female\",\"address\":{\"street\":\"73 7th Alley\",\"city\":\"Botevgrad\",\"country\":\"Bulgaria\"}}","updated":"2021-12-14T23:15:43.375Z"}
{"customer_id":"C01330","email":"crodiee5@ocn.ne.jp","profile":"{\"first_name\":\"Christel\",\"last_name\":\"Rodie\",\"gender\":\"Female\",\"address\":{\"street\":\"55 Fallview Place\",\"city\":\"Huancapallac\",\"country\":\"Peru\"}}","updated":"2021-12-14T23:15:43.375Z"}
{"customer_id":"C01331","email":"lrodman65@samsung.com","profile":"{\"first_name\":\"Lucy\",\"last_name\":\"Rodman\",\"gender\":\"Female\",\"address\":{\"street\":\"78 Kingsford Avenue\",\"city\":\"Pasirlaja\",\"country\":\"Indonesia\"}}","updated":"2021-12-14T23:15:43.375Z"}
{"customer_id":"C01332","email":"aroizn5y@aboutads.info","profile":"{\"first_name\":\"Artemas\",\"last_name\":\"Roizn\",\"gender\":\"Male\",\"address\":{\"street\":\"89325 Fisk Hill\",\"city\":\"Trzciana\",\"country\":\"Poland\"}}","updated":"2021-12-14T23:15:43.375Z"}
{"customer_id":"C01333","profile":"{\"first_name\":\"Julio\",\"last_name\":\"Rollitt\",\"gender\":\"Male\",\"address\":{\"street\":\"9269 Eastlawn Drive\",\"city\":\"Pindorama\",\"country\":\"Brazil\"}}","updated":"2021-12-14T23:15:43.375Z"}
{"customer_id":"C01334","profile":"{\"first_name\":\"Mignonne\",\"last_name\":\"Romagnosi\",\"gender\":\"Female\",\"address\":{\"street\":\"52 Graceland Way\",\"city\":\"Yashkul’\",\"country\":\"Russia\"}}","updated":"2021-12-14T23:15:43.375Z"}
{"customer_id":"C01335","email":"mromke4d@google.com.hk","profile":"{\"first_name\":\"Milli\",\"last_name\":\"Romke\",\"gender\":\"Female\",\"address\":{\"street\":\"0424 Morrow Park\",\"city\":\"Qixingtai\",\"country\":\"China\"}}","updated":"2021-12-14T23:15:43.375Z"}
{"customer_id":"C01336","email":"aroselliv@ow.ly","profile":"{\"first_name\":\"Anya\",\"last_name\":\"Rosell\",\"gender\":\"Female\",\"address\":{\"street\":\"095 Gateway Lane\",\"city\":\"Pisangkemeng\",\"country\":\"Indonesia\"}}","updated":"2021-12-14T23:15:43.375Z"}
{"customer_id":"C01337","profile":"{\"first_name\":\"Josselyn\",\"last_name\":\"Roseman\",\"gender\":\"Female\",\"address\":{\"street\":\"1291 Alpine Crossing\",\"city\":\"Baimajing\",\"country\":\"China\"}}","updated":"2021-12-14T23:15:43.375Z"}
{"customer_id":"C01338","email":"mrosenhaupt6d@nationalgeographic.com","profile":"{\"first_name\":\"Matilda\",\"last_name\":\"Rosenhaupt\",\"gender\":\"Female\",\"address\":{\"street\":\"7 Mandrake Way\",\"city\":\"Medenine\",\"country\":\"Tunisia\"}}","updated":"2021-12-14T23:15:43.375Z"}
{"customer_id":"C01339","email":"mrossander8p@sciencedaily.com","profile":"{\"first_name\":\"Marrilee\",\"last_name\":\"Rossander\",\"gender\":\"Polygender\",\"address\":{\"street\":\"8 North Pass\",\"city\":\"Lukou\",\"country\":\"China\"}}","updated":"2021-12-14T23:15:43.375Z"}
{"customer_id":"C01340","email":"erossandercx@si.edu","profile":"{\"first_name\":\"Evanne\",\"last_name\":\"Rossander\",\"gender\":\"Female\",\"address\":{\"street\":\"45 Ryan Trail\",\"city\":\"Brčko\",\"country\":\"Bosnia and Herzegovina\"}}","updated":"2021-12-14T23:15:43.375Z"}
{"customer_id":"C01341","email":"mrosternlv@bing.com","profile":"{\"first_name\":\"Mel\",\"last_name\":\"Rostern\",\"gender\":\"Male\",\"address\":{\"street\":\"8 Fairview Park\",\"city\":\"Shashi\",\"country\":\"China\"}}","updated":"2021-12-14T23:15:43.375Z"}
{"customer_id":"C01342","profile":"{\"first_name\":\"Rhys\",\"last_name\":\"Rotte\",\"gender\":\"Male\",\"address\":{\"street\":\"4990 Thompson Terrace\",\"city\":\"Calheta de Nesquim\",\"country\":\"Portugal\"}}","updated":"2021-12-14T23:15:43.375Z"}
{"customer_id":"C01343","profile":"{\"first_name\":\"Curt\",\"last_name\":\"Rowbrey\",\"gender\":\"Male\",\"address\":{\"street\":\"447 Muir Center\",\"city\":\"Macaé\",\"country\":\"Brazil\"}}","updated":"2021-12-14T23:15:43.375Z"}
{"customer_id":"C01344","email":"lrowlinsondw@yandex.ru","profile":"{\"first_name\":\"Lena\",\"last_name\":\"Rowlinson\",\"gender\":\"Female\",\"address\":{\"street\":\"2 Linden Center\",\"city\":\"Helsingborg\",\"country\":\"Sweden\"}}","updated":"2021-12-14T23:15:43.375Z"}
{"customer_id":"C01345","email":"browlstone44@cmu.edu","profile":"{\"first_name\":\"Beaufort\",\"last_name\":\"Rowlstone\",\"gender\":\"Male\",\"address\":{\"street\":\"0 Pleasure Point\",\"city\":\"Fulin\",\"country\":\"China\"}}","updated":"2021-12-14T23:15:43.375Z"}
{"customer_id":"C01346","email":"groyceni@google.de","profile":"{\"first_name\":\"Georgie\",\"last_name\":\"Royce\",\"gender\":\"Male\",\"address\":{\"street\":\"56 Springview Parkway\",\"city\":\"Salogon\",\"country\":\"Philippines\"}}","updated":"2021-12-14T23:15:43.375Z"}
{"customer_id":"C01347","profile":"{\"first_name\":\"Yancey\",\"last_name\":\"Rubinlicht\",\"gender\":\"Non-binary\",\"address\":{\"street\":\"4442 Knutson Lane\",\"city\":\"La Virtud\",\"country\":\"Honduras\"}}","updated":"2021-12-14T23:15:43.375Z"}
{"customer_id":"C01348","email":"crubrow6p@w3.org","profile":"{\"first_name\":\"Claudetta\",\"last_name\":\"Rubrow\",\"gender\":\"Agender\",\"address\":{\"street\":\"60421 Donald Court\",\"city\":\"Kunčina\",\"country\":\"Czech Republic\"}}","updated":"2021-12-14T23:15:43.375Z"}
{"customer_id":"C01349","email":"rruddick97@google.com.br","profile":"{\"first_name\":\"Rabi\",\"last_name\":\"Ruddick\",\"gender\":\"Male\",\"address\":{\"street\":\"84 Village Alley\",\"city\":\"Tsowkêy\",\"country\":\"Afghanistan\"}}","updated":"2021-12-14T23:15:43.375Z"}
{"customer_id":"C01350","email":"mruecastlegp@bing.com","profile":"{\"first_name\":\"Mel\",\"last_name\":\"Ruecastle\",\"gender\":\"Genderqueer\",\"address\":{\"street\":\"47 Autumn Leaf Plaza\",\"city\":\"Lokuuy\",\"country\":\"Indonesia\"}}","updated":"2021-12-14T23:15:43.375Z"}
{"customer_id":"C01351","email":"erunnicleseu@cbsnews.com","profile":"{\"first_name\":\"Edwina\",\"last_name\":\"Runnicles\",\"gender\":\"Female\",\"address\":{\"street\":\"89 2nd Point\",\"city\":\"La Cumbre\",\"country\":\"Colombia\"}}","updated":"2021-12-14T23:15:43.375Z"}
{"customer_id":"C01352","email":"jrush1z@chron.com","profile":"{\"first_name\":\"Jacquelin\",\"last_name\":\"Rush\",\"gender\":\"Female\",\"address\":{\"street\":\"9 Maple Wood Pass\",\"city\":\"Błaszki\",\"country\":\"Poland\"}}","updated":"2021-12-14T23:15:43.375Z"}
{"customer_id":"C01353","email":"uryamop@si.edu","profile":"{\"first_name\":\"Umberto\",\"last_name\":\"Ryam\",\"gender\":\"Male\",\"address\":{\"street\":\"37434 Glacier Hill Park\",\"city\":\"Shengmi\",\"country\":\"China\"}}","updated":"2021-12-14T23:15:43.375Z"}
{"customer_id":"C01354","email":"ysaffrinn2@pagesperso-orange.fr","profile":"{\"first_name\":\"Yehudi\",\"last_name\":\"Saffrin\",\"gender\":\"Male\",\"address\":{\"street\":\"4 Lighthouse Bay Avenue\",\"city\":\"Kabul\",\"country\":\"Afghanistan\"}}","updated":"2021-12-14T23:15:43.375Z"}
{"customer_id":"C01355","profile":"{\"first_name\":\"Tanny\",\"last_name\":\"Salisbury\",\"gender\":\"Male\",\"address\":{\"street\":\"298 Carberry Center\",\"city\":\"Petite Anse\",\"country\":\"Haiti\"}}","updated":"2021-12-14T23:15:43.375Z"}
{"customer_id":"C01356","email":"gsallierea7@elegantthemes.com","profile":"{\"first_name\":\"Gerri\",\"last_name\":\"Salliere\",\"gender\":\"Female\",\"address\":{\"street\":\"517 Straubel Crossing\",\"city\":\"Östersund\",\"country\":\"Sweden\"}}","updated":"2021-12-14T23:15:43.375Z"}
{"customer_id":"C01357","email":"gsalman82@dyndns.org","profile":"{\"first_name\":\"Giorgio\",\"last_name\":\"Salman\",\"gender\":\"Male\",\"address\":{\"street\":\"555 Westport Place\",\"city\":\"Madala\",\"country\":\"Nigeria\"}}","updated":"2021-12-14T23:15:43.375Z"}
{"customer_id":"C01358","email":"csamways8l@hhs.gov","profile":"{\"first_name\":\"Caz\",\"last_name\":\"Samways\",\"gender\":\"Male\",\"address\":{\"street\":\"8828 Sutteridge Center\",\"city\":\"Taibao\",\"country\":\"Taiwan\"}}","updated":"2021-12-14T23:15:43.375Z"}
{"customer_id":"C01359","profile":"{\"first_name\":\"Raina\",\"last_name\":\"Sandland\",\"gender\":\"Female\",\"address\":{\"street\":\"1193 Browning Center\",\"city\":\"Soest\",\"country\":\"Netherlands\"}}","updated":"2021-12-14T23:15:43.375Z"}
{"customer_id":"C01360","email":"ksandwichjo@theguardian.com","profile":"{\"first_name\":\"Kim\",\"last_name\":\"Sandwich\",\"gender\":\"Male\",\"address\":{\"street\":\"313 Raven Alley\",\"city\":\"Karlskoga\",\"country\":\"Sweden\"}}","updated":"2021-12-14T23:15:43.375Z"}
{"customer_id":"C01361","email":"jsangarjb@multiply.com","profile":"{\"first_name\":\"Jana\",\"last_name\":\"Sangar\",\"gender\":\"Female\",\"address\":{\"street\":\"6747 Sunfield Crossing\",\"city\":\"Sallins\",\"country\":\"Ireland\"}}","updated":"2021-12-14T23:15:43.375Z"}
{"customer_id":"C01362","profile":"{\"first_name\":\"Heloise\",\"last_name\":\"Sankey\",\"gender\":\"Female\",\"address\":{\"street\":\"6306 Londonderry Plaza\",\"city\":\"Changdai\",\"country\":\"China\"}}","updated":"2021-12-14T23:15:43.375Z"}
{"customer_id":"C01363","email":"csappelliu@go.com","profile":"{\"first_name\":\"Carmine\",\"last_name\":\"Sappell\",\"gender\":\"Male\",\"address\":{\"street\":\"975 Merry Drive\",\"city\":\"Faisalābād\",\"country\":\"Pakistan\"}}","updated":"2021-12-14T23:15:43.375Z"}
{"customer_id":"C01364","email":"ksargeant6x@eepurl.com","profile":"{\"first_name\":\"Kinnie\",\"last_name\":\"Sargeant\",\"gender\":\"Male\",\"address\":{\"street\":\"58918 Mandrake Center\",\"city\":\"Parajara\",\"country\":\"Indonesia\"}}","updated":"2021-12-14T23:15:43.375Z"}
{"customer_id":"C01365","email":"rsauvageg0@seesaa.net","profile":"{\"first_name\":\"Rozelle\",\"last_name\":\"Sauvage\",\"gender\":\"Female\",\"address\":{\"street\":\"6378 Hoepker Way\",\"city\":\"Montpellier\",\"country\":\"France\"}}","updated":"2021-12-14T23:15:43.375Z"}
{"customer_id":"C01366","profile":"{\"first_name\":\"Susann\",\"last_name\":\"Sawley\",\"gender\":\"Female\",\"address\":{\"street\":\"68122 Hanson Court\",\"city\":\"Puerto Padre\",\"country\":\"Cuba\"}}","updated":"2021-12-14T23:15:43.375Z"}
{"customer_id":"C01367","email":"vsaxelbybk@tuttocitta.it","profile":"{\"first_name\":\"Vasily\",\"last_name\":\"Saxelby\",\"gender\":\"Male\",\"address\":{\"street\":\"048 Oak Valley Plaza\",\"city\":\"Ang Thong\",\"country\":\"Thailand\"}}","updated":"2021-12-14T23:15:43.375Z"}
{"customer_id":"C01368","email":"ascheffleraf@sciencedaily.com","profile":"{\"first_name\":\"Annora\",\"last_name\":\"Scheffler\",\"gender\":\"Female\",\"address\":{\"street\":\"766 Longview Court\",\"city\":\"Usman’\",\"country\":\"Russia\"}}","updated":"2021-12-14T23:15:43.375Z"}
{"customer_id":"C01369","profile":"{\"first_name\":\"Aurthur\",\"last_name\":\"Schlagman\",\"gender\":\"Male\",\"address\":{\"street\":\"96876 Hintze Crossing\",\"city\":\"Babana\",\"country\":\"Nigeria\"}}","updated":"2021-12-14T23:15:43.375Z"}
{"customer_id":"C01370","email":"wschusterlfo@plala.or.jp","profile":"{\"first_name\":\"Winfred\",\"last_name\":\"Schusterl\",\"gender\":\"Male\",\"address\":{\"street\":\"00745 Mayer Avenue\",\"city\":\"Fort Beaufort\",\"country\":\"South Africa\"}}","updated":"2021-12-14T23:15:43.375Z"}
{"customer_id":"C01371","profile":"{\"first_name\":\"Jacquette\",\"last_name\":\"Schutter\",\"gender\":\"Female\",\"address\":{\"street\":\"1219 Stephen Alley\",\"city\":\"Hule\",\"country\":\"China\"}}","updated":"2021-12-14T23:15:43.375Z"}
{"customer_id":"C01372","email":"bscorah3d@paypal.com","profile":"{\"first_name\":\"Bar\",\"last_name\":\"Scorah\",\"gender\":\"Male\",\"address\":{\"street\":\"68 Thierer Road\",\"city\":\"Kafr Miṣr\",\"country\":\"Israel\"}}","updated":"2021-12-14T23:15:43.375Z"}
{"customer_id":"C01373","email":"oscorah57@twitpic.com","profile":"{\"first_name\":\"Oby\",\"last_name\":\"Scorah\",\"gender\":\"Bigender\",\"address\":{\"street\":\"54 Emmet Way\",\"city\":\"Jingdu\",\"country\":\"China\"}}","updated":"2021-12-14T23:15:43.375Z"}
{"customer_id":"C01374","email":"jscotney7q@mozilla.com","profile":"{\"first_name\":\"Juliette\",\"last_name\":\"Scotney\",\"gender\":\"Female\",\"address\":{\"street\":\"4320 Rieder Park\",\"city\":\"Chesapeake\",\"country\":\"United States\"}}","updated":"2021-12-14T23:15:43.375Z"}
{"customer_id":"C01375","email":"nscraneyi8@jigsy.com","profile":"{\"first_name\":\"Nathanil\",\"last_name\":\"Scraney\",\"gender\":\"Male\",\"address\":{\"street\":\"30003 Michigan Parkway\",\"city\":\"Qaryat al Qābil\",\"country\":\"Yemen\"}}","updated":"2021-12-14T23:15:43.375Z"}
{"customer_id":"C01376","email":"bscranny69@t.co","profile":"{\"first_name\":\"Bobbi\",\"last_name\":\"Scranny\",\"gender\":\"Female\",\"address\":{\"street\":\"9 Bobwhite Road\",\"city\":\"Xinning\",\"country\":\"China\"}}","updated":"2021-12-14T23:15:43.375Z"}
{"customer_id":"C01377","profile":"{\"first_name\":\"Rafael\",\"last_name\":\"Scrimshaw\",\"gender\":\"Male\",\"address\":{\"street\":\"5 Linden Center\",\"city\":\"Jarash\",\"country\":\"Jordan\"}}","updated":"2021-12-14T23:15:43.375Z"}
{"customer_id":"C01378","profile":"{\"first_name\":\"Chiquia\",\"last_name\":\"Scriven\",\"gender\":\"Female\",\"address\":{\"street\":\"7 Menomonie Pass\",\"city\":\"Fier-Çifçi\",\"country\":\"Albania\"}}","updated":"2021-12-14T23:15:43.375Z"}
{"customer_id":"C01379","email":"rscrynega@plala.or.jp","profile":"{\"first_name\":\"Romonda\",\"last_name\":\"Scryne\",\"gender\":\"Female\",\"address\":{\"street\":\"715 Talmadge Parkway\",\"city\":\"Novotitarovskaya\",\"country\":\"Russia\"}}","updated":"2021-12-14T23:15:43.375Z"}
{"customer_id":"C01380","profile":"{\"first_name\":\"Adams\",\"last_name\":\"Scyner\",\"gender\":\"Male\",\"address\":{\"street\":\"8 Redwing Crossing\",\"city\":\"Suai\",\"country\":\"East Timor\"}}","updated":"2021-12-14T23:15:43.375Z"}
{"customer_id":"C01381","email":"ksearsbyp3@pinterest.com","profile":"{\"first_name\":\"Kalle\",\"last_name\":\"Searsby\",\"gender\":\"Male\",\"address\":{\"street\":\"9152 Duke Road\",\"city\":\"Roshal’\",\"country\":\"Russia\"}}","updated":"2021-12-14T23:15:43.375Z"}
{"customer_id":"C01382","profile":"{\"first_name\":\"Case\",\"last_name\":\"Sedwick\",\"gender\":\"Genderfluid\",\"address\":{\"street\":\"70 Bartillon Lane\",\"city\":\"Złota\",\"country\":\"Poland\"}}","updated":"2021-12-14T23:15:43.375Z"}
{"customer_id":"C01383","email":"gseegarim@adobe.com","profile":"{\"first_name\":\"Gladi\",\"last_name\":\"Seegar\",\"gender\":\"Female\",\"address\":{\"street\":\"1977 Manufacturers Drive\",\"city\":\"Namioka\",\"country\":\"Japan\"}}","updated":"2021-12-14T23:15:43.375Z"}
{"customer_id":"C01384","email":"gseggecc@apache.org","profile":"{\"first_name\":\"Gunar\",\"last_name\":\"Segge\",\"gender\":\"Male\",\"address\":{\"street\":\"08 Buhler Drive\",\"city\":\"Nantes\",\"country\":\"France\"}}","updated":"2021-12-14T23:15:43.375Z"}
{"customer_id":"C01385","profile":"{\"first_name\":\"Theodora\",\"last_name\":\"Sekulla\",\"gender\":\"Female\",\"address\":{\"street\":\"5348 Coolidge Lane\",\"city\":\"Xibu\",\"country\":\"China\"}}","updated":"2021-12-14T23:15:43.375Z"}
{"customer_id":"C01386","profile":"{\"first_name\":\"Elva\",\"last_name\":\"Sell\",\"gender\":\"Female\",\"address\":{\"street\":\"1 Holmberg Park\",\"city\":\"Weixin\",\"country\":\"China\"}}","updated":"2021-12-14T23:15:43.375Z"}
{"customer_id":"C01387","email":"jsetteringtone8@alibaba.com","profile":"{\"first_name\":\"Josias\",\"last_name\":\"Setterington\",\"gender\":\"Male\",\"address\":{\"street\":\"5 Clove Trail\",\"city\":\"Scarborough\",\"country\":\"Trinidad and Tobago\"}}","updated":"2021-12-14T23:15:43.375Z"}
{"customer_id":"C01388","email":"cseviour9r@pinterest.com","profile":"{\"first_name\":\"Chauncey\",\"last_name\":\"Seviour\",\"gender\":\"Male\",\"address\":{\"street\":\"04780 Annamark Hill\",\"city\":\"Tinaco\",\"country\":\"Venezuela\"}}","updated":"2021-12-14T23:15:43.375Z"}
{"customer_id":"C01389","profile":"{\"first_name\":\"Kora\",\"last_name\":\"Sevitt\",\"gender\":\"Female\",\"address\":{\"street\":\"5093 Barnett Alley\",\"city\":\"Shuangkou\",\"country\":\"China\"}}","updated":"2021-12-14T23:15:43.375Z"}
{"customer_id":"C01390","email":"ssewall33@latimes.com","profile":"{\"first_name\":\"Starla\",\"last_name\":\"Sewall\",\"gender\":\"Female\",\"address\":{\"street\":\"414 Upham Street\",\"city\":\"Outokumpu\",\"country\":\"Finland\"}}","updated":"2021-12-14T23:15:43.375Z"}
{"customer_id":"C01391","email":"bshailerrg@craigslist.org","profile":"{\"first_name\":\"Burtie\",\"last_name\":\"Shailer\",\"gender\":\"Male\",\"address\":{\"street\":\"093 Corry Drive\",\"city\":\"Piripiri\",\"country\":\"Brazil\"}}","updated":"2021-12-14T23:15:43.375Z"}
{"customer_id":"C01392","profile":"{\"first_name\":\"Brant\",\"last_name\":\"Shane\",\"gender\":\"Male\",\"address\":{\"street\":\"62076 Melrose Pass\",\"city\":\"Zephyrhills\",\"country\":\"United States\"}}","updated":"2021-12-14T23:15:43.375Z"}
{"customer_id":"C01393","profile":"{\"first_name\":\"Sly\",\"last_name\":\"Shapero\",\"gender\":\"Male\",\"address\":{\"street\":\"71 Kim Center\",\"city\":\"Stepanovićevo\",\"country\":\"Serbia\"}}","updated":"2021-12-14T23:15:43.375Z"}
{"customer_id":"C01394","profile":"{\"first_name\":\"Elsey\",\"last_name\":\"Shapiro\",\"gender\":\"Female\",\"address\":{\"street\":\"8 Barby Road\",\"city\":\"Coalaque\",\"country\":\"Peru\"}}","updated":"2021-12-14T23:15:43.375Z"}
{"customer_id":"C01395","email":"tsharper2a@opera.com","profile":"{\"first_name\":\"Talbot\",\"last_name\":\"Sharper\",\"gender\":\"Male\",\"address\":{\"street\":\"0 Hooker Crossing\",\"city\":\"Arari\",\"country\":\"Brazil\"}}","updated":"2021-12-14T23:15:43.375Z"}
{"customer_id":"C01396","email":"esharplingql@dyndns.org","profile":"{\"first_name\":\"Eduino\",\"last_name\":\"Sharpling\",\"gender\":\"Male\",\"address\":{\"street\":\"358 Meadow Valley Terrace\",\"city\":\"Idfu\",\"country\":\"Egypt\"}}","updated":"2021-12-14T23:15:43.375Z"}
{"customer_id":"C01397","email":"dsharplyb0@webeden.co.uk","profile":"{\"first_name\":\"Dora\",\"last_name\":\"Sharply\",\"gender\":\"Female\",\"address\":{\"street\":\"829 Jay Terrace\",\"city\":\"Glafirovka\",\"country\":\"Russia\"}}","updated":"2021-12-14T23:15:43.375Z"}
{"customer_id":"C01398","profile":"{\"first_name\":\"Burton\",\"last_name\":\"Shatliffe\",\"gender\":\"Agender\",\"address\":{\"street\":\"4 Stone Corner Pass\",\"city\":\"Västerås\",\"country\":\"Sweden\"}}","updated":"2021-12-14T23:15:43.375Z"}
{"customer_id":"C01399","email":"cshaxbykf@youku.com","profile":"{\"first_name\":\"Clarice\",\"last_name\":\"Shaxby\",\"gender\":\"Female\",\"address\":{\"street\":\"81 Stoughton Avenue\",\"city\":\"Paniqui\",\"country\":\"Philippines\"}}","updated":"2021-12-14T23:15:43.375Z"}
{"customer_id":"C01400","email":"asheenhw@angelfire.com","profile":"{\"first_name\":\"Audrye\",\"last_name\":\"Sheen\",\"gender\":\"Female\",\"address\":{\"street\":\"178 Mayfield Parkway\",\"city\":\"Port-à-Piment\",\"country\":\"Haiti\"}}","updated":"2021-12-14T23:15:43.375Z"}
{"customer_id":"C01401","email":"zsheepyay@networksolutions.com","profile":"{\"first_name\":\"Zared\",\"last_name\":\"Sheepy\",\"gender\":\"Male\",\"address\":{\"street\":\"8 Ilene Place\",\"city\":\"Xianyi\",\"country\":\"China\"}}","updated":"2021-12-14T23:15:43.375Z"}
{"customer_id":"C01402","profile":"{\"first_name\":\"Dudley\",\"last_name\":\"Shenfisch\",\"gender\":\"Male\",\"address\":{\"street\":\"5 Orin Lane\",\"city\":\"Luhanka\",\"country\":\"Finland\"}}","updated":"2021-12-14T23:15:43.375Z"}
{"customer_id":"C01403","profile":"{\"first_name\":\"Ardine\",\"last_name\":\"Shenton\",\"gender\":\"Female\",\"address\":{\"street\":\"87 Bluejay Circle\",\"city\":\"Malinta\",\"country\":\"Philippines\"}}","updated":"2021-12-14T23:15:43.375Z"}
{"customer_id":"C01404","email":"bsherbrookm5@sitemeter.com","profile":"{\"first_name\":\"Boyce\",\"last_name\":\"Sherbrook\",\"gender\":\"Male\",\"address\":{\"street\":\"7080 Mitchell Crossing\",\"city\":\"Deán Funes\",\"country\":\"Argentina\"}}","updated":"2021-12-14T23:15:43.375Z"}
{"customer_id":"C01405","profile":"{\"first_name\":\"Keslie\",\"last_name\":\"Shermar\",\"gender\":\"Female\",\"address\":{\"street\":\"7 Union Hill\",\"city\":\"Milwaukee\",\"country\":\"United States\"}}","updated":"2021-12-14T23:15:43.375Z"}
{"customer_id":"C01406","profile":"{\"first_name\":\"Darda\",\"last_name\":\"Shingfield\",\"gender\":\"Female\",\"address\":{\"street\":\"958 Waywood Street\",\"city\":\"Miracema\",\"country\":\"Brazil\"}}","updated":"2021-12-14T23:15:43.375Z"}
{"customer_id":"C01407","email":"lshiplm@chicagotribune.com","profile":"{\"first_name\":\"Laurens\",\"last_name\":\"Ship\",\"gender\":\"Non-binary\",\"address\":{\"street\":\"62489 Arizona Court\",\"city\":\"Mahates\",\"country\":\"Colombia\"}}","updated":"2021-12-14T23:15:43.375Z"}
{"customer_id":"C01408","email":"jshipston5w@usda.gov","profile":"{\"first_name\":\"Jerrie\",\"last_name\":\"Shipston\",\"gender\":\"Female\",\"address\":{\"street\":\"24296 Mockingbird Parkway\",\"city\":\"Patzicía\",\"country\":\"Guatemala\"}}","updated":"2021-12-14T23:15:43.375Z"}
{"customer_id":"C01409","profile":"{\"first_name\":\"Claudia\",\"last_name\":\"Shoobridge\",\"gender\":\"Bigender\",\"address\":{\"street\":\"63335 Ridge Oak Crossing\",\"city\":\"Minakuchi\",\"country\":\"Japan\"}}","updated":"2021-12-14T23:15:43.375Z"}
{"customer_id":"C01410","profile":"{\"first_name\":\"Marylinda\",\"last_name\":\"Shoreson\",\"gender\":\"Female\",\"address\":{\"street\":\"912 Fremont Trail\",\"city\":\"Wan’an\",\"country\":\"China\"}}","updated":"2021-12-14T23:15:43.375Z"}
{"customer_id":"C01411","email":"fshortin85@github.com","profile":"{\"first_name\":\"Frederik\",\"last_name\":\"Shortin\",\"gender\":\"Male\",\"address\":{\"street\":\"84 Anzinger Road\",\"city\":\"Cipunglu\",\"country\":\"Indonesia\"}}","updated":"2021-12-14T23:15:43.375Z"}
{"customer_id":"C01412","profile":"{\"first_name\":\"Jeffy\",\"last_name\":\"Shortin\",\"gender\":\"Genderqueer\",\"address\":{\"street\":\"9818 Glendale Parkway\",\"city\":\"Yan Nawa\",\"country\":\"Thailand\"}}","updated":"2021-12-14T23:15:43.375Z"}
{"customer_id":"C01413","email":"ashotboultf2@bloomberg.com","profile":"{\"first_name\":\"Adelaide\",\"last_name\":\"Shotboult\",\"gender\":\"Female\",\"address\":{\"street\":\"15 Banding Plaza\",\"city\":\"Perm\",\"country\":\"Russia\"}}","updated":"2021-12-14T23:15:43.375Z"}
{"customer_id":"C01414","email":"bshubothamb2@cam.ac.uk","profile":"{\"first_name\":\"Bernice\",\"last_name\":\"Shubotham\",\"gender\":\"Female\",\"address\":{\"street\":\"5 Schmedeman Trail\",\"city\":\"Notsé\",\"country\":\"Togo\"}}","updated":"2021-12-14T23:15:43.375Z"}
{"customer_id":"C01415","profile":"{\"first_name\":\"Robbie\",\"last_name\":\"Shurville\",\"gender\":\"Male\",\"address\":{\"street\":\"2488 Forster Parkway\",\"city\":\"Mekarjaya\",\"country\":\"Indonesia\"}}","updated":"2021-12-14T23:15:43.375Z"}
{"customer_id":"C01416","email":"lshuxsmithgx@wix.com","profile":"{\"first_name\":\"Lynn\",\"last_name\":\"Shuxsmith\",\"gender\":\"Male\",\"address\":{\"street\":\"88925 Warbler Circle\",\"city\":\"Juripiranga\",\"country\":\"Brazil\"}}","updated":"2021-12-14T23:15:43.375Z"}
{"customer_id":"C01417","profile":"{\"first_name\":\"Kaitlynn\",\"last_name\":\"Sibbs\",\"gender\":\"Female\",\"address\":{\"street\":\"35 Lakewood Center\",\"city\":\"Alkmaar\",\"country\":\"Netherlands\"}}","updated":"2021-12-14T23:15:43.375Z"}
{"customer_id":"C01418","email":"tsichardt2@slashdot.org","profile":"{\"first_name\":\"Timothea\",\"last_name\":\"Sichardt\",\"gender\":\"Agender\",\"address\":{\"street\":\"08 Dapin Court\",\"city\":\"Mhlume\",\"country\":\"Swaziland\"}}","updated":"2021-12-14T23:15:43.375Z"}
{"customer_id":"C01419","email":"tsiddell4j@about.com","profile":"{\"first_name\":\"Tomasine\",\"last_name\":\"Siddell\",\"gender\":\"Female\",\"address\":{\"street\":\"50436 Orin Alley\",\"city\":\"Bolgar\",\"country\":\"Russia\"}}","updated":"2021-12-14T23:15:43.375Z"}
{"customer_id":"C01420","email":"lsidonjw@delicious.com","profile":"{\"first_name\":\"Lionello\",\"last_name\":\"Sidon\",\"gender\":\"Male\",\"address\":{\"street\":\"945 Everett Junction\",\"city\":\"Bato\",\"country\":\"Philippines\"}}","updated":"2021-12-14T23:15:43.375Z"}
{"customer_id":"C01421","email":"lsiebertm9@mtv.com","profile":"{\"first_name\":\"Loraine\",\"last_name\":\"Siebert\",\"gender\":\"Female\",\"address\":{\"street\":\"97 Walton Alley\",\"city\":\"Karangparwa\",\"country\":\"Indonesia\"}}","updated":"2021-12-14T23:15:43.375Z"}
{"customer_id":"C01422","email":"wsiggdy@yellowbook.com","profile":"{\"first_name\":\"Wandie\",\"last_name\":\"Sigg\",\"gender\":\"Female\",\"address\":{\"street\":\"57869 Veith Court\",\"city\":\"‘Afak\",\"country\":\"Iraq\"}}","updated":"2021-12-14T23:15:43.375Z"}
{"customer_id":"C01423","email":"csignpu@discovery.com","profile":"{\"first_name\":\"Charles\",\"last_name\":\"Sign\",\"gender\":\"Male\",\"address\":{\"street\":\"6 Bultman Park\",\"city\":\"Sangtian\",\"country\":\"China\"}}","updated":"2021-12-14T23:15:43.375Z"}
{"customer_id":"C01424","email":"esilwoodeo@intel.com","profile":"{\"first_name\":\"Emmalynne\",\"last_name\":\"Silwood\",\"gender\":\"Female\",\"address\":{\"street\":\"8413 Oakridge Parkway\",\"city\":\"Aserrí\",\"country\":\"Costa Rica\"}}","updated":"2021-12-14T23:15:43.375Z"}
{"customer_id":"C01425","email":"msimesq4@addtoany.com","profile":"{\"first_name\":\"Marlow\",\"last_name\":\"Simes\",\"gender\":\"Male\",\"address\":{\"street\":\"806 Derek Center\",\"city\":\"Dongxing\",\"country\":\"China\"}}","updated":"2021-12-14T23:15:43.375Z"}
{"customer_id":"C01426","email":"bsimoncello8p@scientificamerican.com","profile":"{\"first_name\":\"Brewer\",\"last_name\":\"Simoncello\",\"gender\":\"Male\",\"address\":{\"street\":\"999 Larry Trail\",\"city\":\"Cabean\",\"country\":\"Indonesia\"}}","updated":"2021-12-14T23:15:43.375Z"}
{"customer_id":"C01427","email":"gsimonetti5e@exblog.jp","profile":"{\"first_name\":\"Gilly\",\"last_name\":\"Simonetti\",\"gender\":\"Female\",\"address\":{\"street\":\"57 Loeprich Parkway\",\"city\":\"Yermolino\",\"country\":\"Russia\"}}","updated":"2021-12-14T23:15:43.375Z"}
{"customer_id":"C01428","email":"dsimonian8q@apple.com","profile":"{\"first_name\":\"Dory\",\"last_name\":\"Simonian\",\"gender\":\"Male\",\"address\":{\"street\":\"13 Maryland Court\",\"city\":\"Estrada\",\"country\":\"Portugal\"}}","updated":"2021-12-14T23:15:43.375Z"}
{"customer_id":"C01429","email":"xsimper4p@cdbaby.com","profile":"{\"first_name\":\"Xaviera\",\"last_name\":\"Simper\",\"gender\":\"Female\",\"address\":{\"street\":\"60 Hermina Junction\",\"city\":\"Tarub\",\"country\":\"Indonesia\"}}","updated":"2021-12-14T23:15:43.375Z"}
{"customer_id":"C01430","profile":"{\"first_name\":\"Dorri\",\"last_name\":\"Sinclar\",\"gender\":\"Female\",\"address\":{\"street\":\"98272 American Ash Park\",\"city\":\"Daugavgrīva\",\"country\":\"Latvia\"}}","updated":"2021-12-14T23:15:43.375Z"}
{"customer_id":"C01431","email":"csinnettjf@hexun.com","profile":"{\"first_name\":\"Claiborn\",\"last_name\":\"Sinnett\",\"gender\":\"Male\",\"address\":{\"street\":\"59616 Manufacturers Hill\",\"city\":\"Nelspruit\",\"country\":\"South Africa\"}}","updated":"2021-12-14T23:15:43.375Z"}
{"customer_id":"C01432","email":"dsivil9d@i2i.jp","profile":"{\"first_name\":\"Devlin\",\"last_name\":\"Sivil\",\"gender\":\"Male\",\"address\":{\"street\":\"4 Sugar Junction\",\"city\":\"Brangsi\",\"country\":\"Indonesia\"}}","updated":"2021-12-14T23:15:43.375Z"}
{"customer_id":"C01433","email":"rsjostrom9o@i2i.jp","profile":"{\"first_name\":\"Rubie\",\"last_name\":\"Sjostrom\",\"gender\":\"Non-binary\",\"address\":{\"street\":\"0643 Transport Hill\",\"city\":\"Asaka\",\"country\":\"Japan\"}}","updated":"2021-12-14T23:15:43.375Z"}
{"customer_id":"C01434","profile":"{\"first_name\":\"Gwennie\",\"last_name\":\"Sked\",\"gender\":\"Female\",\"address\":{\"street\":\"5 Norway Maple Court\",\"city\":\"Vitória\",\"country\":\"Brazil\"}}","updated":"2021-12-14T23:15:43.375Z"}
{"customer_id":"C01435","profile":"{\"first_name\":\"Any\",\"last_name\":\"Skeemer\",\"gender\":\"Male\",\"address\":{\"street\":\"8208 Havey Avenue\",\"city\":\"São Bento\",\"country\":\"Brazil\"}}","updated":"2021-12-14T23:15:43.375Z"}
{"customer_id":"C01436","email":"jskermekm@economist.com","profile":"{\"first_name\":\"Jaimie\",\"last_name\":\"Skerme\",\"gender\":\"Male\",\"address\":{\"street\":\"6921 Mccormick Hill\",\"city\":\"Adigeni\",\"country\":\"Georgia\"}}","updated":"2021-12-14T23:15:43.375Z"}
{"customer_id":"C01437","email":"vskillen89@webs.com","profile":"{\"first_name\":\"Vivie\",\"last_name\":\"Skillen\",\"gender\":\"Female\",\"address\":{\"street\":\"7659 Emmet Road\",\"city\":\"Hannover\",\"country\":\"Germany\"}}","updated":"2021-12-14T23:15:43.375Z"}
{"customer_id":"C01438","email":"lsladerdu@hugedomains.com","profile":"{\"first_name\":\"Loreen\",\"last_name\":\"Slader\",\"gender\":\"Female\",\"address\":{\"street\":\"19962 Morrow Alley\",\"city\":\"Remas\",\"country\":\"Albania\"}}","updated":"2021-12-14T23:15:43.375Z"}
{"customer_id":"C01439","email":"mslayep@arstechnica.com","profile":"{\"first_name\":\"Merci\",\"last_name\":\"Slay\",\"gender\":\"Female\",\"address\":{\"street\":\"57 Manley Park\",\"city\":\"Choujiang\",\"country\":\"China\"}}","updated":"2021-12-14T23:15:43.375Z"}
{"customer_id":"C01440","email":"rslogrove3m@pcworld.com","profile":"{\"first_name\":\"Renault\",\"last_name\":\"Slogrove\",\"gender\":\"Male\",\"address\":{\"street\":\"9430 Glendale Circle\",\"city\":\"Rajhrad\",\"country\":\"Czech Republic\"}}","updated":"2021-12-14T23:15:43.375Z"}
{"customer_id":"C01441","profile":"{\"first_name\":\"Simon\",\"last_name\":\"Slorance\",\"gender\":\"Male\",\"address\":{\"street\":\"60712 Brickson Park Avenue\",\"city\":\"Nansan\",\"country\":\"China\"}}","updated":"2021-12-14T23:15:43.375Z"}
{"customer_id":"C01442","email":"dslowgrove6j@psu.edu","profile":"{\"first_name\":\"Daryle\",\"last_name\":\"Slowgrove\",\"gender\":\"Male\",\"address\":{\"street\":\"53 Golden Leaf Parkway\",\"city\":\"São José de Ribamar\",\"country\":\"Brazil\"}}","updated":"2021-12-14T23:15:43.375Z"}
{"customer_id":"C01443","email":"aslynefd@amazonaws.com","profile":"{\"first_name\":\"Alaster\",\"last_name\":\"Slyne\",\"gender\":\"Male\",\"address\":{\"street\":\"351 Thompson Junction\",\"city\":\"Athabasca\",\"country\":\"Canada\"}}","updated":"2021-12-14T23:15:43.375Z"}
{"customer_id":"C01444","email":"asmidmoreng@feedburner.com","profile":"{\"first_name\":\"Ag\",\"last_name\":\"Smidmore\",\"gender\":\"Female\",\"address\":{\"street\":\"64 Pawling Junction\",\"city\":\"Yunmenling\",\"country\":\"China\"}}","updated":"2021-12-14T23:15:43.375Z"}
{"customer_id":"C01445","email":"rsmoughtonee@unblog.fr","profile":"{\"first_name\":\"Ramsey\",\"last_name\":\"Smoughton\",\"gender\":\"Male\",\"address\":{\"street\":\"95976 Eagan Alley\",\"city\":\"Hepu\",\"country\":\"China\"}}","updated":"2021-12-14T23:15:43.375Z"}
{"customer_id":"C01446","profile":"{\"first_name\":\"Peggi\",\"last_name\":\"Smyth\",\"gender\":\"Female\",\"address\":{\"street\":\"2 Pennsylvania Pass\",\"city\":\"Sendang\",\"country\":\"Indonesia\"}}","updated":"2021-12-14T23:15:43.375Z"}
{"customer_id":"C01447","email":"rsnape7x@joomla.org","profile":"{\"first_name\":\"Rolph\",\"last_name\":\"Snape\",\"gender\":\"Male\",\"address\":{\"street\":\"15195 Clarendon Point\",\"city\":\"Riofrío\",\"country\":\"Colombia\"}}","updated":"2021-12-14T23:15:43.375Z"}
{"customer_id":"C01448","email":"rsnoxallml@so-net.ne.jp","profile":"{\"first_name\":\"Roanna\",\"last_name\":\"Snoxall\",\"gender\":\"Female\",\"address\":{\"street\":\"5 Village Drive\",\"city\":\"Boa Esperança\",\"country\":\"Brazil\"}}","updated":"2021-12-14T23:15:43.375Z"}
{"customer_id":"C01449","email":"dsobtka6m@jiathis.com","profile":"{\"first_name\":\"Del\",\"last_name\":\"Sobtka\",\"gender\":\"Male\",\"address\":{\"street\":\"68629 Carey Crossing\",\"city\":\"Nyköping\",\"country\":\"Sweden\"}}","updated":"2021-12-14T23:15:43.375Z"}
{"customer_id":"C01450","email":"rsobtkaiq@shareasale.com","profile":"{\"first_name\":\"Rickie\",\"last_name\":\"Sobtka\",\"gender\":\"Male\",\"address\":{\"street\":\"8 American Avenue\",\"city\":\"Bergen\",\"country\":\"Norway\"}}","updated":"2021-12-14T23:15:43.375Z"}
{"customer_id":"C01451","email":"cson5s@geocities.com","profile":"{\"first_name\":\"Crissy\",\"last_name\":\"Son\",\"gender\":\"Female\",\"address\":{\"street\":\"279 Mcbride Park\",\"city\":\"Wanmingang\",\"country\":\"China\"}}","updated":"2021-12-14T23:15:43.375Z"}
{"customer_id":"C01452","profile":"{\"first_name\":\"Billy\",\"last_name\":\"Sooper\",\"gender\":\"Male\",\"address\":{\"street\":\"138 Talmadge Plaza\",\"city\":\"Kamyshevatskaya\",\"country\":\"Russia\"}}","updated":"2021-12-14T23:15:43.375Z"}
{"customer_id":"C01453","email":"ksouthernwoodca@mozilla.org","profile":"{\"first_name\":\"Keri\",\"last_name\":\"Southernwood\",\"gender\":\"Polygender\",\"address\":{\"street\":\"43 Westend Lane\",\"city\":\"Ketanggi\",\"country\":\"Indonesia\"}}","updated":"2021-12-14T23:15:43.375Z"}
{"customer_id":"C01454","email":"csowrahou@surveymonkey.com","profile":"{\"first_name\":\"Clare\",\"last_name\":\"Sowrah\",\"gender\":\"Female\",\"address\":{\"street\":\"2480 Mallard Avenue\",\"city\":\"Pineleng\",\"country\":\"Indonesia\"}}","updated":"2021-12-14T23:15:43.375Z"}
{"customer_id":"C01455","email":"sspehr8a@youtu.be","profile":"{\"first_name\":\"Shirlene\",\"last_name\":\"Spehr\",\"gender\":\"Female\",\"address\":{\"street\":\"7628 Hansons Avenue\",\"city\":\"Bujumbura\",\"country\":\"Burundi\"}}","updated":"2021-12-14T23:15:43.375Z"}
{"customer_id":"C01456","profile":"{\"first_name\":\"Elicia\",\"last_name\":\"Spence\",\"gender\":\"Female\",\"address\":{\"street\":\"02 South Plaza\",\"city\":\"Venezia\",\"country\":\"Italy\"}}","updated":"2021-12-14T23:15:43.375Z"}
{"customer_id":"C01457","profile":"{\"first_name\":\"Nomi\",\"last_name\":\"Spenceley\",\"gender\":\"Female\",\"address\":{\"street\":\"13961 Bunting Trail\",\"city\":\"Cibenda\",\"country\":\"Indonesia\"}}","updated":"2021-12-14T23:15:43.375Z"}
{"customer_id":"C01458","email":"gspilsted32@si.edu","profile":"{\"first_name\":\"Giffie\",\"last_name\":\"Spilsted\",\"gender\":\"Male\",\"address\":{\"street\":\"145 Tennyson Trail\",\"city\":\"Pavlodar\",\"country\":\"Kazakhstan\"}}","updated":"2021-12-14T23:15:43.375Z"}
{"customer_id":"C01459","profile":"{\"first_name\":\"Lauretta\",\"last_name\":\"Spir\",\"gender\":\"Female\",\"address\":{\"street\":\"018 Melvin Plaza\",\"city\":\"Cachoeira\",\"country\":\"Brazil\"}}","updated":"2021-12-14T23:15:43.375Z"}
{"customer_id":"C01460","email":"cspoffordjn@japanpost.jp","profile":"{\"first_name\":\"Crin\",\"last_name\":\"Spofford\",\"gender\":\"Female\",\"address\":{\"street\":\"1 Macpherson Circle\",\"city\":\"Nantes\",\"country\":\"France\"}}","updated":"2021-12-14T23:15:43.375Z"}
{"customer_id":"C01461","email":"yspreadburyid@netlog.com","profile":"{\"first_name\":\"Yelena\",\"last_name\":\"Spreadbury\",\"gender\":\"Female\",\"address\":{\"street\":\"6 Derek Terrace\",\"city\":\"Bradenton\",\"country\":\"United States\"}}","updated":"2021-12-14T23:15:43.375Z"}
{"customer_id":"C01462","email":"lsprowleer@google.it","profile":"{\"first_name\":\"Laurena\",\"last_name\":\"Sprowle\",\"gender\":\"Female\",\"address\":{\"street\":\"0 Maple Wood Plaza\",\"city\":\"Cabo Frio\",\"country\":\"Brazil\"}}","updated":"2021-12-14T23:15:43.375Z"}
{"customer_id":"C01463","email":"lspurdena6@yelp.com","profile":"{\"first_name\":\"Lynnea\",\"last_name\":\"Spurden\",\"gender\":\"Female\",\"address\":{\"street\":\"05 Chinook Junction\",\"city\":\"Słupno\",\"country\":\"Poland\"}}","updated":"2021-12-14T23:15:43.375Z"}
{"customer_id":"C01464","email":"asquier43@opensource.org","profile":"{\"first_name\":\"Amery\",\"last_name\":\"Squier\",\"gender\":\"Male\",\"address\":{\"street\":\"42191 Dawn Street\",\"city\":\"Ugra\",\"country\":\"Russia\"}}","updated":"2021-12-14T23:15:43.375Z"}
{"customer_id":"C01465","profile":"{\"first_name\":\"Eugenius\",\"last_name\":\"Squier\",\"gender\":\"Male\",\"address\":{\"street\":\"26 Knutson Center\",\"city\":\"Huangwan\",\"country\":\"China\"}}","updated":"2021-12-14T23:15:43.375Z"}
{"customer_id":"C01466","email":"zstlegeral@salon.com","profile":"{\"first_name\":\"Zuzana\",\"last_name\":\"St. Leger\",\"gender\":\"Female\",\"address\":{\"street\":\"92579 Grasskamp Junction\",\"city\":\"Visby\",\"country\":\"Sweden\"}}","updated":"2021-12-14T23:15:43.375Z"}
{"customer_id":"C01467","profile":"{\"first_name\":\"Abelard\",\"last_name\":\"St. Leger\",\"gender\":\"Male\",\"address\":{\"street\":\"63509 Jay Place\",\"city\":\"Ducheng\",\"country\":\"China\"}}","updated":"2021-12-14T23:15:43.375Z"}
{"customer_id":"C01468","email":"bstachinim3@yellowpages.com","profile":"{\"first_name\":\"Bernarr\",\"last_name\":\"Stachini\",\"gender\":\"Male\",\"address\":{\"street\":\"10 Springs Place\",\"city\":\"Trujillo\",\"country\":\"Honduras\"}}","updated":"2021-12-14T23:15:43.375Z"}
{"customer_id":"C01469","email":"dstagg3x@sciencedaily.com","profile":"{\"first_name\":\"Datha\",\"last_name\":\"Stagg\",\"gender\":\"Female\",\"address\":{\"street\":\"18 Shasta Point\",\"city\":\"Villa de Soto\",\"country\":\"Argentina\"}}","updated":"2021-12-14T23:15:43.375Z"}
{"customer_id":"C01470","email":"gstallenm0@tamu.edu","profile":"{\"first_name\":\"Geoff\",\"last_name\":\"Stallen\",\"gender\":\"Male\",\"address\":{\"street\":\"8961 Bluejay Drive\",\"city\":\"Sidomulyo\",\"country\":\"Indonesia\"}}","updated":"2021-12-14T23:15:43.375Z"}
{"customer_id":"C01471","profile":"{\"first_name\":\"Porter\",\"last_name\":\"Stannislawski\",\"gender\":\"Male\",\"address\":{\"street\":\"8833 Mallory Place\",\"city\":\"Walferdange\",\"country\":\"Luxembourg\"}}","updated":"2021-12-14T23:15:43.375Z"}
{"customer_id":"C01472","email":"jstarkiebw@scribd.com","profile":"{\"first_name\":\"Jeniece\",\"last_name\":\"Starkie\",\"gender\":\"Female\",\"address\":{\"street\":\"894 Burrows Trail\",\"city\":\"Zhuangxing\",\"country\":\"China\"}}","updated":"2021-12-14T23:15:43.375Z"}
{"customer_id":"C01473","profile":"{\"first_name\":\"Jacobo\",\"last_name\":\"Stedman\",\"gender\":\"Male\",\"address\":{\"street\":\"4240 Mendota Trail\",\"city\":\"Phúc Yên\",\"country\":\"Vietnam\"}}","updated":"2021-12-14T23:15:43.375Z"}
{"customer_id":"C01474","profile":"{\"first_name\":\"Clement\",\"last_name\":\"Steed\",\"gender\":\"Male\",\"address\":{\"street\":\"9 Carioca Trail\",\"city\":\"Penalva\",\"country\":\"Brazil\"}}","updated":"2021-12-14T23:15:43.375Z"}
{"customer_id":"C01475","profile":"{\"first_name\":\"Lindsay\",\"last_name\":\"Steers\",\"gender\":\"Male\",\"address\":{\"street\":\"456 Orin Pass\",\"city\":\"Diên Khánh\",\"country\":\"Vietnam\"}}","updated":"2021-12-14T23:15:43.375Z"}
{"customer_id":"C01476","email":"asteinorf3@omniture.com","profile":"{\"first_name\":\"Ashlie\",\"last_name\":\"Steinor\",\"gender\":\"Female\",\"address\":{\"street\":\"55 Waxwing Avenue\",\"city\":\"Xinhe\",\"country\":\"China\"}}","updated":"2021-12-14T23:15:43.375Z"}
{"customer_id":"C01477","profile":"{\"first_name\":\"Maryrose\",\"last_name\":\"Stell\",\"gender\":\"Female\",\"address\":{\"street\":\"111 Chinook Place\",\"city\":\"Pärnu-Jaagupi\",\"country\":\"Estonia\"}}","updated":"2021-12-14T23:15:43.375Z"}
{"customer_id":"C01478","profile":"{\"first_name\":\"Winslow\",\"last_name\":\"Sterre\",\"gender\":\"Male\",\"address\":{\"street\":\"43 Hudson Alley\",\"city\":\"Guomaying\",\"country\":\"China\"}}","updated":"2021-12-14T23:15:43.375Z"}
{"customer_id":"C01479","email":"msterricks2k@google.co.uk","profile":"{\"first_name\":\"Michel\",\"last_name\":\"Sterricks\",\"gender\":\"Female\",\"address\":{\"street\":\"7 Killdeer Junction\",\"city\":\"Qiqian\",\"country\":\"China\"}}","updated":"2021-12-14T23:15:43.375Z"}
{"customer_id":"C01480","email":"gsteward4l@mysql.com","profile":"{\"first_name\":\"Gareth\",\"last_name\":\"Steward\",\"gender\":\"Male\",\"address\":{\"street\":\"749 Sundown Avenue\",\"city\":\"Balneário Camboriú\",\"country\":\"Brazil\"}}","updated":"2021-12-14T23:15:43.375Z"}
{"customer_id":"C01481","profile":"{\"first_name\":\"Eal\",\"last_name\":\"Steynor\",\"gender\":\"Male\",\"address\":{\"street\":\"12 Packers Center\",\"city\":\"Rathdrum\",\"country\":\"Ireland\"}}","updated":"2021-12-14T23:15:43.375Z"}
{"customer_id":"C01482","email":"jstiegarsgq@springer.com","profile":"{\"first_name\":\"Juditha\",\"last_name\":\"Stiegars\",\"gender\":\"Female\",\"address\":{\"street\":\"52270 Summerview Hill\",\"city\":\"Gotputuk\",\"country\":\"Indonesia\"}}","updated":"2021-12-14T23:15:43.375Z"}
{"customer_id":"C01483","email":"gstill3t@army.mil","profile":"{\"first_name\":\"Gualterio\",\"last_name\":\"Still\",\"gender\":\"Male\",\"address\":{\"street\":\"10 Moose Parkway\",\"city\":\"Markaz-e Woluswalī-ye Āchīn\",\"country\":\"Afghanistan\"}}","updated":"2021-12-14T23:15:43.375Z"}
{"customer_id":"C01484","email":"dstinton1k@paypal.com","profile":"{\"first_name\":\"Darby\",\"last_name\":\"Stinton\",\"gender\":\"Female\",\"address\":{\"street\":\"116 Pierstorff Alley\",\"city\":\"Galitsy\",\"country\":\"Russia\"}}","updated":"2021-12-14T23:15:43.375Z"}
{"customer_id":"C01485","email":"dstitheez@tinyurl.com","profile":"{\"first_name\":\"Darelle\",\"last_name\":\"Stithe\",\"gender\":\"Female\",\"address\":{\"street\":\"7 Schurz Drive\",\"city\":\"Pul-e Sangī\",\"country\":\"Afghanistan\"}}","updated":"2021-12-14T23:15:43.375Z"}
{"customer_id":"C01486","email":"gstockbridgeho@aboutads.info","profile":"{\"first_name\":\"Gregorius\",\"last_name\":\"Stockbridge\",\"gender\":\"Male\",\"address\":{\"street\":\"476 Meadow Vale Terrace\",\"city\":\"Lerum\",\"country\":\"Sweden\"}}","updated":"2021-12-14T23:15:43.375Z"}
{"customer_id":"C01487","email":"vstollbergerf4@mozilla.com","profile":"{\"first_name\":\"Vassily\",\"last_name\":\"Stollberger\",\"gender\":\"Male\",\"address\":{\"street\":\"63 Oak Valley Drive\",\"city\":\"San Pedro\",\"country\":\"Mexico\"}}","updated":"2021-12-14T23:15:43.375Z"}
{"customer_id":"C01488","email":"gstollmeyer5z@epa.gov","profile":"{\"first_name\":\"Gay\",\"last_name\":\"Stollmeyer\",\"gender\":\"Female\",\"address\":{\"street\":\"845 Sage Hill\",\"city\":\"Getafe\",\"country\":\"Spain\"}}","updated":"2021-12-14T23:15:43.375Z"}
{"customer_id":"C01489","email":"astoodleyg2@cafepress.com","profile":"{\"first_name\":\"Alexandro\",\"last_name\":\"Stoodley\",\"gender\":\"Male\",\"address\":{\"street\":\"246 Texas Circle\",\"city\":\"Henggang\",\"country\":\"China\"}}","updated":"2021-12-14T23:15:43.375Z"}
{"customer_id":"C01490","email":"cstorahdv@arstechnica.com","profile":"{\"first_name\":\"Cortie\",\"last_name\":\"Storah\",\"gender\":\"Bigender\",\"address\":{\"street\":\"351 Mallory Street\",\"city\":\"Shalya\",\"country\":\"Russia\"}}","updated":"2021-12-14T23:15:43.375Z"}
{"customer_id":"C01491","profile":"{\"first_name\":\"Freddi\",\"last_name\":\"Storcke\",\"gender\":\"Female\",\"address\":{\"street\":\"70 Graceland Trail\",\"city\":\"Nelspruit\",\"country\":\"South Africa\"}}","updated":"2021-12-14T23:15:43.375Z"}
{"customer_id":"C01492","email":"ystortonbg@nsw.gov.au","profile":"{\"first_name\":\"Yasmeen\",\"last_name\":\"Storton\",\"gender\":\"Female\",\"address\":{\"street\":\"665 Barnett Crossing\",\"city\":\"Sukahening\",\"country\":\"Indonesia\"}}","updated":"2021-12-14T23:15:43.375Z"}
{"customer_id":"C01493","email":"mstovellja@wiley.com","profile":"{\"first_name\":\"Madelon\",\"last_name\":\"Stovell\",\"gender\":\"Female\",\"address\":{\"street\":\"1 Dovetail Terrace\",\"city\":\"Hilotongan\",\"country\":\"Philippines\"}}","updated":"2021-12-14T23:15:43.375Z"}
{"customer_id":"C01494","email":"sstreaderav@livejournal.com","profile":"{\"first_name\":\"Sherwin\",\"last_name\":\"Streader\",\"gender\":\"Male\",\"address\":{\"street\":\"86 East Circle\",\"city\":\"Manaus\",\"country\":\"Brazil\"}}","updated":"2021-12-14T23:15:43.375Z"}
{"customer_id":"C01495","email":"bstrelitzb1@devhub.com","profile":"{\"first_name\":\"Benedicta\",\"last_name\":\"Strelitz\",\"gender\":\"Female\",\"address\":{\"street\":\"75 Oak Alley\",\"city\":\"Çepan\",\"country\":\"Albania\"}}","updated":"2021-12-14T23:15:43.375Z"}
{"customer_id":"C01496","email":"ostrippelr4@blinklist.com","profile":"{\"first_name\":\"Olenolin\",\"last_name\":\"Strippel\",\"gender\":\"Male\",\"address\":{\"street\":\"2 Marcy Pass\",\"city\":\"Laḩij\",\"country\":\"Yemen\"}}","updated":"2021-12-14T23:15:43.375Z"}
{"customer_id":"C01497","profile":"{\"first_name\":\"Fanya\",\"last_name\":\"Stuckes\",\"gender\":\"Female\",\"address\":{\"street\":\"14 Eagan Way\",\"city\":\"Francisco I Madero\",\"country\":\"Mexico\"}}","updated":"2021-12-14T23:15:43.375Z"}
{"customer_id":"C01498","email":"ostureg1@oakley.com","profile":"{\"first_name\":\"Ogdan\",\"last_name\":\"Sture\",\"gender\":\"Male\",\"address\":{\"street\":\"519 Southridge Parkway\",\"city\":\"Kamwenge\",\"country\":\"Uganda\"}}","updated":"2021-12-14T23:15:43.375Z"}
{"customer_id":"C01499","email":"csturney7f@wikimedia.org","profile":"{\"first_name\":\"Curcio\",\"last_name\":\"Sturney\",\"gender\":\"Male\",\"address\":{\"street\":\"05709 Anhalt Circle\",\"city\":\"Banjar Laing\",\"country\":\"Indonesia\"}}","updated":"2021-12-14T23:15:43.375Z"}
{"customer_id":"C01500","profile":"{\"first_name\":\"Dory\",\"last_name\":\"Stuther\",\"gender\":\"Agender\",\"address\":{\"street\":\"6071 Truax Junction\",\"city\":\"Port Hawkesbury\",\"country\":\"Canada\"}}","updated":"2021-12-14T23:15:43.375Z"}