{"customer_id":"C00001","email":"dabby2y@japanpost.jp","profile":"{\"first_name\":\"Dniren\",\"last_name\":\"Abby\",\"gender\":\"Female\",\"address\":{\"street\":\"768 Mesta Terrace\",\"city\":\"Annecy\",\"country\":\"France\"}}","updated":"2021-12-14T23:15:43.375Z"}
{"customer_id":"C00002","email":"eabbysc1@github.com","profile":"{\"first_name\":\"Etti\",\"last_name\":\"Abbys\",\"gender\":\"Female\",\"address\":{\"street\":\"1748 Vidon Plaza\",\"city\":\"Varge Mondar\",\"country\":\"Portugal\"}}","updated":"2021-12-14T23:15:43.375Z"}
{"customer_id":"C00003","email":"rabelovd1@wikispaces.com","profile":"{\"first_name\":\"Ronnie\",\"last_name\":\"Abelov\",\"gender\":\"Male\",\"address\":{\"street\":\"363 Randy Park\",\"city\":\"San Celestio\",\"country\":\"Philippines\"}}","updated":"2021-12-14T23:15:43.375Z"}
{"customer_id":"C00004","email":"rabels9g@behance.net","profile":"{\"first_name\":\"Ray\",\"last_name\":\"Abels\",\"gender\":\"Female\",\"address\":{\"street\":\"613 Lyons Way\",\"city\":\"Oudtshoorn\",\"country\":\"South Africa\"}}","updated":"2021-12-14T23:15:43.375Z"}
{"customer_id":"C00005","email":"sabendrothin@cargocollective.com","profile":"{\"first_name\":\"Shanon\",\"last_name\":\"Abendroth\",\"gender\":\"Female\",\"address\":{\"street\":\"30292 Manufacturers Junction\",\"city\":\"Ani-e\",\"country\":\"Philippines\"}}","updated":"2021-12-14T23:15:43.375Z"}
{"customer_id":"C00006","profile":"{\"first_name\":\"Norman\",\"last_name\":\"Abernethy\",\"gender\":\"Male\",\"address\":{\"street\":\"9292 Oxford Center\",\"city\":\"Gibara\",\"country\":\"Cuba\"}}","updated":"2021-12-14T23:15:43.375Z"}
{"customer_id":"C00007","email":"sabrahmson3h@blinklist.com","profile":"{\"first_name\":\"Skell\",\"last_name\":\"Abrahmson\",\"gender\":\"Male\",\"address\":{\"street\":\"90941 Hallows Park\",\"city\":\"Huarong Chengguanzhen\",\"country\":\"China\"}}","updated":"2021-12-14T23:15:43.375Z"}
{"customer_id":"C00008","email":"dacheson2h@mapy.cz","profile":"{\"first_name\":\"Darsey\",\"last_name\":\"Acheson\",\"gender\":\"Non-binary\",\"address\":{\"street\":\"29579 Grim Plaza\",\"city\":\"Dārayyā\",\"country\":\"Syria\"}}","updated":"2021-12-14T23:15:43.375Z"}
{"customer_id":"C00009","email":"fackwoodji@gravatar.com","profile":"{\"first_name\":\"Fredrick\",\"last_name\":\"Ackwood\",\"gender\":\"Male\",\"address\":{\"street\":\"67 Dunning Plaza\",\"city\":\"Santo Domingo\",\"country\":\"Cuba\"}}","updated":"2021-12-14T23:15:43.375Z"}
{"customer_id":"C00010","profile":"{\"first_name\":\"Doralynne\",\"last_name\":\"Adamkiewicz\",\"gender\":\"Female\",\"address\":{\"street\":\"84126 Glendale Center\",\"city\":\"Ugep\",\"country\":\"Nigeria\"}}","updated":"2021-12-14T23:15:43.375Z"}
{"customer_id":"C00011","email":"aaddicotehx@miibeian.gov.cn","profile":"{\"first_name\":\"Arnold\",\"last_name\":\"Addicote\",\"gender\":\"Male\",\"address\":{\"street\":\"55831 Helena Court\",\"city\":\"Zhangtan\",\"country\":\"China\"}}","updated":"2021-12-14T23:15:43.375Z"}
{"customer_id":"C00012","email":"kadriaan9y@aboutads.info","profile":"{\"first_name\":\"Kerrie\",\"last_name\":\"Adriaan\",\"gender\":\"Female\",\"address\":{\"street\":\"574 Swallow Parkway\",\"city\":\"Venado Tuerto\",\"country\":\"Argentina\"}}","updated":"2021-12-14T23:15:43.375Z"}
{"customer_id":"C00013","profile":"{\"first_name\":\"Daffie\",\"last_name\":\"Adrien\",\"gender\":\"Genderfluid\",\"address\":{\"street\":\"67144 Heath Avenue\",\"city\":\"Qagan Obo\",\"country\":\"China\"}}","updated":"2021-12-14T23:15:43.375Z"}
{"customer_id":"C00014","email":"raeryaz@photobucket.com","profile":"{\"first_name\":\"Roshelle\",\"last_name\":\"Aery\",\"gender\":\"Female\",\"address\":{\"street\":\"80 Sunnyside Parkway\",\"city\":\"Beiqi\",\"country\":\"China\"}}","updated":"2021-12-14T23:15:43.375Z"}
{"customer_id":"C00015","email":"taffusonc@nature.com","profile":"{\"first_name\":\"Tammara\",\"last_name\":\"Affuso\",\"gender\":\"Polygender\",\"address\":{\"street\":\"3747 Chinook Plaza\",\"city\":\"San Miguel\",\"country\":\"Philippines\"}}","updated":"2021-12-14T23:15:43.375Z"}
{"customer_id":"C00016","email":"tafonsoo3@nasa.gov","profile":"{\"first_name\":\"Tailor\",\"last_name\":\"Afonso\",\"gender\":\"Male\",\"address\":{\"street\":\"344 Holy Cross Terrace\",\"city\":\"Bebae\",\"country\":\"Indonesia\"}}","updated":"2021-12-14T23:15:43.375Z"}
{"customer_id":"C00017","profile":"{\"first_name\":\"Aprilette\",\"last_name\":\"Agron\",\"gender\":\"Female\",\"address\":{\"street\":\"978 Roxbury Junction\",\"city\":\"Bridgewater\",\"country\":\"Canada\"}}","updated":"2021-12-14T23:15:43.375Z"}
{"customer_id":"C00018","email":"caireyeo@merriam-webster.com","profile":"{\"first_name\":\"Chauncey\",\"last_name\":\"Airey\",\"gender\":\"Male\",\"address\":{\"street\":\"039 Daystar Terrace\",\"city\":\"Kumba\",\"country\":\"Cameroon\"}}","updated":"2021-12-14T23:15:43.375Z"}
{"customer_id":"C00019","email":"bakastms@rakuten.co.jp","profile":"{\"first_name\":\"Bank\",\"last_name\":\"Akast\",\"gender\":\"Male\",\"address\":{\"street\":\"70587 Namekagon Parkway\",\"city\":\"Tsivil’sk\",\"country\":\"Russia\"}}","updated":"2021-12-14T23:15:43.375Z"}
{"customer_id":"C00020","email":"eakroydll@unc.edu","profile":"{\"first_name\":\"Evelin\",\"last_name\":\"Akroyd\",\"gender\":\"Male\",\"address\":{\"street\":\"012 Lighthouse Bay Street\",\"city\":\"L’vovskiy\",\"country\":\"Russia\"}}","updated":"2021-12-14T23:15:43.375Z"}
{"customer_id":"C00021","email":"raldamlw@oaic.gov.au","profile":"{\"first_name\":\"Rorie\",\"last_name\":\"Aldam\",\"gender\":\"Female\",\"address\":{\"street\":\"94783 Troy Street\",\"city\":\"Tobilolong\",\"country\":\"Indonesia\"}}","updated":"2021-12-14T23:15:43.375Z"}
{"customer_id":"C00022","profile":"{\"first_name\":\"Jacquette\",\"last_name\":\"Aldcorne\",\"gender\":\"Female\",\"address\":{\"street\":\"1 Hazelcrest Alley\",\"city\":\"Gutang\",\"country\":\"China\"}}","updated":"2021-12-14T23:15:43.375Z"}
{"customer_id":"C00023","email":"malgargd@alibaba.com","profile":"{\"first_name\":\"Maryrose\",\"last_name\":\"Algar\",\"gender\":\"Female\",\"address\":{\"street\":\"92145 Blue Bill Park Alley\",\"city\":\"Pemberton\",\"country\":\"Canada\"}}","updated":"2021-12-14T23:15:43.375Z"}
{"customer_id":"C00024","profile":"{\"first_name\":\"Eimile\",\"last_name\":\"Alger\",\"gender\":\"Female\",\"address\":{\"street\":\"68 Waxwing Alley\",\"city\":\"Brušperk\",\"country\":\"Czech Republic\"}}","updated":"2021-12-14T23:15:43.375Z"}
{"customer_id":"C00025","email":"balgie8v@jiathis.com","profile":"{\"first_name\":\"Becka\",\"last_name\":\"Algie\",\"gender\":\"Female\",\"address\":{\"street\":\"8 Corben Circle\",\"city\":\"Jampang Tengah\",\"country\":\"Indonesia\"}}","updated":"2021-12-14T23:15:43.375Z"}
{"customer_id":"C00026","email":"hallin1y@tinyurl.com","profile":"{\"first_name\":\"Hanan\",\"last_name\":\"Allin\",\"gender\":\"Male\",\"address\":{\"street\":\"322 Center Park\",\"city\":\"Mirotice\",\"country\":\"Czech Republic\"}}","updated":"2021-12-14T23:15:43.375Z"}
{"customer_id":"C00027","profile":"{\"first_name\":\"Thatcher\",\"last_name\":\"Allward\",\"gender\":\"Male\",\"address\":{\"street\":\"99258 Rigney Terrace\",\"city\":\"Xiachengzi\",\"country\":\"China\"}}","updated":"2021-12-14T23:15:43.375Z"}
{"customer_id":"C00028","profile":"{\"first_name\":\"Beitris\",\"last_name\":\"Aloshkin\",\"gender\":\"Female\",\"address\":{\"street\":\"377 Clemons Pass\",\"city\":\"Qā’en\",\"country\":\"Iran\"}}","updated":"2021-12-14T23:15:43.375Z"}
{"customer_id":"C00029","profile":"{\"first_name\":\"Tonnie\",\"last_name\":\"Althorpe\",\"gender\":\"Male\",\"address\":{\"street\":\"44189 Oakridge Trail\",\"city\":\"Shigongqiao\",\"country\":\"China\"}}","updated":"2021-12-14T23:15:43.375Z"}
{"customer_id":"C00030","email":"iambler3m@goo.gl","profile":"{\"first_name\":\"Iggie\",\"last_name\":\"Ambler\",\"gender\":\"Male\",\"address\":{\"street\":\"51155 Manley Way\",\"city\":\"Kavajë\",\"country\":\"Albania\"}}","updated":"2021-12-14T23:15:43.375Z"}
{"customer_id":"C00031","email":"kandreym@chron.com","profile":"{\"first_name\":\"Kylen\",\"last_name\":\"Andrey\",\"gender\":\"Female\",\"address\":{\"street\":\"066 Westridge Street\",\"city\":\"Örebro\",\"country\":\"Sweden\"}}","updated":"2021-12-14T23:15:43.375Z"}
{"customer_id":"C00032","profile":"{\"first_name\":\"Sibelle\",\"last_name\":\"Andrzejowski\",\"gender\":\"Female\",\"address\":{\"street\":\"18 Lyons Hill\",\"city\":\"Alvaiázere\",\"country\":\"Portugal\"}}","updated":"2021-12-14T23:15:43.375Z"}
{"customer_id":"C00033","email":"tanfreykv@symantec.com","profile":"{\"first_name\":\"Tome\",\"last_name\":\"Anfrey\",\"gender\":\"Male\",\"address\":{\"street\":\"28659 Kennedy Place\",\"city\":\"Tagawa\",\"country\":\"Japan\"}}","updated":"2021-12-14T23:15:43.375Z"}
{"customer_id":"C00034","email":"tanstey4j@discovery.com","profile":"{\"first_name\":\"Tanhya\",\"last_name\":\"Anstey\",\"gender\":\"Female\",\"address\":{\"street\":\"414 Dakota Center\",\"city\":\"Emmaboda\",\"country\":\"Sweden\"}}","updated":"2021-12-14T23:15:43.375Z"}
{"customer_id":"C00035","profile":"{\"first_name\":\"Freda\",\"last_name\":\"Antat\",\"gender\":\"Bigender\",\"address\":{\"street\":\"53995 Washington Hill\",\"city\":\"Daegu\",\"country\":\"South Korea\"}}","updated":"2021-12-14T23:15:43.375Z"}
{"customer_id":"C00036","email":"manthill4m@slashdot.org","profile":"{\"first_name\":\"Massimiliano\",\"last_name\":\"Anthill\",\"gender\":\"Male\",\"address\":{\"street\":\"43840 Shelley Center\",\"city\":\"Altay\",\"country\":\"China\"}}","updated":"2021-12-14T23:15:43.375Z"}
{"customer_id":"C00037","email":"kantillgz@amazon.com","profile":"{\"first_name\":\"Kalvin\",\"last_name\":\"Antill\",\"gender\":\"Male\",\"address\":{\"street\":\"96989 Hoard Crossing\",\"city\":\"Sobo\",\"country\":\"Indonesia\"}}","updated":"2021-12-14T23:15:43.375Z"}
{"customer_id":"C00038","email":"kantoschdq@yolasite.com","profile":"{\"first_name\":\"Katerina\",\"last_name\":\"Antosch\",\"gender\":\"Female\",\"address\":{\"street\":\"219 Fremont Street\",\"city\":\"San Rafael\",\"country\":\"Mexico\"}}","updated":"2021-12-14T23:15:43.375Z"}
{"customer_id":"C00039","profile":"{\"first_name\":\"Kalil\",\"last_name\":\"Antrim\",\"gender\":\"Male\",\"address\":{\"street\":\"7 Macpherson Point\",\"city\":\"Colonia Elisa\",\"country\":\"Argentina\"}}","updated":"2021-12-14T23:15:43.375Z"}
{"customer_id":"C00040","email":"karmytage3c@nyu.edu","profile":"{\"first_name\":\"Kliment\",\"last_name\":\"Armytage\",\"gender\":\"Polygender\",\"address\":{\"street\":\"76 Sutherland Park\",\"city\":\"Mata de São João\",\"country\":\"Brazil\"}}","updated":"2021-12-14T23:15:43.375Z"}
{"customer_id":"C00041","profile":"{\"first_name\":\"Sutherland\",\"last_name\":\"Arnao\",\"gender\":\"Male\",\"address\":{\"street\":\"6 Stuart Hill\",\"city\":\"Charlotte\",\"country\":\"United States\"}}","updated":"2021-12-14T23:15:43.375Z"}
{"customer_id":"C00042","email":"yaronsteina2@facebook.com","profile":"{\"first_name\":\"Yuma\",\"last_name\":\"Aronstein\",\"gender\":\"Male\",\"address\":{\"street\":\"1 Johnson Plaza\",\"city\":\"Stare Miasto\",\"country\":\"Poland\"}}","updated":"2021-12-14T23:15:43.375Z"}
{"customer_id":"C00043","email":"sartindx@devhub.com","profile":"{\"first_name\":\"Sarge\",\"last_name\":\"Artin\",\"gender\":\"Male\",\"address\":{\"street\":\"71073 3rd Crossing\",\"city\":\"Obroshyne\",\"country\":\"Ukraine\"}}","updated":"2021-12-14T23:15:43.375Z"}
{"customer_id":"C00044","email":"rasbery3s@tripadvisor.com","profile":"{\"first_name\":\"Ryley\",\"last_name\":\"Asbery\",\"gender\":\"Polygender\",\"address\":{\"street\":\"376 Morning Junction\",\"city\":\"Iranduba\",\"country\":\"Brazil\"}}","updated":"2021-12-14T23:15:43.375Z"}
{"customer_id":"C00045","email":"aasharde@si.edu","profile":"{\"first_name\":\"Armand\",\"last_name\":\"Ashard\",\"gender\":\"Male\",\"address\":{\"street\":\"73645 Hoard Parkway\",\"city\":\"Zhongnan\",\"country\":\"China\"}}","updated":"2021-12-14T23:15:43.375Z"}
{"customer_id":"C00046","profile":"{\"first_name\":\"Valina\",\"last_name\":\"Ashelford\",\"gender\":\"Female\",\"address\":{\"street\":\"263 Linden Hill\",\"city\":\"Caçapava\",\"country\":\"Brazil\"}}","updated":"2021-12-14T23:15:43.375Z"}
{"customer_id":"C00047","email":"gashmore7v@imdb.com","profile":"{\"first_name\":\"Garold\",\"last_name\":\"Ashmore\",\"gender\":\"Male\",\"address\":{\"street\":\"568 Cardinal Place\",\"city\":\"Changning\",\"country\":\"China\"}}","updated":"2021-12-14T23:15:43.375Z"}
{"customer_id":"C00048","profile":"{\"first_name\":\"Laryssa\",\"last_name\":\"Askin\",\"gender\":\"Genderfluid\",\"address\":{\"street\":\"8 Delaware Court\",\"city\":\"Yirshi\",\"country\":\"China\"}}","updated":"2021-12-14T23:15:43.375Z"}
{"customer_id":"C00049","email":"kaslam86@blog.com","profile":"{\"first_name\":\"Kris\",\"last_name\":\"Aslam\",\"gender\":\"Female\",\"address\":{\"street\":\"9899 Blackbird Way\",\"city\":\"Gutian\",\"country\":\"China\"}}","updated":"2021-12-14T23:15:43.375Z"}
{"customer_id":"C00050","email":"haslame6@hugedomains.com","profile":"{\"first_name\":\"Honoria\",\"last_name\":\"Aslam\",\"gender\":\"Female\",\"address\":{\"street\":\"3804 Lakeland Terrace\",\"city\":\"Mojosari\",\"country\":\"Indonesia\"}}","updated":"2021-12-14T23:15:43.375Z"}
{"customer_id":"C00051","profile":"{\"first_name\":\"Pascale\",\"last_name\":\"Aspall\",\"gender\":\"Male\",\"address\":{\"street\":\"83858 Vera Point\",\"city\":\"Ayolas\",\"country\":\"Paraguay\"}}","updated":"2021-12-14T23:15:43.375Z"}
{"customer_id":"C00052","email":"gaspling9h@paypal.com","profile":"{\"first_name\":\"Gal\",\"last_name\":\"Aspling\",\"gender\":\"Male\",\"address\":{\"street\":\"871 Monument Parkway\",\"city\":\"Asbestos\",\"country\":\"Canada\"}}","updated":"2021-12-14T23:15:43.375Z"}
{"customer_id":"C00053","email":"tattackk0@taobao.com","profile":"{\"first_name\":\"Tybie\",\"last_name\":\"Attack\",\"gender\":\"Genderfluid\",\"address\":{\"street\":\"01689 Hoard Hill\",\"city\":\"Mboto\",\"country\":\"Indonesia\"}}","updated":"2021-12-14T23:15:43.375Z"}
{"customer_id":"C00054","profile":"{\"first_name\":\"George\",\"last_name\":\"Atthow\",\"gender\":\"Polygender\",\"address\":{\"street\":\"830 Lighthouse Bay Park\",\"city\":\"San Fernando Apure\",\"country\":\"Venezuela\"}}","updated":"2021-12-14T23:15:43.375Z"}
{"customer_id":"C00055","email":"lattrillme@ebay.co.uk","profile":"{\"first_name\":\"Lucretia\",\"last_name\":\"Attrill\",\"gender\":\"Female\",\"address\":{\"street\":\"9295 Mallory Place\",\"city\":\"Betania\",\"country\":\"Colombia\"}}","updated":"2021-12-14T23:15:43.375Z"}
{"customer_id":"C00056","email":"cattwoodea@cbsnews.com","profile":"{\"first_name\":\"Clerc\",\"last_name\":\"Attwood\",\"gender\":\"Male\",\"address\":{\"street\":\"862 Lunder Drive\",\"city\":\"Erhe\",\"country\":\"China\"}}","updated":"2021-12-14T23:15:43.375Z"}
{"customer_id":"C00057","email":"aaubingm@adobe.com","profile":"{\"first_name\":\"Ashlee\",\"last_name\":\"Aubin\",\"gender\":\"Female\",\"address\":{\"street\":\"64408 Leroy Lane\",\"city\":\"Krajan Atas Suger Lor\",\"country\":\"Indonesia\"}}","updated":"2021-12-14T23:15:43.375Z"}
{"customer_id":"C00058","email":"saudibert51@woothemes.com","profile":"{\"first_name\":\"Seumas\",\"last_name\":\"Audibert\",\"gender\":\"Male\",\"address\":{\"street\":\"2954 Glacier Hill Court\",\"city\":\"Concepción Tutuapa\",\"country\":\"Guatemala\"}}","updated":"2021-12-14T23:15:43.375Z"}
{"customer_id":"C00059","email":"maustjw@nature.com","profile":"{\"first_name\":\"Mychal\",\"last_name\":\"Aust\",\"gender\":\"Male\",\"address\":{\"street\":\"4053 Grasskamp Drive\",\"city\":\"Asan Kumbang\",\"country\":\"Indonesia\"}}","updated":"2021-12-14T23:15:43.375Z"}
{"customer_id":"C00060","email":"haustonbh@slideshare.net","profile":"{\"first_name\":\"Hunter\",\"last_name\":\"Auston\",\"gender\":\"Male\",\"address\":{\"street\":\"6 Alpine Drive\",\"city\":\"Gobabis\",\"country\":\"Namibia\"}}","updated":"2021-12-14T23:15:43.375Z"}
{"customer_id":"C00061","profile":"{\"first_name\":\"Winthrop\",\"last_name\":\"Austwick\",\"gender\":\"Male\",\"address\":{\"street\":\"1 Village Green Road\",\"city\":\"Qingzhou\",\"country\":\"China\"}}","updated":"2021-12-14T23:15:43.375Z"}
{"customer_id":"C00062","profile":"{\"first_name\":\"Laney\",\"last_name\":\"Aves\",\"gender\":\"Male\",\"address\":{\"street\":\"16 Shasta Place\",\"city\":\"Nieborów\",\"country\":\"Poland\"}}","updated":"2021-12-14T23:15:43.375Z"}
{"customer_id":"C00063","email":"savramchikkj@reddit.com","profile":"{\"first_name\":\"Sigvard\",\"last_name\":\"Avramchik\",\"gender\":\"Male\",\"address\":{\"street\":\"05982 Banding Junction\",\"city\":\"Dawang\",\"country\":\"China\"}}","updated":"2021-12-14T23:15:43.375Z"}
{"customer_id":"C00064","email":"kaylott5v@weibo.com","profile":"{\"first_name\":\"Kissie\",\"last_name\":\"Aylott\",\"gender\":\"Female\",\"address\":{\"street\":\"7 Talmadge Alley\",\"city\":\"Sumbergebang\",\"country\":\"Indonesia\"}}","updated":"2021-12-14T23:15:43.375Z"}
{"customer_id":"C00065","email":"mazema47@unesco.org","profile":"{\"first_name\":\"Mead\",\"last_name\":\"Azema\",\"gender\":\"Male\",\"address\":{\"street\":\"453 Ilene Lane\",\"city\":\"Častolovice\",\"country\":\"Czech Republic\"}}","updated":"2021-12-14T23:15:43.375Z"}
{"customer_id":"C00066","profile":"{\"first_name\":\"Analise\",\"last_name\":\"Babbe\",\"gender\":\"Female\",\"address\":{\"street\":\"25 Green Crossing\",\"city\":\"Saint John\",\"country\":\"Canada\"}}","updated":"2021-12-14T23:15:43.375Z"}
{"customer_id":"C00067","profile":"{\"first_name\":\"Jeannie\",\"last_name\":\"Babon\",\"gender\":\"Female\",\"address\":{\"street\":\"2707 Marquette Junction\",\"city\":\"Komaki\",\"country\":\"Japan\"}}","updated":"2021-12-14T23:15:43.375Z"}
{"customer_id":"C00068","email":"lbackshellgc@biglobe.ne.jp","profile":"{\"first_name\":\"Lothario\",\"last_name\":\"Backshell\",\"gender\":\"Male\",\"address\":{\"street\":\"46 Mosinee Way\",\"city\":\"Tadabliro\",\"country\":\"Indonesia\"}}","updated":"2021-12-14T23:15:43.375Z"}
{"customer_id":"C00069","email":"cbaden71@imdb.com","profile":"{\"first_name\":\"Corrianne\",\"last_name\":\"Baden\",\"gender\":\"Female\",\"address\":{\"street\":\"4 Hanson Center\",\"city\":\"Leigongjian\",\"country\":\"China\"}}","updated":"2021-12-14T23:15:43.375Z"}
{"customer_id":"C00070","email":"cbaffordp6@facebook.com","profile":"{\"first_name\":\"Culver\",\"last_name\":\"Bafford\",\"gender\":\"Male\",\"address\":{\"street\":\"922 Anthes Circle\",\"city\":\"Shanmuqiao\",\"country\":\"China\"}}","updated":"2021-12-14T23:15:43.375Z"}
{"customer_id":"C00071","profile":"{\"first_name\":\"Amalia\",\"last_name\":\"Baike\",\"gender\":\"Genderqueer\",\"address\":{\"street\":\"5 Kropf Parkway\",\"city\":\"Shayuan\",\"country\":\"China\"}}","updated":"2021-12-14T23:15:43.375Z"}
{"customer_id":"C00072","email":"lbaildon1g@senate.gov","profile":"{\"first_name\":\"Lindsey\",\"last_name\":\"Baildon\",\"gender\":\"Female\",\"address\":{\"street\":\"6 Vermont Point\",\"city\":\"Taoyuan\",\"country\":\"China\"}}","updated":"2021-12-14T23:15:43.375Z"}
{"customer_id":"C00073","email":"cbaitson7k@cnet.com","profile":"{\"first_name\":\"Clement\",\"last_name\":\"Baitson\",\"gender\":\"Male\",\"address\":{\"street\":\"3 Bunting Way\",\"city\":\"Strogino\",\"country\":\"Russia\"}}","updated":"2021-12-14T23:15:43.375Z"}
{"customer_id":"C00074","email":"rballendineh3@123-reg.co.uk","profile":"{\"first_name\":\"Ruddy\",\"last_name\":\"Ballendine\",\"gender\":\"Male\",\"address\":{\"street\":\"354 Main Terrace\",\"city\":\"Pasanggrahan\",\"country\":\"Indonesia\"}}","updated":"2021-12-14T23:15:43.375Z"}
{"customer_id":"C00075","email":"tbamberydy@dot.gov","profile":"{\"first_name\":\"Tracy\",\"last_name\":\"Bambery\",\"gender\":\"Female\",\"address\":{\"street\":\"97514 Declaration Street\",\"city\":\"Wucun\",\"country\":\"China\"}}","updated":"2021-12-14T23:15:43.375Z"}
{"customer_id":"C00076","email":"ebancroftky@prnewswire.com","profile":"{\"first_name\":\"Eduardo\",\"last_name\":\"Bancroft\",\"gender\":\"Male\",\"address\":{\"street\":\"39242 Ronald Regan Circle\",\"city\":\"Moca\",\"country\":\"Dominican Republic\"}}","updated":"2021-12-14T23:15:43.375Z"}
{"customer_id":"C00077","profile":"{\"first_name\":\"Boycey\",\"last_name\":\"Banfield\",\"gender\":\"Male\",\"address\":{\"street\":\"75730 Doe Crossing Alley\",\"city\":\"Dalamdesa Kalapadua\",\"country\":\"Indonesia\"}}","updated":"2021-12-14T23:15:43.375Z"}
{"customer_id":"C00078","email":"tbankbi@aol.com","profile":"{\"first_name\":\"Tomlin\",\"last_name\":\"Bank\",\"gender\":\"Male\",\"address\":{\"street\":\"23 Homewood Point\",\"city\":\"Matiguás\",\"country\":\"Nicaragua\"}}","updated":"2021-12-14T23:15:43.375Z"}
{"customer_id":"C00079","email":"abankesbb@columbia.edu","profile":"{\"first_name\":\"Adelind\",\"last_name\":\"Bankes\",\"gender\":\"Female\",\"address\":{\"street\":\"9481 Rutledge Street\",\"city\":\"Sambuluan\",\"country\":\"Philippines\"}}","updated":"2021-12-14T23:15:43.375Z"}
{"customer_id":"C00080","profile":"{\"first_name\":\"Dillie\",\"last_name\":\"Baraclough\",\"gender\":\"Male\",\"address\":{\"street\":\"17 Bultman Street\",\"city\":\"Orsha\",\"country\":\"Belarus\"}}","updated":"2021-12-14T23:15:43.375Z"}
{"customer_id":"C00081","email":"pbarehamlv@epa.gov","profile":"{\"first_name\":\"Peder\",\"last_name\":\"Bareham\",\"gender\":\"Male\",\"address\":{\"street\":\"22 Sugar Way\",\"city\":\"Delcevo\",\"country\":\"Macedonia\"}}","updated":"2021-12-14T23:15:43.375Z"}
{"customer_id":"C00082","email":"fbargery6z@histats.com","profile":"{\"first_name\":\"Fonzie\",\"last_name\":\"Bargery\",\"gender\":\"Male\",\"address\":{\"street\":\"90324 Carberry Parkway\",\"city\":\"São Martinho de Árvore\",\"country\":\"Portugal\"}}","updated":"2021-12-14T23:15:43.375Z"}
{"customer_id":"C00083","email":"abarkshiregs@phoca.cz","profile":"{\"first_name\":\"Alphonso\",\"last_name\":\"Barkshire\",\"gender\":\"Male\",\"address\":{\"street\":\"87 Hudson Hill\",\"city\":\"Dao\",\"country\":\"Philippines\"}}","updated":"2021-12-14T23:15:43.375Z"}
{"customer_id":"C00084","profile":"{\"first_name\":\"Umberto\",\"last_name\":\"Barkworth\",\"gender\":\"Male\",\"address\":{\"street\":\"611 Bayside Pass\",\"city\":\"Ćuprija\",\"country\":\"Serbia\"}}","updated":"2021-12-14T23:15:43.375Z"}
{"customer_id":"C00085","email":"tbarnishc2@taobao.com","profile":"{\"first_name\":\"Tobie\",\"last_name\":\"Barnish\",\"gender\":\"Agender\",\"address\":{\"street\":\"8 International Court\",\"city\":\"Mashava\",\"country\":\"Zimbabwe\"}}","updated":"2021-12-14T23:15:43.375Z"}
{"customer_id":"C00086","email":"mbarrouxhd@ameblo.jp","profile":"{\"first_name\":\"Maire\",\"last_name\":\"Barroux\",\"gender\":\"Female\",\"address\":{\"street\":\"520 Hallows Way\",\"city\":\"Zhouzai\",\"country\":\"China\"}}","updated":"2021-12-14T23:15:43.375Z"}
{"customer_id":"C00087","profile":"{\"first_name\":\"Rafaellle\",\"last_name\":\"Bartali\",\"gender\":\"Male\",\"address\":{\"street\":\"7 Veith Crossing\",\"city\":\"Naranjal\",\"country\":\"Ecuador\"}}","updated":"2021-12-14T23:15:43.375Z"}
{"customer_id":"C00088","profile":"{\"first_name\":\"Baily\",\"last_name\":\"Bartleet\",\"gender\":\"Male\",\"address\":{\"street\":\"07 Orin Street\",\"city\":\"Chishui\",\"country\":\"China\"}}","updated":"2021-12-14T23:15:43.375Z"}
{"customer_id":"C00089","profile":"{\"first_name\":\"Ezmeralda\",\"last_name\":\"Bartrap\",\"gender\":\"Female\",\"address\":{\"street\":\"8846 Dahle Court\",\"city\":\"Barrie\",\"country\":\"Canada\"}}","updated":"2021-12-14T23:15:43.375Z"}
{"customer_id":"C00090","profile":"{\"first_name\":\"Cammy\",\"last_name\":\"Bartrop\",\"gender\":\"Male\",\"address\":{\"street\":\"0 Sachs Road\",\"city\":\"Biyong\",\"country\":\"China\"}}","updated":"2021-12-14T23:15:43.375Z"}
{"customer_id":"C00091","email":"gbartzennk@sohu.com","profile":"{\"first_name\":\"Gayle\",\"last_name\":\"Bartzen\",\"gender\":\"Female\",\"address\":{\"street\":\"0 Mockingbird Crossing\",\"city\":\"Boyuibe\",\"country\":\"Bolivia\"}}","updated":"2021-12-14T23:15:43.375Z"}
{"customer_id":"C00092","email":"jbaruchkh@typepad.com","profile":"{\"first_name\":\"Jehu\",\"last_name\":\"Baruch\",\"gender\":\"Male\",\"address\":{\"street\":\"52 Waxwing Hill\",\"city\":\"Yanagawa\",\"country\":\"Japan\"}}","updated":"2021-12-14T23:15:43.375Z"}
{"customer_id":"C00093","email":"dbasil92@dyndns.org","profile":"{\"first_name\":\"Darbee\",\"last_name\":\"Basil\",\"gender\":\"Male\",\"address\":{\"street\":\"93136 Reinke Terrace\",\"city\":\"Sukadana\",\"country\":\"Indonesia\"}}","updated":"2021-12-14T23:15:43.375Z"}
{"customer_id":"C00094","email":"pbatcocknu@delicious.com","profile":"{\"first_name\":\"Pansie\",\"last_name\":\"Batcock\",\"gender\":\"Female\",\"address\":{\"street\":\"4 Hovde Parkway\",\"city\":\"Gulou\",\"country\":\"China\"}}","updated":"2021-12-14T23:15:43.375Z"}
{"customer_id":"C00095","email":"ubathan@state.gov","profile":"{\"first_name\":\"Ulla\",\"last_name\":\"Bath\",\"gender\":\"Female\",\"address\":{\"street\":\"9 East Hill\",\"city\":\"São Pedro\",\"country\":\"Portugal\"}}","updated":"2021-12-14T23:15:43.375Z"}
{"customer_id":"C00096","email":"kbathowae@privacy.gov.au","profile":"{\"first_name\":\"Kippie\",\"last_name\":\"Bathow\",\"gender\":\"Male\",\"address\":{\"street\":\"7774 Del Mar Hill\",\"city\":\"Bluri\",\"country\":\"Indonesia\"}}","updated":"2021-12-14T23:15:43.375Z"}
{"customer_id":"C00097","email":"hbaudain93@hao123.com","profile":"{\"first_name\":\"Harmonie\",\"last_name\":\"Baudain\",\"gender\":\"Female\",\"address\":{\"street\":\"2745 Butterfield Alley\",\"city\":\"Palmas\",\"country\":\"Brazil\"}}","updated":"2021-12-14T23:15:43.375Z"}
{"customer_id":"C00098","profile":"{\"first_name\":\"Yasmeen\",\"last_name\":\"Baudts\",\"gender\":\"Female\",\"address\":{\"street\":\"48664 Doe Crossing Street\",\"city\":\"Santa Rosa\",\"country\":\"Peru\"}}","updated":"2021-12-14T23:15:43.375Z"}
{"customer_id":"C00099","profile":"{\"first_name\":\"Petra\",\"last_name\":\"Baumert\",\"gender\":\"Female\",\"address\":{\"street\":\"0 Northview Circle\",\"city\":\"Tembongraja\",\"country\":\"Indonesia\"}}","updated":"2021-12-14T23:15:43.375Z"}
{"customer_id":"C00100","profile":"{\"first_name\":\"Charmane\",\"last_name\":\"Baxendale\",\"gender\":\"Female\",\"address\":{\"street\":\"2161 Donald Trail\",\"city\":\"Ntungamo\",\"country\":\"Uganda\"}}","updated":"2021-12-14T23:15:43.375Z"}
{"customer_id":"C00101","email":"lbazelloc@biblegateway.com","profile":"{\"first_name\":\"Lou\",\"last_name\":\"Bazell\",\"gender\":\"Female\",\"address\":{\"street\":\"060 Fairview Street\",\"city\":\"Chantilly\",\"country\":\"France\"}}","updated":"2021-12-14T23:15:43.375Z"}
{"customer_id":"C00102","profile":"{\"first_name\":\"Rochelle\",\"last_name\":\"Bazelle\",\"gender\":\"Female\",\"address\":{\"street\":\"09 Lakewood Trail\",\"city\":\"Salt Lake City\",\"country\":\"United States\"}}","updated":"2021-12-14T23:15:43.375Z"}
{"customer_id":"C00103","email":"bbeagleholep2@mail.ru","profile":"{\"first_name\":\"Bianca\",\"last_name\":\"Beaglehole\",\"gender\":\"Female\",\"address\":{\"street\":\"36 Loeprich Park\",\"city\":\"Xinjia\",\"country\":\"China\"}}","updated":"2021-12-14T23:15:43.375Z"}
{"customer_id":"C00104","email":"abearemz@typepad.com","profile":"{\"first_name\":\"Almeria\",\"last_name\":\"Beare\",\"gender\":\"Female\",\"address\":{\"street\":\"650 Blackbird Trail\",\"city\":\"Liutangting\",\"country\":\"China\"}}","updated":"2021-12-14T23:15:43.375Z"}
{"customer_id":"C00105","email":"bbearmanhm@linkedin.com","profile":"{\"first_name\":\"Barnie\",\"last_name\":\"Bearman\",\"gender\":\"Male\",\"address\":{\"street\":\"488 Dunning Hill\",\"city\":\"Glugur Tengah\",\"country\":\"Indonesia\"}}","updated":"2021-12-14T23:15:43.375Z"}
{"customer_id":"C00106","email":"rbearwardjh@seesaa.net","profile":"{\"first_name\":\"Rowney\",\"last_name\":\"Bearward\",\"gender\":\"Male\",\"address\":{\"street\":\"57 Holmberg Hill\",\"city\":\"Ryjewo\",\"country\":\"Poland\"}}","updated":"2021-12-14T23:15:43.375Z"}
{"customer_id":"C00107","email":"pbeaug4@washington.edu","profile":"{\"first_name\":\"Pippo\",\"last_name\":\"Beau\",\"gender\":\"Male\",\"address\":{\"street\":\"3 Anniversary Court\",\"city\":\"Erping\",\"country\":\"China\"}}","updated":"2021-12-14T23:15:43.375Z"}
{"customer_id":"C00108","email":"bbedsoniv@quantcast.com","profile":"{\"first_name\":\"Berkie\",\"last_name\":\"Bedson\",\"gender\":\"Male\",\"address\":{\"street\":\"7 Chinook Road\",\"city\":\"Taphan Hin\",\"country\":\"Thailand\"}}","updated":"2021-12-14T23:15:43.375Z"}
{"customer_id":"C00109","email":"dbedward50@barnesandnoble.com","profile":"{\"first_name\":\"Dan\",\"last_name\":\"Bedward\",\"gender\":\"Male\",\"address\":{\"street\":\"43 3rd Trail\",\"city\":\"Chester\",\"country\":\"Canada\"}}","updated":"2021-12-14T23:15:43.375Z"}
{"customer_id":"C00110","email":"dbeedomoi@about.com","profile":"{\"first_name\":\"Dael\",\"last_name\":\"Beedom\",\"gender\":\"Male\",\"address\":{\"street\":\"0 Hooker Alley\",\"city\":\"Shifo\",\"country\":\"China\"}}","updated":"2021-12-14T23:15:43.375Z"}
{"customer_id":"C00111","email":"obeenhaml2@e-recht24.de","profile":"{\"first_name\":\"Ogdon\",\"last_name\":\"Beenham\",\"gender\":\"Male\",\"address\":{\"street\":\"63918 Melvin Circle\",\"city\":\"Kedungasem\",\"country\":\"Indonesia\"}}","updated":"2021-12-14T23:15:43.375Z"}
{"customer_id":"C00112","profile":"{\"first_name\":\"Megan\",\"last_name\":\"Befroy\",\"gender\":\"Female\",\"address\":{\"street\":\"6 Moulton Parkway\",\"city\":\"Sousa\",\"country\":\"Brazil\"}}","updated":"2021-12-14T23:15:43.375Z"}
{"customer_id":"C00113","email":"gbehrendl2@flickr.com","profile":"{\"first_name\":\"Gunther\",\"last_name\":\"Behrend\",\"gender\":\"Male\",\"address\":{\"street\":\"2 Thierer Parkway\",\"city\":\"Kasungu\",\"country\":\"Malawi\"}}","updated":"2021-12-14T23:15:43.375Z"}
{"customer_id":"C00114","profile":"{\"first_name\":\"Kalila\",\"last_name\":\"Behrendsen\",\"gender\":\"Female\",\"address\":{\"street\":\"823 Raven Alley\",\"city\":\"Tawa\",\"country\":\"China\"}}","updated":"2021-12-14T23:15:43.375Z"}
{"customer_id":"C00115","email":"lbellwoodlp@answers.com","profile":"{\"first_name\":\"Lemmy\",\"last_name\":\"Bellwood\",\"gender\":\"Male\",\"address\":{\"street\":\"3275 Debs Drive\",\"city\":\"Sørvágur\",\"country\":\"Faroe Islands\"}}","updated":"2021-12-14T23:15:43.375Z"}
{"customer_id":"C00116","profile":"{\"first_name\":\"Grady\",\"last_name\":\"Benger\",\"gender\":\"Male\",\"address\":{\"street\":\"72 Melby Street\",\"city\":\"Povorino\",\"country\":\"Russia\"}}","updated":"2021-12-14T23:15:43.375Z"}
{"customer_id":"C00117","email":"dbennettski@usgs.gov","profile":"{\"first_name\":\"Delano\",\"last_name\":\"Bennetts\",\"gender\":\"Male\",\"address\":{\"street\":\"6388 Lyons Circle\",\"city\":\"Jardin\",\"country\":\"Mexico\"}}","updated":"2021-12-14T23:15:43.375Z"}
{"customer_id":"C00118","email":"mbennoe2x@reference.com","profile":"{\"first_name\":\"Milzie\",\"last_name\":\"Bennoe\",\"gender\":\"Female\",\"address\":{\"street\":\"58 Nova Alley\",\"city\":\"Beiqijia\",\"country\":\"China\"}}","updated":"2021-12-14T23:15:43.375Z"}
{"customer_id":"C00119","profile":"{\"first_name\":\"Efrem\",\"last_name\":\"Benny\",\"gender\":\"Male\",\"address\":{\"street\":\"3456 Eggendart Center\",\"city\":\"Tauranga\",\"country\":\"New Zealand\"}}","updated":"2021-12-14T23:15:43.375Z"}
{"customer_id":"C00120","email":"hbenziegv@discuz.net","profile":"{\"first_name\":\"Hugo\",\"last_name\":\"Benzie\",\"gender\":\"Male\",\"address\":{\"street\":\"20174 Heath Lane\",\"city\":\"Murovanoye\",\"country\":\"Ukraine\"}}","updated":"2021-12-14T23:15:43.375Z"}
{"customer_id":"C00121","email":"mberettagu@qq.com","profile":"{\"first_name\":\"Morty\",\"last_name\":\"Beretta\",\"gender\":\"Male\",\"address\":{\"street\":\"3 Jackson Point\",\"city\":\"Miaoquan\",\"country\":\"China\"}}","updated":"2021-12-14T23:15:43.375Z"}
{"customer_id":"C00122","email":"bberggren4@purevolume.com","profile":"{\"first_name\":\"Byram\",\"last_name\":\"Berggren\",\"gender\":\"Male\",\"address\":{\"street\":\"395 Grim Point\",\"city\":\"Pervomays’ke\",\"country\":\"Ukraine\"}}","updated":"2021-12-14T23:15:43.375Z"}
{"customer_id":"C00123","profile":"{\"first_name\":\"Alisa\",\"last_name\":\"Bernardet\",\"gender\":\"Female\",\"address\":{\"street\":\"65799 Esch Terrace\",\"city\":\"Toulouse\",\"country\":\"France\"}}","updated":"2021-12-14T23:15:43.375Z"}
{"customer_id":"C00124","profile":"{\"first_name\":\"Jannel\",\"last_name\":\"Berryman\",\"gender\":\"Female\",\"address\":{\"street\":\"33 Eliot Avenue\",\"city\":\"Laurel\",\"country\":\"United States\"}}","updated":"2021-12-14T23:15:43.375Z"}
{"customer_id":"C00125","email":"ebert2t@biglobe.ne.jp","profile":"{\"first_name\":\"Elga\",\"last_name\":\"Bert\",\"gender\":\"Female\",\"address\":{\"street\":\"8 Messerschmidt Crossing\",\"city\":\"Ampanihy\",\"country\":\"Madagascar\"}}","updated":"2021-12-14T23:15:43.375Z"}
{"customer_id":"C00126","profile":"{\"first_name\":\"Muire\",\"last_name\":\"Beseke\",\"gender\":\"Female\",\"address\":{\"street\":\"847 Springview Court\",\"city\":\"Cancela\",\"country\":\"Portugal\"}}","updated":"2021-12-14T23:15:43.375Z"}
{"customer_id":"C00127","profile":"{\"first_name\":\"Gianni\",\"last_name\":\"Beseke\",\"gender\":\"Male\",\"address\":{\"street\":\"06920 Rockefeller Park\",\"city\":\"Lipsko\",\"country\":\"Poland\"}}","updated":"2021-12-14T23:15:43.375Z"}
{"customer_id":"C00128","email":"bbetteridge2p@constantcontact.com","profile":"{\"first_name\":\"Baxy\",\"last_name\":\"Betteridge\",\"gender\":\"Male\",\"address\":{\"street\":\"565 Becker Avenue\",\"city\":\"Dabbūrīya\",\"country\":\"Israel\"}}","updated":"2021-12-14T23:15:43.375Z"}
{"customer_id":"C00129","profile":"{\"first_name\":\"Henri\",\"last_name\":\"Bewfield\",\"gender\":\"Male\",\"address\":{\"street\":\"3457 Waywood Park\",\"city\":\"Jiashi\",\"country\":\"China\"}}","updated":"2021-12-14T23:15:43.375Z"}
{"customer_id":"C00130","profile":"{\"first_name\":\"Giraldo\",\"last_name\":\"Beynon\",\"gender\":\"Male\",\"address\":{\"street\":\"20 Fair Oaks Parkway\",\"city\":\"Niederwaldkirchen\",\"country\":\"Austria\"}}","updated":"2021-12-14T23:15:43.375Z"}
{"customer_id":"C00131","email":"mbiaggetti4i@opensource.org","profile":"{\"first_name\":\"Miller\",\"last_name\":\"Biaggetti\",\"gender\":\"Male\",\"address\":{\"street\":\"7 Dryden Junction\",\"city\":\"Regidor\",\"country\":\"Colombia\"}}","updated":"2021-12-14T23:15:43.375Z"}
{"customer_id":"C00132","email":"abibbylf@usatoday.com","profile":"{\"first_name\":\"Aloysia\",\"last_name\":\"Bibby\",\"gender\":\"Bigender\",\"address\":{\"street\":\"76651 Kenwood Place\",\"city\":\"Granja\",\"country\":\"Portugal\"}}","updated":"2021-12-14T23:15:43.375Z"}
{"customer_id":"C00133","email":"bbignal8v@spiegel.de","profile":"{\"first_name\":\"Berke\",\"last_name\":\"Bignal\",\"gender\":\"Male\",\"address\":{\"street\":\"73 Montana Street\",\"city\":\"Oripää\",\"country\":\"Finland\"}}","updated":"2021-12-14T23:15:43.375Z"}
{"customer_id":"C00134","profile":"{\"first_name\":\"Ardys\",\"last_name\":\"Billings\",\"gender\":\"Female\",\"address\":{\"street\":\"940 Independence Trail\",\"city\":\"Jarry\",\"country\":\"Guadeloupe\"}}","updated":"2021-12-14T23:15:43.375Z"}
{"customer_id":"C00135","profile":"{\"first_name\":\"Godfrey\",\"last_name\":\"Birchall\",\"gender\":\"Male\",\"address\":{\"street\":\"01 Merry Terrace\",\"city\":\"Artsvaberd\",\"country\":\"Armenia\"}}","updated":"2021-12-14T23:15:43.375Z"}
{"customer_id":"C00136","email":"ebirds9z@reference.com","profile":"{\"first_name\":\"Erek\",\"last_name\":\"Birds\",\"gender\":\"Male\",\"address\":{\"street\":\"4931 Loftsgordon Parkway\",\"city\":\"Milwaukee\",\"country\":\"United States\"}}","updated":"2021-12-14T23:15:43.375Z"}
{"customer_id":"C00137","profile":"{\"first_name\":\"Adelice\",\"last_name\":\"Birkenshaw\",\"gender\":\"Female\",\"address\":{\"street\":\"4085 Luster Court\",\"city\":\"Toledo\",\"country\":\"United States\"}}","updated":"2021-12-14T23:15:43.375Z"}
{"customer_id":"C00138","email":"fbispham58@i2i.jp","profile":"{\"first_name\":\"Frankie\",\"last_name\":\"Bispham\",\"gender\":\"Agender\",\"address\":{\"street\":\"3547 Bartelt Junction\",\"city\":\"Gayam\",\"country\":\"Indonesia\"}}","updated":"2021-12-14T23:15:43.375Z"}
{"customer_id":"C00139","email":"rbisseker8b@nyu.edu","profile":"{\"first_name\":\"Rudiger\",\"last_name\":\"Bisseker\",\"gender\":\"Male\",\"address\":{\"street\":\"443 Anhalt Hill\",\"city\":\"Buyunshan\",\"country\":\"China\"}}","updated":"2021-12-14T23:15:43.375Z"}
{"customer_id":"C00140","profile":"{\"first_name\":\"Laney\",\"last_name\":\"Bissex\",\"gender\":\"Male\",\"address\":{\"street\":\"09010 American Ash Terrace\",\"city\":\"Jianqiao\",\"country\":\"China\"}}","updated":"2021-12-14T23:15:43.375Z"}
{"customer_id":"C00141","email":"nblackwayaa@quantcast.com","profile":"{\"first_name\":\"Nikolas\",\"last_name\":\"Blackway\",\"gender\":\"Male\",\"address\":{\"street\":\"7 6th Parkway\",\"city\":\"Sawahan\",\"country\":\"Indonesia\"}}","updated":"2021-12-14T23:15:43.375Z"}
{"customer_id":"C00142","profile":"{\"first_name\":\"Donny\",\"last_name\":\"Blakey\",\"gender\":\"Male\",\"address\":{\"street\":\"024 Moose Park\",\"city\":\"Kanungu\",\"country\":\"Uganda\"}}","updated":"2021-12-14T23:15:43.375Z"}
{"customer_id":"C00143","profile":"{\"first_name\":\"Stormy\",\"last_name\":\"Blankau\",\"gender\":\"Female\",\"address\":{\"street\":\"36606 Londonderry Trail\",\"city\":\"Skwierzyna\",\"country\":\"Poland\"}}","updated":"2021-12-14T23:15:43.375Z"}
{"customer_id":"C00144","email":"gblasonim7@imgur.com","profile":"{\"first_name\":\"Gawain\",\"last_name\":\"Blasoni\",\"gender\":\"Male\",\"address\":{\"street\":\"4 Elgar Place\",\"city\":\"São Mamede de Infesta\",\"country\":\"Portugal\"}}","updated":"2021-12-14T23:15:43.375Z"}
{"customer_id":"C00145","email":"bblaycd@printfriendly.com","profile":"{\"first_name\":\"Burt\",\"last_name\":\"Blay\",\"gender\":\"Male\",\"address\":{\"street\":\"0045 Jackson Way\",\"city\":\"Áno Kastrítsion\",\"country\":\"Greece\"}}","updated":"2021-12-14T23:15:43.375Z"}
{"customer_id":"C00146","email":"kblaymires62@xrea.com","profile":"{\"first_name\":\"Kellyann\",\"last_name\":\"Blaymires\",\"gender\":\"Female\",\"address\":{\"street\":\"722 Muir Parkway\",\"city\":\"San Miguel\",\"country\":\"Philippines\"}}","updated":"2021-12-14T23:15:43.375Z"}
{"customer_id":"C00147","email":"cblazichj@dailymail.co.uk","profile":"{\"first_name\":\"Cherish\",\"last_name\":\"Blazic\",\"gender\":\"Female\",\"address\":{\"street\":\"3 Veith Terrace\",\"city\":\"Longlisuo\",\"country\":\"China\"}}","updated":"2021-12-14T23:15:43.375Z"}
{"customer_id":"C00148","email":"gblezardi3@boston.com","profile":"{\"first_name\":\"Georgiana\",\"last_name\":\"Blezard\",\"gender\":\"Female\",\"address\":{\"street\":\"2 Talisman Way\",\"city\":\"Gembu\",\"country\":\"Nigeria\"}}","updated":"2021-12-14T23:15:43.375Z"}
{"customer_id":"C00149","email":"fblighoe@google.de","profile":"{\"first_name\":\"Freddi\",\"last_name\":\"Bligh\",\"gender\":\"Female\",\"address\":{\"street\":\"9591 Independence Crossing\",\"city\":\"Prochowice\",\"country\":\"Poland\"}}","updated":"2021-12-14T23:15:43.375Z"}
{"customer_id":"C00150","email":"eblizardgb@hatena.ne.jp","profile":"{\"first_name\":\"Erna\",\"last_name\":\"Blizard\",\"gender\":\"Polygender\",\"address\":{\"street\":\"4 Schmedeman Park\",\"city\":\"Shkurinskaya\",\"country\":\"Russia\"}}","updated":"2021-12-14T23:15:43.375Z"}
{"customer_id":"C00151","profile":"{\"first_name\":\"Alfy\",\"last_name\":\"Bloxsum\",\"gender\":\"Male\",\"address\":{\"street\":\"0433 Namekagon Pass\",\"city\":\"Caen\",\"country\":\"France\"}}","updated":"2021-12-14T23:15:43.375Z"}
{"customer_id":"C00152","email":"hbloysi6@google.com.br","profile":"{\"first_name\":\"Hillery\",\"last_name\":\"Bloys\",\"gender\":\"Male\",\"address\":{\"street\":\"4 Muir Pass\",\"city\":\"Xuji\",\"country\":\"China\"}}","updated":"2021-12-14T23:15:43.375Z"}
{"customer_id":"C00153","email":"eblumhi@google.de","profile":"{\"first_name\":\"Ema\",\"last_name\":\"Blum\",\"gender\":\"Female\",\"address\":{\"street\":\"045 Sunfield Hill\",\"city\":\"Lourido\",\"country\":\"Portugal\"}}","updated":"2021-12-14T23:15:43.375Z"}
{"customer_id":"C00154","profile":"{\"first_name\":\"Averil\",\"last_name\":\"Blunsum\",\"gender\":\"Male\",\"address\":{\"street\":\"519 Caliangt Point\",\"city\":\"Talisayan\",\"country\":\"Philippines\"}}","updated":"2021-12-14T23:15:43.375Z"}
{"customer_id":"C00155","profile":"{\"first_name\":\"Baxter\",\"last_name\":\"Boag\",\"gender\":\"Male\",\"address\":{\"street\":\"713 Jenna Drive\",\"city\":\"Vargem Grande Paulista\",\"country\":\"Brazil\"}}","updated":"2021-12-14T23:15:43.375Z"}
{"customer_id":"C00156","profile":"{\"first_name\":\"Kerry\",\"last_name\":\"Boch\",\"gender\":\"Female\",\"address\":{\"street\":\"47 American Lane\",\"city\":\"Thị Trấn Phú Mỹ\",\"country\":\"Vietnam\"}}","updated":"2021-12-14T23:15:43.375Z"}
{"customer_id":"C00157","email":"bbockler98@geocities.com","profile":"{\"first_name\":\"Bob\",\"last_name\":\"Bockler\",\"gender\":\"Male\",\"address\":{\"street\":\"7 Menomonie Avenue\",\"city\":\"Suining\",\"country\":\"China\"}}","updated":"2021-12-14T23:15:43.375Z"}
{"customer_id":"C00158","profile":"{\"first_name\":\"Katerina\",\"last_name\":\"Bodker\",\"gender\":\"Female\",\"address\":{\"street\":\"69 4th Plaza\",\"city\":\"Myasnikyan\",\"country\":\"Armenia\"}}","updated":"2021-12-14T23:15:43.375Z"}
{"customer_id":"C00159","profile":"{\"first_name\":\"Ingelbert\",\"last_name\":\"Bodle\",\"gender\":\"Bigender\",\"address\":{\"street\":\"564 Holy Cross Pass\",\"city\":\"Zhu’ao\",\"country\":\"China\"}}","updated":"2021-12-14T23:15:43.375Z"}
{"customer_id":"C00160","email":"lboerderi8@cdbaby.com","profile":"{\"first_name\":\"Lannie\",\"last_name\":\"Boerder\",\"gender\":\"Male\",\"address\":{\"street\":\"81181 Doe Crossing Park\",\"city\":\"Stýpsi\",\"country\":\"Greece\"}}","updated":"2021-12-14T23:15:43.375Z"}
{"customer_id":"C00161","profile":"{\"first_name\":\"Duke\",\"last_name\":\"Bonfield\",\"gender\":\"Male\",\"address\":{\"street\":\"74375 Ryan Lane\",\"city\":\"Āzādshahr\",\"country\":\"Iran\"}}","updated":"2021-12-14T23:15:43.375Z"}
{"customer_id":"C00162","profile":"{\"first_name\":\"Selig\",\"last_name\":\"Boniface\",\"gender\":\"Male\",\"address\":{\"street\":\"0 Milwaukee Avenue\",\"city\":\"Teupasenti\",\"country\":\"Honduras\"}}","updated":"2021-12-14T23:15:43.375Z"}
{"customer_id":"C00163","profile":"{\"first_name\":\"Birgit\",\"last_name\":\"Boor\",\"gender\":\"Female\",\"address\":{\"street\":\"174 Blaine Alley\",\"city\":\"Pak Phli\",\"country\":\"Thailand\"}}","updated":"2021-12-14T23:15:43.375Z"}
{"customer_id":"C00164","email":"jbortherd@uiuc.edu","profile":"{\"first_name\":\"Jodie\",\"last_name\":\"Borthe\",\"gender\":\"Female\",\"address\":{\"street\":\"5 Transport Street\",\"city\":\"Nacka\",\"country\":\"Sweden\"}}","updated":"2021-12-14T23:15:43.375Z"}
{"customer_id":"C00165","profile":"{\"first_name\":\"Lowe\",\"last_name\":\"Bortoli\",\"gender\":\"Male\",\"address\":{\"street\":\"6 Crowley Center\",\"city\":\"Carrières-sur-Seine\",\"country\":\"France\"}}","updated":"2021-12-14T23:15:43.375Z"}
{"customer_id":"C00166","email":"ebortolomeilz@deviantart.com","profile":"{\"first_name\":\"Elihu\",\"last_name\":\"Bortolomei\",\"gender\":\"Genderfluid\",\"address\":{\"street\":\"0273 Grasskamp Place\",\"city\":\"Kävlinge\",\"country\":\"Sweden\"}}","updated":"2021-12-14T23:15:43.375Z"}
{"customer_id":"C00167","email":"jboshardhh@mail.ru","profile":"{\"first_name\":\"Jojo\",\"last_name\":\"Boshard\",\"gender\":\"Female\",\"address\":{\"street\":\"7851 Clyde Gallagher Drive\",\"city\":\"Jacareí\",\"country\":\"Brazil\"}}","updated":"2021-12-14T23:15:43.375Z"}
{"customer_id":"C00168","email":"ebossellm@bbc.co.uk","profile":"{\"first_name\":\"Emanuel\",\"last_name\":\"Bossel\",\"gender\":\"Male\",\"address\":{\"street\":\"36251 Stuart Lane\",\"city\":\"Erie\",\"country\":\"United States\"}}","updated":"2021-12-14T23:15:43.375Z"}
{"customer_id":"C00169","profile":"{\"first_name\":\"Rossy\",\"last_name\":\"Boughton\",\"gender\":\"Male\",\"address\":{\"street\":\"36509 Melvin Circle\",\"city\":\"Sabnie\",\"country\":\"Poland\"}}","updated":"2021-12-14T23:15:43.375Z"}
{"customer_id":"C00170","email":"jbouledn@tuttocitta.it","profile":"{\"first_name\":\"Jessee\",\"last_name\":\"Boule\",\"gender\":\"Male\",\"address\":{\"street\":\"62 Carpenter Parkway\",\"city\":\"Lodoyo\",\"country\":\"Indonesia\"}}","updated":"2021-12-14T23:15:43.375Z"}
{"customer_id":"C00171","email":"iboultonkj@opera.com","profile":"{\"first_name\":\"Idell\",\"last_name\":\"Boulton\",\"gender\":\"Female\",\"address\":{\"street\":\"73 Dawn Alley\",\"city\":\"Tha Uthen\",\"country\":\"Thailand\"}}","updated":"2021-12-14T23:15:43.375Z"}
{"customer_id":"C00172","profile":"{\"first_name\":\"Rock\",\"last_name\":\"Bourgour\",\"gender\":\"Male\",\"address\":{\"street\":\"7657 Algoma Trail\",\"city\":\"Daoxu\",\"country\":\"China\"}}","updated":"2021-12-14T23:15:43.375Z"}
{"customer_id":"C00173","email":"bbourgourd7e@ucoz.ru","profile":"{\"first_name\":\"Betsey\",\"last_name\":\"Bourgourd\",\"gender\":\"Female\",\"address\":{\"street\":\"09 Saint Paul Avenue\",\"city\":\"Delmas\",\"country\":\"South Africa\"}}","updated":"2021-12-14T23:15:43.375Z"}
{"customer_id":"C00174","email":"jbourhill2o@about.me","profile":"{\"first_name\":\"Jeannie\",\"last_name\":\"Bourhill\",\"gender\":\"Female\",\"address\":{\"street\":\"0 Stoughton Road\",\"city\":\"Chengxi\",\"country\":\"China\"}}","updated":"2021-12-14T23:15:43.375Z"}
{"customer_id":"C00175","email":"dbowmakerck@ed.gov","profile":"{\"first_name\":\"Darius\",\"last_name\":\"Bowmaker\",\"gender\":\"Male\",\"address\":{\"street\":\"71 Mcguire Center\",\"city\":\"Kokopo\",\"country\":\"Papua New Guinea\"}}","updated":"2021-12-14T23:15:43.375Z"}
{"customer_id":"C00176","email":"abozierce@ow.ly","profile":"{\"first_name\":\"Anjela\",\"last_name\":\"Bozier\",\"gender\":\"Female\",\"address\":{\"street\":\"629 Carberry Circle\",\"city\":\"Zhongtong\",\"country\":\"China\"}}","updated":"2021-12-14T23:15:43.375Z"}
{"customer_id":"C00177","email":"ebradburnebc@privacy.gov.au","profile":"{\"first_name\":\"Elspeth\",\"last_name\":\"Bradburne\",\"gender\":\"Female\",\"address\":{\"street\":\"300 Morningstar Street\",\"city\":\"Depapre\",\"country\":\"Indonesia\"}}","updated":"2021-12-14T23:15:43.375Z"}
{"customer_id":"C00178","email":"mbrafferton4u@adobe.com","profile":"{\"first_name\":\"Mallory\",\"last_name\":\"Brafferton\",\"gender\":\"Bigender\",\"address\":{\"street\":\"3 Sunnyside Drive\",\"city\":\"Rada Tilly\",\"country\":\"Argentina\"}}","updated":"2021-12-14T23:15:43.375Z"}
{"customer_id":"C00179","email":"wbrainsbynb@skype.com","profile":"{\"first_name\":\"Will\",\"last_name\":\"Brainsby\",\"gender\":\"Male\",\"address\":{\"street\":\"23 Milwaukee Circle\",\"city\":\"Tsagaan-Olom\",\"country\":\"Mongolia\"}}","updated":"2021-12-14T23:15:43.375Z"}
{"customer_id":"C00180","email":"rbrammarln@ed.gov","profile":"{\"first_name\":\"Rebeca\",\"last_name\":\"Brammar\",\"gender\":\"Female\",\"address\":{\"street\":\"78 Summit Street\",\"city\":\"Zuhu\",\"country\":\"China\"}}","updated":"2021-12-14T23:15:43.375Z"}
{"customer_id":"C00181","email":"lbrandaccie9@mozilla.org","profile":"{\"first_name\":\"Lyndsay\",\"last_name\":\"Brandacci\",\"gender\":\"Female\",\"address\":{\"street\":\"45472 Stang Crossing\",\"city\":\"Minneapolis\",\"country\":\"United States\"}}","updated":"2021-12-14T23:15:43.375Z"}
{"customer_id":"C00182","profile":"{\"first_name\":\"Lauren\",\"last_name\":\"Bratley\",\"gender\":\"Male\",\"address\":{\"street\":\"85696 Muir Way\",\"city\":\"Minanga Norte\",\"country\":\"Philippines\"}}","updated":"2021-12-14T23:15:43.375Z"}
{"customer_id":"C00183","profile":"{\"first_name\":\"Gale\",\"last_name\":\"Braunds\",\"gender\":\"Female\",\"address\":{\"street\":\"5 Messerschmidt Way\",\"city\":\"Nanga Eboko\",\"country\":\"Cameroon\"}}","updated":"2021-12-14T23:15:43.375Z"}
{"customer_id":"C00184","email":"kbreawood73@alexa.com","profile":"{\"first_name\":\"Katleen\",\"last_name\":\"Breawood\",\"gender\":\"Female\",\"address\":{\"street\":\"7486 Kingsford Drive\",\"city\":\"Choushui\",\"country\":\"China\"}}","updated":"2021-12-14T23:15:43.375Z"}
{"customer_id":"C00185","email":"fbreconjs@pinterest.com","profile":"{\"first_name\":\"Freida\",\"last_name\":\"Brecon\",\"gender\":\"Genderfluid\",\"address\":{\"street\":\"27586 Rowland Plaza\",\"city\":\"Isiolo\",\"country\":\"Kenya\"}}","updated":"2021-12-14T23:15:43.375Z"}
{"customer_id":"C00186","email":"pbredebm@php.net","profile":"{\"first_name\":\"Petr\",\"last_name\":\"Brede\",\"gender\":\"Male\",\"address\":{\"street\":\"21 Portage Court\",\"city\":\"Sīlat al Ḩārithīyah\",\"country\":\"Palestinian Territory\"}}","updated":"2021-12-14T23:15:43.375Z"}
{"customer_id":"C00187","profile":"{\"first_name\":\"Horatio\",\"last_name\":\"Breit\",\"gender\":\"Genderqueer\",\"address\":{\"street\":\"45939 Redwing Hill\",\"city\":\"Leon\",\"country\":\"Spain\"}}","updated":"2021-12-14T23:15:43.375Z"}
{"customer_id":"C00188","email":"sbreit5q@intel.com","profile":"{\"first_name\":\"Sollie\",\"last_name\":\"Breit\",\"gender\":\"Male\",\"address\":{\"street\":\"62 Oakridge Plaza\",\"city\":\"Magoúla\",\"country\":\"Greece\"}}","updated":"2021-12-14T23:15:43.375Z"}
{"customer_id":"C00189","profile":"{\"first_name\":\"Jasmin\",\"last_name\":\"Brennenstuhl\",\"gender\":\"Female\",\"address\":{\"street\":\"98399 Dahle Junction\",\"city\":\"Antioquia\",\"country\":\"Colombia\"}}","updated":"2021-12-14T23:15:43.375Z"}
{"customer_id":"C00190","email":"lbrewina4@lycos.com","profile":"{\"first_name\":\"Lyn\",\"last_name\":\"Brewin\",\"gender\":\"Female\",\"address\":{\"street\":\"65 Katie Crossing\",\"city\":\"Káto Nevrokópi\",\"country\":\"Greece\"}}","updated":"2021-12-14T23:15:43.375Z"}
{"customer_id":"C00191","profile":"{\"first_name\":\"Heloise\",\"last_name\":\"Bricket\",\"gender\":\"Female\",\"address\":{\"street\":\"283 Reinke Plaza\",\"city\":\"Béoumi\",\"country\":\"Ivory Coast\"}}","updated":"2021-12-14T23:15:43.375Z"}
{"customer_id":"C00192","email":"mbriddle3e@trellian.com","profile":"{\"first_name\":\"Mei\",\"last_name\":\"Briddle\",\"gender\":\"Female\",\"address\":{\"street\":\"7651 Morrow Pass\",\"city\":\"Huangni\",\"country\":\"China\"}}","updated":"2021-12-14T23:15:43.375Z"}
{"customer_id":"C00193","profile":"{\"first_name\":\"Robby\",\"last_name\":\"Bridge\",\"gender\":\"Female\",\"address\":{\"street\":\"50060 Coleman Park\",\"city\":\"Yelan’-Kolenovskiy\",\"country\":\"Russia\"}}","updated":"2021-12-14T23:15:43.375Z"}
{"customer_id":"C00194","profile":"{\"first_name\":\"Lion\",\"last_name\":\"Brien\",\"gender\":\"Male\",\"address\":{\"street\":\"81213 Montana Drive\",\"city\":\"Xihuaiba\",\"country\":\"China\"}}","updated":"2021-12-14T23:15:43.375Z"}
{"customer_id":"C00195","profile":"{\"first_name\":\"Christen\",\"last_name\":\"Briers\",\"gender\":\"Female\",\"address\":{\"street\":\"657 Garrison Center\",\"city\":\"Klenje\",\"country\":\"Serbia\"}}","updated":"2021-12-14T23:15:43.375Z"}
{"customer_id":"C00196","profile":"{\"first_name\":\"Reinald\",\"last_name\":\"Brimilcombe\",\"gender\":\"Male\",\"address\":{\"street\":\"4326 Gina Place\",\"city\":\"Зуунмод\",\"country\":\"Mongolia\"}}","updated":"2021-12-14T23:15:43.375Z"}
{"customer_id":"C00197","email":"ebrimm72@comcast.net","profile":"{\"first_name\":\"Estella\",\"last_name\":\"Brimm\",\"gender\":\"Female\",\"address\":{\"street\":\"65679 Forster Avenue\",\"city\":\"Xizhong\",\"country\":\"China\"}}","updated":"2021-12-14T23:15:43.375Z"}
{"customer_id":"C00198","profile":"{\"first_name\":\"Sonni\",\"last_name\":\"Brinkler\",\"gender\":\"Female\",\"address\":{\"street\":\"88 Redwing Drive\",\"city\":\"Brest\",\"country\":\"France\"}}","updated":"2021-12-14T23:15:43.375Z"}
{"customer_id":"C00199","email":"mbrisse4w@smugmug.com","profile":"{\"first_name\":\"Margarethe\",\"last_name\":\"Brisse\",\"gender\":\"Female\",\"address\":{\"street\":\"59 Hallows Center\",\"city\":\"Bacabal\",\"country\":\"Brazil\"}}","updated":"2021-12-14T23:15:43.375Z"}
{"customer_id":"C00200","email":"xbrittles1p@smugmug.com","profile":"{\"first_name\":\"Ximenez\",\"last_name\":\"Brittles\",\"gender\":\"Male\",\"address\":{\"street\":\"05 Buell Street\",\"city\":\"Āl Ma‘ūdah\",\"country\":\"Yemen\"}}","updated":"2021-12-14T23:15:43.375Z"}
{"customer_id":"C00201","email":"tbroadbridgeaw@flickr.com","profile":"{\"first_name\":\"Tonia\",\"last_name\":\"Broadbridge\",\"gender\":\"Female\",\"address\":{\"street\":\"87 Northridge Hill\",\"city\":\"Maguwon\",\"country\":\"Indonesia\"}}","updated":"2021-12-14T23:15:43.375Z"}
{"customer_id":"C00202","profile":"{\"first_name\":\"Davis\",\"last_name\":\"Brockbank\",\"gender\":\"Male\",\"address\":{\"street\":\"02347 Bayside Alley\",\"city\":\"Masḩah\",\"country\":\"Palestinian Territory\"}}","updated":"2021-12-14T23:15:43.375Z"}
{"customer_id":"C00203","email":"dbrodeur39@un.org","profile":"{\"first_name\":\"Dana\",\"last_name\":\"Brodeur\",\"gender\":\"Male\",\"address\":{\"street\":\"73 East Place\",\"city\":\"Prizren\",\"country\":\"Kosovo\"}}","updated":"2021-12-14T23:15:43.375Z"}
{"customer_id":"C00204","email":"cbroodesk6@g.co","profile":"{\"first_name\":\"Cornie\",\"last_name\":\"Broodes\",\"gender\":\"Male\",\"address\":{\"street\":\"8907 Westridge Junction\",\"city\":\"Trondheim\",\"country\":\"Norway\"}}","updated":"2021-12-14T23:15:43.375Z"}
{"customer_id":"C00205","email":"kbrooksby6d@mit.edu","profile":"{\"first_name\":\"Kurt\",\"last_name\":\"Brooksby\",\"gender\":\"Genderqueer\",\"address\":{\"street\":\"25569 Di Loreto Plaza\",\"city\":\"Ikeda\",\"country\":\"Japan\"}}","updated":"2021-12-14T23:15:43.375Z"}
{"customer_id":"C00206","profile":"{\"first_name\":\"Harley\",\"last_name\":\"Broun\",\"gender\":\"Female\",\"address\":{\"street\":\"08153 Pleasure Way\",\"city\":\"Santo Anastácio\",\"country\":\"Brazil\"}}","updated":"2021-12-14T23:15:43.375Z"}
{"customer_id":"C00207","profile":"{\"first_name\":\"Ephrem\",\"last_name\":\"Bruckstein\",\"gender\":\"Male\",\"address\":{\"street\":\"923 Tennyson Pass\",\"city\":\"Kladruby\",\"country\":\"Czech Republic\"}}","updated":"2021-12-14T23:15:43.375Z"}
{"customer_id":"C00208","profile":"{\"first_name\":\"Dill\",\"last_name\":\"Bryden\",\"gender\":\"Male\",\"address\":{\"street\":\"7972 Towne Hill\",\"city\":\"Ubon Ratchathani\",\"country\":\"Thailand\"}}","updated":"2021-12-14T23:15:43.375Z"}
{"customer_id":"C00209","email":"lbudcockg7@economist.com","profile":"{\"first_name\":\"Layton\",\"last_name\":\"Budcock\",\"gender\":\"Male\",\"address\":{\"street\":\"0 Hansons Center\",\"city\":\"Anseong\",\"country\":\"South Korea\"}}","updated":"2021-12-14T23:15:43.375Z"}
{"customer_id":"C00210","email":"tbudd73@baidu.com","profile":"{\"first_name\":\"Thedric\",\"last_name\":\"Budd\",\"gender\":\"Male\",\"address\":{\"street\":\"10 Straubel Way\",\"city\":\"Tomilino\",\"country\":\"Russia\"}}","updated":"2021-12-14T23:15:43.375Z"}
{"customer_id":"C00211","profile":"{\"first_name\":\"Callida\",\"last_name\":\"Budget\",\"gender\":\"Female\",\"address\":{\"street\":\"16858 Burrows Center\",\"city\":\"Koufália\",\"country\":\"Greece\"}}","updated":"2021-12-14T23:15:43.375Z"}
{"customer_id":"C00212","email":"abudgett9i@storify.com","profile":"{\"first_name\":\"Ailee\",\"last_name\":\"Budgett\",\"gender\":\"Female\",\"address\":{\"street\":\"0 Holy Cross Center\",\"city\":\"Pasadena\",\"country\":\"United States\"}}","updated":"2021-12-14T23:15:43.375Z"}
{"customer_id":"C00213","email":"cbudleighrf@nhs.uk","profile":"{\"first_name\":\"Currie\",\"last_name\":\"Budleigh\",\"gender\":\"Male\",\"address\":{\"street\":\"8 Little Fleur Lane\",\"city\":\"Mulan\",\"country\":\"China\"}}","updated":"2021-12-14T23:15:43.375Z"}
{"customer_id":"C00214","email":"mbulgen20@ask.com","profile":"{\"first_name\":\"Martin\",\"last_name\":\"Bulgen\",\"gender\":\"Male\",\"address\":{\"street\":\"76 Glendale Parkway\",\"city\":\"Fonte da Vaca\",\"country\":\"Portugal\"}}","updated":"2021-12-14T23:15:43.375Z"}
{"customer_id":"C00215","email":"gbullockq9@who.int","profile":"{\"first_name\":\"Gerome\",\"last_name\":\"Bullock\",\"gender\":\"Male\",\"address\":{\"street\":\"8 Mcguire Park\",\"city\":\"Juradó\",\"country\":\"Colombia\"}}","updated":"2021-12-14T23:15:43.375Z"}
{"customer_id":"C00216","email":"ebunton5p@usatoday.com","profile":"{\"first_name\":\"Eberhard\",\"last_name\":\"Bunton\",\"gender\":\"Male\",\"address\":{\"street\":\"542 Merchant Alley\",\"city\":\"L'Île-Perrot\",\"country\":\"Canada\"}}","updated":"2021-12-14T23:15:43.375Z"}
{"customer_id":"C00217","profile":"{\"first_name\":\"Baryram\",\"last_name\":\"Burbridge\",\"gender\":\"Genderfluid\",\"address\":{\"street\":\"7966 Hoard Terrace\",\"city\":\"Siding\",\"country\":\"Indonesia\"}}","updated":"2021-12-14T23:15:43.375Z"}
{"customer_id":"C00218","profile":"{\"first_name\":\"Gerta\",\"last_name\":\"Burburough\",\"gender\":\"Female\",\"address\":{\"street\":\"9165 Amoth Circle\",\"city\":\"Almeria\",\"country\":\"Spain\"}}","updated":"2021-12-14T23:15:43.375Z"}
{"customer_id":"C00219","email":"aburchmoreea@sina.com.cn","profile":"{\"first_name\":\"Anson\",\"last_name\":\"Burchmore\",\"gender\":\"Bigender\",\"address\":{\"street\":\"0 High Crossing Alley\",\"city\":\"Marseille\",\"country\":\"France\"}}","updated":"2021-12-14T23:15:43.375Z"}
{"customer_id":"C00220","email":"eburdess1c@arizona.edu","profile":"{\"first_name\":\"Estrellita\",\"last_name\":\"Burdess\",\"gender\":\"Female\",\"address\":{\"street\":\"72 Pearson Road\",\"city\":\"Zelenogorsk\",\"country\":\"Russia\"}}","updated":"2021-12-14T23:15:43.375Z"}
{"customer_id":"C00221","email":"lburgbi@unicef.org","profile":"{\"first_name\":\"Lauren\",\"last_name\":\"Burg\",\"gender\":\"Bigender\",\"address\":{\"street\":\"00 Thompson Parkway\",\"city\":\"La Rioja\",\"country\":\"Argentina\"}}","updated":"2021-12-14T23:15:43.375Z"}
{"customer_id":"C00222","profile":"{\"first_name\":\"Paulette\",\"last_name\":\"Burnie\",\"gender\":\"Female\",\"address\":{\"street\":\"7 Del Sol Parkway\",\"city\":\"Hinthada\",\"country\":\"Myanmar\"}}","updated":"2021-12-14T23:15:43.375Z"}
{"customer_id":"C00223","email":"tburnyeat9a@discovery.com","profile":"{\"first_name\":\"Thelma\",\"last_name\":\"Burnyeat\",\"gender\":\"Female\",\"address\":{\"street\":\"03 Bayside Road\",\"city\":\"Magepanda\",\"country\":\"Indonesia\"}}","updated":"2021-12-14T23:15:43.375Z"}
{"customer_id":"C00224","email":"rburroughesk0@wiley.com","profile":"{\"first_name\":\"Raeann\",\"last_name\":\"Burroughes\",\"gender\":\"Female\",\"address\":{\"street\":\"0 Northview Drive\",\"city\":\"Sochaux\",\"country\":\"France\"}}","updated":"2021-12-14T23:15:43.375Z"}
{"customer_id":"C00225","email":"jbusself5@dyndns.org","profile":"{\"first_name\":\"Jody\",\"last_name\":\"Bussel\",\"gender\":\"Female\",\"address\":{\"street\":\"65 Weeping Birch Street\",\"city\":\"Hošťka\",\"country\":\"Czech Republic\"}}","updated":"2021-12-14T23:15:43.375Z"}
{"customer_id":"C00226","email":"hbutterfilllo@qq.com","profile":"{\"first_name\":\"Hadria\",\"last_name\":\"Butterfill\",\"gender\":\"Female\",\"address\":{\"street\":\"6 Dennis Road\",\"city\":\"Hangzhou\",\"country\":\"China\"}}","updated":"2021-12-14T23:15:43.375Z"}
{"customer_id":"C00227","email":"abutterleycy@shop-pro.jp","profile":"{\"first_name\":\"Allys\",\"last_name\":\"Butterley\",\"gender\":\"Non-binary\",\"address\":{\"street\":\"29 Roth Point\",\"city\":\"Pinglumiao\",\"country\":\"China\"}}","updated":"2021-12-14T23:15:43.375Z"}
{"customer_id":"C00228","email":"abyass49@arizona.edu","profile":"{\"first_name\":\"Atlante\",\"last_name\":\"Byass\",\"gender\":\"Female\",\"address\":{\"street\":\"9208 Shelley Hill\",\"city\":\"Qasr Abu Hadi\",\"country\":\"Libya\"}}","updated":"2021-12-14T23:15:43.375Z"}
{"customer_id":"C00229","profile":"{\"first_name\":\"Rikki\",\"last_name\":\"Byfield\",\"gender\":\"Male\",\"address\":{\"street\":\"4 Fallview Junction\",\"city\":\"Zliten\",\"country\":\"Libya\"}}","updated":"2021-12-14T23:15:43.375Z"}
{"customer_id":"C00230","profile":"{\"first_name\":\"Dannye\",\"last_name\":\"Bygraves\",\"gender\":\"Female\",\"address\":{\"street\":\"033 Petterle Parkway\",\"city\":\"Betio Village\",\"country\":\"Kiribati\"}}","updated":"2021-12-14T23:15:43.375Z"}
{"customer_id":"C00231","email":"sbynethlk@adobe.com","profile":"{\"first_name\":\"Sayers\",\"last_name\":\"Byneth\",\"gender\":\"Male\",\"address\":{\"street\":\"7822 Village Drive\",\"city\":\"Taichung\",\"country\":\"Taiwan\"}}","updated":"2021-12-14T23:15:43.375Z"}
{"customer_id":"C00232","email":"gcadge9a@issuu.com","profile":"{\"first_name\":\"Gloriane\",\"last_name\":\"Cadge\",\"gender\":\"Polygender\",\"address\":{\"street\":\"193 Sunnyside Trail\",\"city\":\"Damawato\",\"country\":\"Philippines\"}}","updated":"2021-12-14T23:15:43.375Z"}
{"customer_id":"C00233","email":"kcadlockgt@gov.uk","profile":"{\"first_name\":\"Kenon\",\"last_name\":\"Cadlock\",\"gender\":\"Male\",\"address\":{\"street\":\"5971 Spenser Crossing\",\"city\":\"Jiucheng\",\"country\":\"China\"}}","updated":"2021-12-14T23:15:43.375Z"}
{"customer_id":"C00234","email":"jcaenbt@sbwire.com","profile":"{\"first_name\":\"Jorgan\",\"last_name\":\"Caen\",\"gender\":\"Bigender\",\"address\":{\"street\":\"1401 Butternut Center\",\"city\":\"Bongor\",\"country\":\"Chad\"}}","updated":"2021-12-14T23:15:43.375Z"}
{"customer_id":"C00235","email":"ncahillju@mail.ru","profile":"{\"first_name\":\"Natal\",\"last_name\":\"Cahill\",\"gender\":\"Male\",\"address\":{\"street\":\"0 Aberg Circle\",\"city\":\"Limeira\",\"country\":\"Brazil\"}}","updated":"2021-12-14T23:15:43.375Z"}
{"customer_id":"C00236","profile":"{\"first_name\":\"Onofredo\",\"last_name\":\"Caldes\",\"gender\":\"Male\",\"address\":{\"street\":\"7 6th Street\",\"city\":\"Trubchevsk\",\"country\":\"Russia\"}}","updated":"2021-12-14T23:15:43.375Z"}
{"customer_id":"C00237","profile":"{\"first_name\":\"Agace\",\"last_name\":\"Callear\",\"gender\":\"Female\",\"address\":{\"street\":\"5 Onsgard Trail\",\"city\":\"Muladbucad\",\"country\":\"Philippines\"}}","updated":"2021-12-14T23:15:43.375Z"}
{"customer_id":"C00238","email":"fcalvien@angelfire.com","profile":"{\"first_name\":\"Fallon\",\"last_name\":\"Calvie\",\"gender\":\"Female\",\"address\":{\"street\":\"5328 Jenna Pass\",\"city\":\"Linjiang\",\"country\":\"China\"}}","updated":"2021-12-14T23:15:43.375Z"}
{"customer_id":"C00239","email":"pcamblingk8@istockphoto.com","profile":"{\"first_name\":\"Perl\",\"last_name\":\"Cambling\",\"gender\":\"Non-binary\",\"address\":{\"street\":\"247 Kipling Crossing\",\"city\":\"Dembī Dolo\",\"country\":\"Ethiopia\"}}","updated":"2021-12-14T23:15:43.375Z"}
{"customer_id":"C00240","profile":"{\"first_name\":\"Tommie\",\"last_name\":\"Camplen\",\"gender\":\"Female\",\"address\":{\"street\":\"54074 Dovetail Point\",\"city\":\"Podgorenskiy\",\"country\":\"Russia\"}}","updated":"2021-12-14T23:15:43.375Z"}
{"customer_id":"C00241","profile":"{\"first_name\":\"Vonny\",\"last_name\":\"Cantrell\",\"gender\":\"Female\",\"address\":{\"street\":\"6 Harbort Hill\",\"city\":\"Long’anqiao\",\"country\":\"China\"}}","updated":"2021-12-14T23:15:43.375Z"}
{"customer_id":"C00242","email":"acantwellha@spiegel.de","profile":"{\"first_name\":\"Alli\",\"last_name\":\"Cantwell\",\"gender\":\"Female\",\"address\":{\"street\":\"134 Commercial Road\",\"city\":\"Belém\",\"country\":\"Brazil\"}}","updated":"2021-12-14T23:15:43.375Z"}
{"customer_id":"C00243","email":"tcapnerhurstm5@eepurl.com","profile":"{\"first_name\":\"Tera\",\"last_name\":\"Capnerhurst\",\"gender\":\"Genderqueer\",\"address\":{\"street\":\"6281 Arapahoe Parkway\",\"city\":\"Manouba\",\"country\":\"Tunisia\"}}","updated":"2021-12-14T23:15:43.375Z"}
{"customer_id":"C00244","profile":"{\"first_name\":\"Wendel\",\"last_name\":\"Carabet\",\"gender\":\"Male\",\"address\":{\"street\":\"430 Little Fleur Crossing\",\"city\":\"El Ocotón\",\"country\":\"Honduras\"}}","updated":"2021-12-14T23:15:43.375Z"}
{"customer_id":"C00245","profile":"{\"first_name\":\"Ellette\",\"last_name\":\"Carder\",\"gender\":\"Female\",\"address\":{\"street\":\"53702 Stone Corner Hill\",\"city\":\"Naifalo\",\"country\":\"Indonesia\"}}","updated":"2021-12-14T23:15:43.375Z"}
{"customer_id":"C00246","profile":"{\"first_name\":\"Ethelin\",\"last_name\":\"Carek\",\"gender\":\"Female\",\"address\":{\"street\":\"1348 Linden Junction\",\"city\":\"Uliastay\",\"country\":\"Mongolia\"}}","updated":"2021-12-14T23:15:43.375Z"}
{"customer_id":"C00247","email":"mcarmelbw@nytimes.com","profile":"{\"first_name\":\"Marchall\",\"last_name\":\"Carmel\",\"gender\":\"Male\",\"address\":{\"street\":\"63250 Buhler Lane\",\"city\":\"Luo’ao\",\"country\":\"China\"}}","updated":"2021-12-14T23:15:43.375Z"}
{"customer_id":"C00248","email":"jcarnoghangr@ezinearticles.com","profile":"{\"first_name\":\"Jeannette\",\"last_name\":\"Carnoghan\",\"gender\":\"Female\",\"address\":{\"street\":\"2 New Castle Point\",\"city\":\"Yerevan\",\"country\":\"Armenia\"}}","updated":"2021-12-14T23:15:43.375Z"}
{"customer_id":"C00249","profile":"{\"first_name\":\"Gerry\",\"last_name\":\"Carse\",\"gender\":\"Female\",\"address\":{\"street\":\"05281 Fallview Terrace\",\"city\":\"Ul\",\"country\":\"Portugal\"}}","updated":"2021-12-14T23:15:43.375Z"}
{"customer_id":"C00250","email":"wcartledgeq1@icq.com","profile":"{\"first_name\":\"Wayne\",\"last_name\":\"Cartledge\",\"gender\":\"Male\",\"address\":{\"street\":\"83 Dexter Crossing\",\"city\":\"Chunjing\",\"country\":\"China\"}}","updated":"2021-12-14T23:15:43.375Z"}
{"customer_id":"C00251","email":"ecarwithenoj@bandcamp.com","profile":"{\"first_name\":\"Elihu\",\"last_name\":\"Carwithen\",\"gender\":\"Male\",\"address\":{\"street\":\"652 Hermina Crossing\",\"city\":\"Rio\",\"country\":\"Portugal\"}}","updated":"2021-12-14T23:15:43.375Z"}
{"customer_id":"C00252","profile":"{\"first_name\":\"Cord\",\"last_name\":\"Casiroli\",\"gender\":\"Male\",\"address\":{\"street\":\"60682 Northridge Circle\",\"city\":\"Quy Đạt\",\"country\":\"Vietnam\"}}","updated":"2021-12-14T23:15:43.375Z"}
{"customer_id":"C00253","profile":"{\"first_name\":\"Noll\",\"last_name\":\"Casol\",\"gender\":\"Male\",\"address\":{\"street\":\"8 Haas Drive\",\"city\":\"Yesan\",\"country\":\"South Korea\"}}","updated":"2021-12-14T23:15:43.375Z"}
{"customer_id":"C00254","email":"lcastielloj4@thetimes.co.uk","profile":"{\"first_name\":\"Lucita\",\"last_name\":\"Castiello\",\"gender\":\"Female\",\"address\":{\"street\":\"05034 Village Green Plaza\",\"city\":\"Mvuma\",\"country\":\"Zimbabwe\"}}","updated":"2021-12-14T23:15:43.375Z"}
{"customer_id":"C00255","email":"mcastle9@cornell.edu","profile":"{\"first_name\":\"Mycah\",\"last_name\":\"Castle\",\"gender\":\"Male\",\"address\":{\"street\":\"3 Aberg Place\",\"city\":\"Ribeirão Pires\",\"country\":\"Brazil\"}}","updated":"2021-12-14T23:15:43.375Z"}
{"customer_id":"C00256","profile":"{\"first_name\":\"Aron\",\"last_name\":\"Catherall\",\"gender\":\"Male\",\"address\":{\"street\":\"578 Carey Point\",\"city\":\"Ingenio La Esperanza\",\"country\":\"Argentina\"}}","updated":"2021-12-14T23:15:43.375Z"}
{"customer_id":"C00257","profile":"{\"first_name\":\"Charlene\",\"last_name\":\"Catterick\",\"gender\":\"Non-binary\",\"address\":{\"street\":\"21 Brown Pass\",\"city\":\"Otan Aiyegbaju\",\"country\":\"Nigeria\"}}","updated":"2021-12-14T23:15:43.375Z"}
{"customer_id":"C00258","email":"lcaudelierkd@cnn.com","profile":"{\"first_name\":\"Loree\",\"last_name\":\"Caudelier\",\"gender\":\"Genderqueer\",\"address\":{\"street\":\"8651 Texas Drive\",\"city\":\"Atsugi\",\"country\":\"Japan\"}}","updated":"2021-12-14T23:15:43.375Z"}
{"customer_id":"C00259","profile":"{\"first_name\":\"Jeremy\",\"last_name\":\"Cauderlie\",\"gender\":\"Male\",\"address\":{\"street\":\"88 3rd Plaza\",\"city\":\"Beitai\",\"country\":\"China\"}}","updated":"2021-12-14T23:15:43.375Z"}
{"customer_id":"C00260","profile":"{\"first_name\":\"Davine\",\"last_name\":\"Cavaney\",\"gender\":\"Non-binary\",\"address\":{\"street\":\"518 Old Gate Avenue\",\"city\":\"Yintang\",\"country\":\"China\"}}","updated":"2021-12-14T23:15:43.375Z"}
{"customer_id":"C00261","email":"ecavilhc@ocn.ne.jp","profile":"{\"first_name\":\"Ellsworth\",\"last_name\":\"Cavil\",\"gender\":\"Male\",\"address\":{\"street\":\"3486 Golf Course Street\",\"city\":\"Mazhu\",\"country\":\"China\"}}","updated":"2021-12-14T23:15:43.375Z"}
{"customer_id":"C00262","profile":"{\"first_name\":\"Yolande\",\"last_name\":\"Cawsey\",\"gender\":\"Female\",\"address\":{\"street\":\"6424 Valley Edge Point\",\"city\":\"Baitu\",\"country\":\"China\"}}","updated":"2021-12-14T23:15:43.375Z"}
{"customer_id":"C00263","email":"mchaperling12@pbs.org","profile":"{\"first_name\":\"Moshe\",\"last_name\":\"Chaperling\",\"gender\":\"Agender\",\"address\":{\"street\":\"932 Raven Drive\",\"city\":\"Rincón\",\"country\":\"Dominican Republic\"}}","updated":"2021-12-14T23:15:43.375Z"}
{"customer_id":"C00264","email":"gchaplain62@so-net.ne.jp","profile":"{\"first_name\":\"Genovera\",\"last_name\":\"Chaplain\",\"gender\":\"Female\",\"address\":{\"street\":\"7 Raven Center\",\"city\":\"Huntsville\",\"country\":\"United States\"}}","updated":"2021-12-14T23:15:43.375Z"}
{"customer_id":"C00265","profile":"{\"first_name\":\"Ronald\",\"last_name\":\"Charon\",\"gender\":\"Male\",\"address\":{\"street\":\"42134 Maple Wood Park\",\"city\":\"Murici\",\"country\":\"Brazil\"}}","updated":"2021-12-14T23:15:43.375Z"}
{"customer_id":"C00266","profile":"{\"first_name\":\"Donia\",\"last_name\":\"Chart\",\"gender\":\"Female\",\"address\":{\"street\":\"88 Meadow Valley Lane\",\"city\":\"Chợ Mới\",\"country\":\"Vietnam\"}}","updated":"2021-12-14T23:15:43.375Z"}
{"customer_id":"C00267","email":"fchartman38@forbes.com","profile":"{\"first_name\":\"Far\",\"last_name\":\"Chartman\",\"gender\":\"Male\",\"address\":{\"street\":\"2 Kedzie Junction\",\"city\":\"Jiaogong\",\"country\":\"China\"}}","updated":"2021-12-14T23:15:43.375Z"}
{"customer_id":"C00268","email":"achastandkq@homestead.com","profile":"{\"first_name\":\"Alverta\",\"last_name\":\"Chastand\",\"gender\":\"Female\",\"address\":{\"street\":\"71847 Graedel Trail\",\"city\":\"Sherwood Park\",\"country\":\"Canada\"}}","updated":"2021-12-14T23:15:43.375Z"}
{"customer_id":"C00269","email":"schastelainu@noaa.gov","profile":"{\"first_name\":\"Sella\",\"last_name\":\"Chastelain\",\"gender\":\"Female\",\"address\":{\"street\":\"03785 American Trail\",\"city\":\"Ebak\",\"country\":\"Indonesia\"}}","updated":"2021-12-14T23:15:43.375Z"}
{"customer_id":"C00270","email":"gchasteyh7@state.gov","profile":"{\"first_name\":\"Grier\",\"last_name\":\"Chastey\",\"gender\":\"Female\",\"address\":{\"street\":\"808 Old Shore Drive\",\"city\":\"Shahr-e Qods\",\"country\":\"Iran\"}}","updated":"2021-12-14T23:15:43.375Z"}
{"customer_id":"C00271","profile":"{\"first_name\":\"Sheree\",\"last_name\":\"Cherry Holme\",\"gender\":\"Female\",\"address\":{\"street\":\"1404 Elgar Crossing\",\"city\":\"Ebaye\",\"country\":\"Marshall Islands\"}}","updated":"2021-12-14T23:15:43.375Z"}
{"customer_id":"C00272","email":"cchicchelliio@homestead.com","profile":"{\"first_name\":\"Charmian\",\"last_name\":\"Chicchelli\",\"gender\":\"Female\",\"address\":{\"street\":\"82 Scoville Avenue\",\"city\":\"Fovissste\",\"country\":\"Mexico\"}}","updated":"2021-12-14T23:15:43.375Z"}
{"customer_id":"C00273","email":"achicchettoig@shareasale.com","profile":"{\"first_name\":\"Aldric\",\"last_name\":\"Chicchetto\",\"gender\":\"Male\",\"address\":{\"street\":\"39317 Anderson Parkway\",\"city\":\"Lwówek Śląski\",\"country\":\"Poland\"}}","updated":"2021-12-14T23:15:43.375Z"}
{"customer_id":"C00274","email":"rchidwickdr@photobucket.com","profile":"{\"first_name\":\"Rock\",\"last_name\":\"Chidwick\",\"gender\":\"Male\",\"address\":{\"street\":\"8 Hoard Crossing\",\"city\":\"Pengxing\",\"country\":\"China\"}}","updated":"2021-12-14T23:15:43.375Z"}
{"customer_id":"C00275","profile":"{\"first_name\":\"Humbert\",\"last_name\":\"Chiommienti\",\"gender\":\"Agender\",\"address\":{\"street\":\"2329 Mifflin Center\",\"city\":\"Añelo\",\"country\":\"Argentina\"}}","updated":"2021-12-14T23:15:43.375Z"}
{"customer_id":"C00276","profile":"{\"first_name\":\"Sioux\",\"last_name\":\"Chiommienti\",\"gender\":\"Female\",\"address\":{\"street\":\"8 Bunting Place\",\"city\":\"Abha\",\"country\":\"Saudi Arabia\"}}","updated":"2021-12-14T23:15:43.375Z"}
{"customer_id":"C00277","profile":"{\"first_name\":\"Jasmine\",\"last_name\":\"Chitson\",\"gender\":\"Female\",\"address\":{\"street\":\"83358 Lakewood Gardens Terrace\",\"city\":\"Huolongmen\",\"country\":\"China\"}}","updated":"2021-12-14T23:15:43.375Z"}
{"customer_id":"C00278","email":"mchittock4t@photobucket.com","profile":"{\"first_name\":\"Marje\",\"last_name\":\"Chittock\",\"gender\":\"Female\",\"address\":{\"street\":\"49756 Cherokee Pass\",\"city\":\"Luoyang\",\"country\":\"China\"}}","updated":"2021-12-14T23:15:43.375Z"}
{"customer_id":"C00279","profile":"{\"first_name\":\"Gideon\",\"last_name\":\"Chree\",\"gender\":\"Male\",\"address\":{\"street\":\"4143 Elgar Court\",\"city\":\"Ciechocin\",\"country\":\"Poland\"}}","updated":"2021-12-14T23:15:43.375Z"}
{"customer_id":"C00280","profile":"{\"first_name\":\"Car\",\"last_name\":\"Christol\",\"gender\":\"Male\",\"address\":{\"street\":\"28 Transport Center\",\"city\":\"Jedlińsk\",\"country\":\"Poland\"}}","updated":"2021-12-14T23:15:43.375Z"}
{"customer_id":"C00281","email":"fchurn18@japanpost.jp","profile":"{\"first_name\":\"Filmer\",\"last_name\":\"Churn\",\"gender\":\"Male\",\"address\":{\"street\":\"47663 Mockingbird Crossing\",\"city\":\"Kan’onjichō\",\"country\":\"Japan\"}}","updated":"2021-12-14T23:15:43.375Z"}
{"customer_id":"C00282","profile":"{\"first_name\":\"Josias\",\"last_name\":\"Claffey\",\"gender\":\"Polygender\",\"address\":{\"street\":\"33 La Follette Junction\",\"city\":\"Nidek\",\"country\":\"Poland\"}}","updated":"2021-12-14T23:15:43.375Z"}
{"customer_id":"C00283","profile":"{\"first_name\":\"Frank\",\"last_name\":\"Clayden\",\"gender\":\"Male\",\"address\":{\"street\":\"60184 Darwin Hill\",\"city\":\"Yinchuan\",\"country\":\"China\"}}","updated":"2021-12-14T23:15:43.375Z"}
{"customer_id":"C00284","profile":"{\"first_name\":\"Ignace\",\"last_name\":\"Cleaves\",\"gender\":\"Male\",\"address\":{\"street\":\"3520 Sunnyside Crossing\",\"city\":\"Santo Niño\",\"country\":\"Philippines\"}}","updated":"2021-12-14T23:15:43.375Z"}
{"customer_id":"C00285","email":"lclegg7g@nbcnews.com","profile":"{\"first_name\":\"Lewie\",\"last_name\":\"Clegg\",\"gender\":\"Male\",\"address\":{\"street\":\"40 Grasskamp Avenue\",\"city\":\"Shijak\",\"country\":\"Albania\"}}","updated":"2021-12-14T23:15:43.375Z"}
{"customer_id":"C00286","profile":"{\"first_name\":\"Garnette\",\"last_name\":\"Clelland\",\"gender\":\"Female\",\"address\":{\"street\":\"76163 Rieder Avenue\",\"city\":\"Seixo de Manhoses\",\"country\":\"Portugal\"}}","updated":"2021-12-14T23:15:43.375Z"}
{"customer_id":"C00287","email":"tclemencebz@chicagotribune.com","profile":"{\"first_name\":\"Timi\",\"last_name\":\"Clemence\",\"gender\":\"Female\",\"address\":{\"street\":\"9 Stephen Avenue\",\"city\":\"Ciseureuheun\",\"country\":\"Indonesia\"}}","updated":"2021-12-14T23:15:43.375Z"}
{"customer_id":"C00288","email":"mcleminshawaq@oaic.gov.au","profile":"{\"first_name\":\"Melli\",\"last_name\":\"Cleminshaw\",\"gender\":\"Female\",\"address\":{\"street\":\"16223 Golf Park\",\"city\":\"Usatove\",\"country\":\"Ukraine\"}}","updated":"2021-12-14T23:15:43.375Z"}
{"customer_id":"C00289","email":"hclemowgf@flickr.com","profile":"{\"first_name\":\"Heriberto\",\"last_name\":\"Clemow\",\"gender\":\"Male\",\"address\":{\"street\":\"0561 Granby Lane\",\"city\":\"Francisco Beltrão\",\"country\":\"Brazil\"}}","updated":"2021-12-14T23:15:43.375Z"}
{"customer_id":"C00290","profile":"{\"first_name\":\"Vaughn\",\"last_name\":\"Clinnick\",\"gender\":\"Male\",\"address\":{\"street\":\"900 Mendota Trail\",\"city\":\"Karanganyar\",\"country\":\"Indonesia\"}}","updated":"2021-12-14T23:15:43.375Z"}
{"customer_id":"C00291","profile":"{\"first_name\":\"Appolonia\",\"last_name\":\"Cloonan\",\"gender\":\"Genderfluid\",\"address\":{\"street\":\"7409 Crowley Point\",\"city\":\"Oyem\",\"country\":\"Gabon\"}}","updated":"2021-12-14T23:15:43.375Z"}
{"customer_id":"C00292","profile":"{\"first_name\":\"Carrie\",\"last_name\":\"Cluitt\",\"gender\":\"Genderqueer\",\"address\":{\"street\":\"57055 4th Parkway\",\"city\":\"Maroúsi\",\"country\":\"Greece\"}}","updated":"2021-12-14T23:15:43.375Z"}
{"customer_id":"C00293","email":"sclymair@cargocollective.com","profile":"{\"first_name\":\"Stewart\",\"last_name\":\"Clyma\",\"gender\":\"Male\",\"address\":{\"street\":\"41912 Huxley Crossing\",\"city\":\"Takanabe\",\"country\":\"Japan\"}}","updated":"2021-12-14T23:15:43.375Z"}
{"customer_id":"C00294","email":"acobbic@elegantthemes.com","profile":"{\"first_name\":\"Aldwin\",\"last_name\":\"Cobb\",\"gender\":\"Male\",\"address\":{\"street\":\"372 Coleman Place\",\"city\":\"Saint Hubert\",\"country\":\"Mauritius\"}}","updated":"2021-12-14T23:15:43.375Z"}
{"customer_id":"C00295","profile":"{\"first_name\":\"Stephanie\",\"last_name\":\"Cockaday\",\"gender\":\"Female\",\"address\":{\"street\":\"310 Lighthouse Bay Hill\",\"city\":\"Tobelo\",\"country\":\"Indonesia\"}}","updated":"2021-12-14T23:15:43.375Z"}
{"customer_id":"C00296","email":"fcockayne78@springer.com","profile":"{\"first_name\":\"Friedrich\",\"last_name\":\"Cockayne\",\"gender\":\"Male\",\"address\":{\"street\":\"2 Rusk Road\",\"city\":\"Banggel\",\"country\":\"Indonesia\"}}","updated":"2021-12-14T23:15:43.375Z"}
{"customer_id":"C00297","profile":"{\"first_name\":\"Augie\",\"last_name\":\"Cockman\",\"gender\":\"Male\",\"address\":{\"street\":\"51588 Becker Pass\",\"city\":\"Huangnihe\",\"country\":\"China\"}}","updated":"2021-12-14T23:15:43.375Z"}
{"customer_id":"C00298","profile":"{\"first_name\":\"Demetris\",\"last_name\":\"Codling\",\"gender\":\"Male\",\"address\":{\"street\":\"17 Dayton Street\",\"city\":\"Halayhayin\",\"country\":\"Philippines\"}}","updated":"2021-12-14T23:15:43.375Z"}
{"customer_id":"C00299","profile":"{\"first_name\":\"Jorgan\",\"last_name\":\"Codner\",\"gender\":\"Male\",\"address\":{\"street\":\"17502 Stang Point\",\"city\":\"Litian\",\"country\":\"China\"}}","updated":"2021-12-14T23:15:43.375Z"}
{"customer_id":"C00300","email":"jcohalan5o@gnu.org","profile":"{\"first_name\":\"Jae\",\"last_name\":\"Cohalan\",\"gender\":\"Agender\",\"address\":{\"street\":\"99 Del Sol Place\",\"city\":\"Susunan\",\"country\":\"Indonesia\"}}","updated":"2021-12-14T23:15:43.375Z"}