{"customer_id":"C00601","email":"sgonnely5a@aol.com","profile":"{\"first_name\":\"Susana\",\"last_name\":\"Gonnely\",\"gender\":\"Female\",\"address\":{\"street\":\"760 Express Court\",\"city\":\"Obrenovac\",\"country\":\"Serbia\"}}","updated":"2021-12-14T23:15:43.375Z"}
{"customer_id":"C00602","email":"rgonningcc@nbcnews.com","profile":"{\"first_name\":\"Ronna\",\"last_name\":\"Gonning\",\"gender\":\"Non-binary\",\"address\":{\"street\":\"48 Grim Way\",\"city\":\"Metsemotlhaba\",\"country\":\"Botswana\"}}","updated":"2021-12-14T23:15:43.375Z"}
{"customer_id":"C00603","email":"rgoode5l@epa.gov","profile":"{\"first_name\":\"Reade\",\"last_name\":\"Goode\",\"gender\":\"Male\",\"address\":{\"street\":\"975 Mendota Center\",\"city\":\"Seabra\",\"country\":\"Brazil\"}}","updated":"2021-12-14T23:15:43.375Z"}
{"customer_id":"C00604","email":"rgoodier7m@skype.com","profile":"{\"first_name\":\"Row\",\"last_name\":\"Goodier\",\"gender\":\"Female\",\"address\":{\"street\":\"9 Mayfield Point\",\"city\":\"Tangping\",\"country\":\"China\"}}","updated":"2021-12-14T23:15:43.375Z"}
{"customer_id":"C00605","email":"igoodlipc4@twitter.com","profile":"{\"first_name\":\"Inger\",\"last_name\":\"Goodlip\",\"gender\":\"Male\",\"address\":{\"street\":\"898 Graceland Lane\",\"city\":\"Malysheva\",\"country\":\"Russia\"}}","updated":"2021-12-14T23:15:43.375Z"}
{"customer_id":"C00606","email":"kgoodramj6@dagondesign.com","profile":"{\"first_name\":\"Kassia\",\"last_name\":\"Goodram\",\"gender\":\"Female\",\"address\":{\"street\":\"7057 North Lane\",\"city\":\"Foshan\",\"country\":\"China\"}}","updated":"2021-12-14T23:15:43.375Z"}
{"customer_id":"C00607","profile":"{\"first_name\":\"Farris\",\"last_name\":\"Goodred\",\"gender\":\"Male\",\"address\":{\"street\":\"74780 Sachs Avenue\",\"city\":\"Shinshiro\",\"country\":\"Japan\"}}","updated":"2021-12-14T23:15:43.375Z"}
{"customer_id":"C00608","profile":"{\"first_name\":\"Lutero\",\"last_name\":\"Goodright\",\"gender\":\"Male\",\"address\":{\"street\":\"5 Columbus Park\",\"city\":\"Strömsnäsbruk\",\"country\":\"Sweden\"}}","updated":"2021-12-14T23:15:43.375Z"}
{"customer_id":"C00609","profile":"{\"first_name\":\"Krystle\",\"last_name\":\"Goose\",\"gender\":\"Female\",\"address\":{\"street\":\"42599 Sloan Point\",\"city\":\"Ojo de Agua\",\"country\":\"Mexico\"}}","updated":"2021-12-14T23:15:43.375Z"}
{"customer_id":"C00610","profile":"{\"first_name\":\"Adelaida\",\"last_name\":\"Goosey\",\"gender\":\"Female\",\"address\":{\"street\":\"4725 Kinsman Alley\",\"city\":\"Houxi\",\"country\":\"China\"}}","updated":"2021-12-14T23:15:43.375Z"}
{"customer_id":"C00611","email":"ngoreisrg7@ca.gov","profile":"{\"first_name\":\"Northrup\",\"last_name\":\"Goreisr\",\"gender\":\"Male\",\"address\":{\"street\":\"394 Hoepker Junction\",\"city\":\"Podstrana\",\"country\":\"Croatia\"}}","updated":"2021-12-14T23:15:43.375Z"}
{"customer_id":"C00612","email":"fgorini8d@mayoclinic.com","profile":"{\"first_name\":\"Findley\",\"last_name\":\"Gorini\",\"gender\":\"Male\",\"address\":{\"street\":\"60587 Arkansas Park\",\"city\":\"Ningdun\",\"country\":\"China\"}}","updated":"2021-12-14T23:15:43.375Z"}
{"customer_id":"C00613","email":"kgossagel6@microsoft.com","profile":"{\"first_name\":\"Konrad\",\"last_name\":\"Gossage\",\"gender\":\"Male\",\"address\":{\"street\":\"50 Summit Parkway\",\"city\":\"Lopar\",\"country\":\"Croatia\"}}","updated":"2021-12-14T23:15:43.375Z"}
{"customer_id":"C00614","email":"wgosselini7@typepad.com","profile":"{\"first_name\":\"West\",\"last_name\":\"Gosselin\",\"gender\":\"Male\",\"address\":{\"street\":\"747 International Plaza\",\"city\":\"Udomlya\",\"country\":\"Russia\"}}","updated":"2021-12-14T23:15:43.375Z"}
{"customer_id":"C00615","email":"rgothardkp@google.es","profile":"{\"first_name\":\"Rossy\",\"last_name\":\"Gothard\",\"gender\":\"Male\",\"address\":{\"street\":\"3 Carey Junction\",\"city\":\"Lago\",\"country\":\"Sierra Leone\"}}","updated":"2021-12-14T23:15:43.375Z"}
{"customer_id":"C00616","profile":"{\"first_name\":\"Arlana\",\"last_name\":\"Gouldsmith\",\"gender\":\"Female\",\"address\":{\"street\":\"30 Troy Way\",\"city\":\"Tirat Karmel\",\"country\":\"Israel\"}}","updated":"2021-12-14T23:15:43.375Z"}
{"customer_id":"C00617","email":"lgounotci@discovery.com","profile":"{\"first_name\":\"Laurence\",\"last_name\":\"Gounot\",\"gender\":\"Male\",\"address\":{\"street\":\"86 Waywood Street\",\"city\":\"Songnim\",\"country\":\"North Korea\"}}","updated":"2021-12-14T23:15:43.375Z"}
{"customer_id":"C00618","email":"igouthierey@netscape.com","profile":"{\"first_name\":\"Ive\",\"last_name\":\"Gouthier\",\"gender\":\"Male\",\"address\":{\"street\":\"2 Anzinger Trail\",\"city\":\"Onokivtsi\",\"country\":\"Ukraine\"}}","updated":"2021-12-14T23:15:43.375Z"}
{"customer_id":"C00619","profile":"{\"first_name\":\"Zed\",\"last_name\":\"Goymer\",\"gender\":\"Non-binary\",\"address\":{\"street\":\"0449 Twin Pines Street\",\"city\":\"Puji\",\"country\":\"China\"}}","updated":"2021-12-14T23:15:43.375Z"}
{"customer_id":"C00620","email":"bgozzett75@jugem.jp","profile":"{\"first_name\":\"Brinna\",\"last_name\":\"Gozzett\",\"gender\":\"Female\",\"address\":{\"street\":\"84461 Kipling Court\",\"city\":\"Johor Bahru\",\"country\":\"Malaysia\"}}","updated":"2021-12-14T23:15:43.375Z"}
{"customer_id":"C00621","profile":"{\"first_name\":\"Nomi\",\"last_name\":\"Graalman\",\"gender\":\"Female\",\"address\":{\"street\":\"9 6th Junction\",\"city\":\"Kurmuk\",\"country\":\"Sudan\"}}","updated":"2021-12-14T23:15:43.375Z"}
{"customer_id":"C00622","profile":"{\"first_name\":\"Frederich\",\"last_name\":\"Grafom\",\"gender\":\"Male\",\"address\":{\"street\":\"150 Mccormick Lane\",\"city\":\"Binguang\",\"country\":\"Philippines\"}}","updated":"2021-12-14T23:15:43.375Z"}
{"customer_id":"C00623","profile":"{\"first_name\":\"Ophelie\",\"last_name\":\"Grassick\",\"gender\":\"Female\",\"address\":{\"street\":\"3 Blaine Road\",\"city\":\"Lavandeira\",\"country\":\"Portugal\"}}","updated":"2021-12-14T23:15:43.375Z"}
{"customer_id":"C00624","profile":"{\"first_name\":\"Terencio\",\"last_name\":\"Gready\",\"gender\":\"Male\",\"address\":{\"street\":\"9 Rutledge Street\",\"city\":\"Limoges\",\"country\":\"France\"}}","updated":"2021-12-14T23:15:43.375Z"}
{"customer_id":"C00625","email":"agreenalf8r@google.cn","profile":"{\"first_name\":\"Artur\",\"last_name\":\"Greenalf\",\"gender\":\"Male\",\"address\":{\"street\":\"18 Buena Vista Place\",\"city\":\"Khalkhāl\",\"country\":\"Iran\"}}","updated":"2021-12-14T23:15:43.375Z"}
{"customer_id":"C00626","email":"egreenhouse2y@auda.org.au","profile":"{\"first_name\":\"Elisa\",\"last_name\":\"Greenhouse\",\"gender\":\"Genderfluid\",\"address\":{\"street\":\"84 Vahlen Street\",\"city\":\"Słotowa\",\"country\":\"Poland\"}}","updated":"2021-12-14T23:15:43.375Z"}
{"customer_id":"C00627","profile":"{\"first_name\":\"Barbe\",\"last_name\":\"Greeno\",\"gender\":\"Female\",\"address\":{\"street\":\"616 Northridge Way\",\"city\":\"Varjota\",\"country\":\"Brazil\"}}","updated":"2021-12-14T23:15:43.375Z"}
{"customer_id":"C00628","email":"egreenwoodn1@soup.io","profile":"{\"first_name\":\"Elicia\",\"last_name\":\"Greenwood\",\"gender\":\"Female\",\"address\":{\"street\":\"5402 Rockefeller Court\",\"city\":\"Lipci\",\"country\":\"Montenegro\"}}","updated":"2021-12-14T23:15:43.375Z"}
{"customer_id":"C00629","email":"tgregrlb@mail.ru","profile":"{\"first_name\":\"Teddy\",\"last_name\":\"Gregr\",\"gender\":\"Male\",\"address\":{\"street\":\"39996 Sycamore Place\",\"city\":\"Grigoropolisskaya\",\"country\":\"Russia\"}}","updated":"2021-12-14T23:15:43.375Z"}
{"customer_id":"C00630","profile":"{\"first_name\":\"Romola\",\"last_name\":\"Gresswell\",\"gender\":\"Female\",\"address\":{\"street\":\"036 Loeprich Terrace\",\"city\":\"Saumur\",\"country\":\"France\"}}","updated":"2021-12-14T23:15:43.375Z"}
{"customer_id":"C00631","email":"rgrisenthwaite1d@behance.net","profile":"{\"first_name\":\"Rey\",\"last_name\":\"Grisenthwaite\",\"gender\":\"Male\",\"address\":{\"street\":\"5076 Dwight Circle\",\"city\":\"Gostivar\",\"country\":\"Macedonia\"}}","updated":"2021-12-14T23:15:43.375Z"}
{"customer_id":"C00632","email":"lgrolmannr1@printfriendly.com","profile":"{\"first_name\":\"Lorens\",\"last_name\":\"Grolmann\",\"gender\":\"Male\",\"address\":{\"street\":\"85254 Marquette Park\",\"city\":\"Rybatskoye\",\"country\":\"Russia\"}}","updated":"2021-12-14T23:15:43.375Z"}
{"customer_id":"C00633","profile":"{\"first_name\":\"Worth\",\"last_name\":\"Gronaller\",\"gender\":\"Male\",\"address\":{\"street\":\"39046 Columbus Park\",\"city\":\"San Sebastian\",\"country\":\"Mexico\"}}","updated":"2021-12-14T23:15:43.375Z"}
{"customer_id":"C00634","email":"dgronould@miitbeian.gov.cn","profile":"{\"first_name\":\"Dov\",\"last_name\":\"Gronou\",\"gender\":\"Male\",\"address\":{\"street\":\"301 Becker Center\",\"city\":\"Augusta\",\"country\":\"United States\"}}","updated":"2021-12-14T23:15:43.375Z"}
{"customer_id":"C00635","email":"tgrowygy@mozilla.org","profile":"{\"first_name\":\"Tierney\",\"last_name\":\"Growy\",\"gender\":\"Female\",\"address\":{\"street\":\"630 Truax Pass\",\"city\":\"Huangjinjing\",\"country\":\"China\"}}","updated":"2021-12-14T23:15:43.375Z"}
{"customer_id":"C00636","email":"ggrzelakkp@cmu.edu","profile":"{\"first_name\":\"Giorgio\",\"last_name\":\"Grzelak\",\"gender\":\"Male\",\"address\":{\"street\":\"8 Old Gate Plaza\",\"city\":\"Tekikbanyuurip\",\"country\":\"Indonesia\"}}","updated":"2021-12-14T23:15:43.375Z"}
{"customer_id":"C00637","email":"cguerreiro13@home.pl","profile":"{\"first_name\":\"Cornelius\",\"last_name\":\"Guerreiro\",\"gender\":\"Male\",\"address\":{\"street\":\"89 Maple Point\",\"city\":\"Talacogon\",\"country\":\"Philippines\"}}","updated":"2021-12-14T23:15:43.375Z"}
{"customer_id":"C00638","email":"pguilaynqw@about.com","profile":"{\"first_name\":\"Prinz\",\"last_name\":\"Guilayn\",\"gender\":\"Male\",\"address\":{\"street\":\"784 Center Center\",\"city\":\"Tonghae\",\"country\":\"South Korea\"}}","updated":"2021-12-14T23:15:43.375Z"}
{"customer_id":"C00639","email":"rguillem10@twitpic.com","profile":"{\"first_name\":\"Reginauld\",\"last_name\":\"Guillem\",\"gender\":\"Male\",\"address\":{\"street\":\"27 Lighthouse Bay Drive\",\"city\":\"Ladhewāla Warāich\",\"country\":\"Pakistan\"}}","updated":"2021-12-14T23:15:43.375Z"}
{"customer_id":"C00640","email":"cguirardinh6@discovery.com","profile":"{\"first_name\":\"Chic\",\"last_name\":\"Guirardin\",\"gender\":\"Male\",\"address\":{\"street\":\"8 Riverside Drive\",\"city\":\"Ribeirão\",\"country\":\"Portugal\"}}","updated":"2021-12-14T23:15:43.375Z"}
{"customer_id":"C00641","profile":"{\"first_name\":\"Carola\",\"last_name\":\"Guiver\",\"gender\":\"Female\",\"address\":{\"street\":\"7 American Road\",\"city\":\"Kadurahayu\",\"country\":\"Indonesia\"}}","updated":"2021-12-14T23:15:43.375Z"}
{"customer_id":"C00642","email":"cgurney7h@uiuc.edu","profile":"{\"first_name\":\"Clemmy\",\"last_name\":\"Gurney\",\"gender\":\"Female\",\"address\":{\"street\":\"97 Crownhardt Trail\",\"city\":\"Aydūn\",\"country\":\"Jordan\"}}","updated":"2021-12-14T23:15:43.375Z"}
{"customer_id":"C00643","profile":"{\"first_name\":\"Felipa\",\"last_name\":\"Gusticke\",\"gender\":\"Agender\",\"address\":{\"street\":\"99056 Troy Pass\",\"city\":\"Skalánion\",\"country\":\"Greece\"}}","updated":"2021-12-14T23:15:43.375Z"}
{"customer_id":"C00644","email":"jgustus52@ask.com","profile":"{\"first_name\":\"Janel\",\"last_name\":\"Gustus\",\"gender\":\"Female\",\"address\":{\"street\":\"1657 Hooker Alley\",\"city\":\"Parengan\",\"country\":\"Indonesia\"}}","updated":"2021-12-14T23:15:43.375Z"}
{"customer_id":"C00645","email":"egutteridgea8@amazon.de","profile":"{\"first_name\":\"Eartha\",\"last_name\":\"Gutteridge\",\"gender\":\"Bigender\",\"address\":{\"street\":\"34016 Sauthoff Center\",\"city\":\"Benjamín Aceval\",\"country\":\"Paraguay\"}}","updated":"2021-12-14T23:15:43.375Z"}
{"customer_id":"C00646","profile":"{\"first_name\":\"Sonnie\",\"last_name\":\"Habbeshaw\",\"gender\":\"Female\",\"address\":{\"street\":\"12929 Hanson Alley\",\"city\":\"Encañada\",\"country\":\"Peru\"}}","updated":"2021-12-14T23:15:43.375Z"}
{"customer_id":"C00647","email":"dhaddestonqi@dagondesign.com","profile":"{\"first_name\":\"Desdemona\",\"last_name\":\"Haddeston\",\"gender\":\"Female\",\"address\":{\"street\":\"86816 Lakewood Park\",\"city\":\"Del Pilar\",\"country\":\"Philippines\"}}","updated":"2021-12-14T23:15:43.375Z"}
{"customer_id":"C00648","email":"mhafnerby@psu.edu","profile":"{\"first_name\":\"Marj\",\"last_name\":\"Hafner\",\"gender\":\"Female\",\"address\":{\"street\":\"74 Towne Avenue\",\"city\":\"Quimper\",\"country\":\"France\"}}","updated":"2021-12-14T23:15:43.375Z"}
{"customer_id":"C00649","email":"hhalksworthmn@hhs.gov","profile":"{\"first_name\":\"Hedwig\",\"last_name\":\"Halksworth\",\"gender\":\"Female\",\"address\":{\"street\":\"46544 Linden Way\",\"city\":\"Zakliczyn\",\"country\":\"Poland\"}}","updated":"2021-12-14T23:15:43.375Z"}
{"customer_id":"C00650","profile":"{\"first_name\":\"Scottie\",\"last_name\":\"Hallas\",\"gender\":\"Male\",\"address\":{\"street\":\"847 Clemons Parkway\",\"city\":\"Deba Habe\",\"country\":\"Nigeria\"}}","updated":"2021-12-14T23:15:43.375Z"}
{"customer_id":"C00651","email":"challihaneaf@google.cn","profile":"{\"first_name\":\"Christina\",\"last_name\":\"Hallihane\",\"gender\":\"Female\",\"address\":{\"street\":\"687 Mariners Cove Avenue\",\"city\":\"Faraulep\",\"country\":\"Micronesia\"}}","updated":"2021-12-14T23:15:43.375Z"}
{"customer_id":"C00652","email":"shallowes84@ow.ly","profile":"{\"first_name\":\"Sergent\",\"last_name\":\"Hallowes\",\"gender\":\"Male\",\"address\":{\"street\":\"516 Crowley Point\",\"city\":\"Tambo\",\"country\":\"Philippines\"}}","updated":"2021-12-14T23:15:43.375Z"}
{"customer_id":"C00653","email":"bhalson4g@psu.edu","profile":"{\"first_name\":\"Burty\",\"last_name\":\"Halson\",\"gender\":\"Male\",\"address\":{\"street\":\"5314 Katie Plaza\",\"city\":\"Shayuan\",\"country\":\"China\"}}","updated":"2021-12-14T23:15:43.375Z"}
{"customer_id":"C00654","profile":"{\"first_name\":\"Marchall\",\"last_name\":\"Hamblyn\",\"gender\":\"Male\",\"address\":{\"street\":\"7438 Holy Cross Road\",\"city\":\"Öldziyt\",\"country\":\"Mongolia\"}}","updated":"2021-12-14T23:15:43.375Z"}
{"customer_id":"C00655","email":"shambrickjg@sbwire.com","profile":"{\"first_name\":\"Seth\",\"last_name\":\"Hambrick\",\"gender\":\"Male\",\"address\":{\"street\":\"497 Hanover Drive\",\"city\":\"Chyňava\",\"country\":\"Czech Republic\"}}","updated":"2021-12-14T23:15:43.375Z"}
{"customer_id":"C00656","email":"phamlencg@wikia.com","profile":"{\"first_name\":\"Petrina\",\"last_name\":\"Hamlen\",\"gender\":\"Female\",\"address\":{\"street\":\"180 Fordem Terrace\",\"city\":\"Jiahe\",\"country\":\"China\"}}","updated":"2021-12-14T23:15:43.375Z"}
{"customer_id":"C00657","email":"lhampekl@ebay.co.uk","profile":"{\"first_name\":\"Lorry\",\"last_name\":\"Hampe\",\"gender\":\"Male\",\"address\":{\"street\":\"15 Carberry Crossing\",\"city\":\"Colonia Mauricio José Troche\",\"country\":\"Paraguay\"}}","updated":"2021-12-14T23:15:43.375Z"}
{"customer_id":"C00658","profile":"{\"first_name\":\"Alli\",\"last_name\":\"Hamper\",\"gender\":\"Female\",\"address\":{\"street\":\"98604 Mockingbird Avenue\",\"city\":\"Urek-urek\",\"country\":\"Indonesia\"}}","updated":"2021-12-14T23:15:43.375Z"}
{"customer_id":"C00659","email":"chamsharke@examiner.com","profile":"{\"first_name\":\"Consalve\",\"last_name\":\"Hamshar\",\"gender\":\"Male\",\"address\":{\"street\":\"09623 Fallview Trail\",\"city\":\"Hualin\",\"country\":\"China\"}}","updated":"2021-12-14T23:15:43.375Z"}
{"customer_id":"C00660","email":"ahannayqz@nyu.edu","profile":"{\"first_name\":\"Abrahan\",\"last_name\":\"Hannay\",\"gender\":\"Male\",\"address\":{\"street\":\"9447 Clarendon Road\",\"city\":\"Ingersoll\",\"country\":\"Canada\"}}","updated":"2021-12-14T23:15:43.375Z"}
{"customer_id":"C00661","email":"bhanning4h@gmpg.org","profile":"{\"first_name\":\"Brien\",\"last_name\":\"Hanning\",\"gender\":\"Male\",\"address\":{\"street\":\"4 International Circle\",\"city\":\"Mikró Monastíri\",\"country\":\"Greece\"}}","updated":"2021-12-14T23:15:43.375Z"}
{"customer_id":"C00662","email":"chanselmann5b@topsy.com","profile":"{\"first_name\":\"Christel\",\"last_name\":\"Hanselmann\",\"gender\":\"Female\",\"address\":{\"street\":\"038 Porter Park\",\"city\":\"Mindyak\",\"country\":\"Russia\"}}","updated":"2021-12-14T23:15:43.375Z"}
{"customer_id":"C00663","profile":"{\"first_name\":\"Nev\",\"last_name\":\"Haquin\",\"gender\":\"Male\",\"address\":{\"street\":\"6149 Pleasure Junction\",\"city\":\"Gyodong\",\"country\":\"South Korea\"}}","updated":"2021-12-14T23:15:43.375Z"}
{"customer_id":"C00664","profile":"{\"first_name\":\"Vasily\",\"last_name\":\"Harbach\",\"gender\":\"Male\",\"address\":{\"street\":\"4 Loftsgordon Alley\",\"city\":\"Liopétri\",\"country\":\"Cyprus\"}}","updated":"2021-12-14T23:15:43.375Z"}
{"customer_id":"C00665","profile":"{\"first_name\":\"Eachelle\",\"last_name\":\"Harbert\",\"gender\":\"Female\",\"address\":{\"street\":\"91 Upham Junction\",\"city\":\"Botigues\",\"country\":\"Philippines\"}}","updated":"2021-12-14T23:15:43.375Z"}
{"customer_id":"C00666","profile":"{\"first_name\":\"Paulita\",\"last_name\":\"Harbin\",\"gender\":\"Female\",\"address\":{\"street\":\"88 Orin Trail\",\"city\":\"Mancilang\",\"country\":\"Philippines\"}}","updated":"2021-12-14T23:15:43.375Z"}
{"customer_id":"C00667","profile":"{\"first_name\":\"Alane\",\"last_name\":\"Hardeman\",\"gender\":\"Female\",\"address\":{\"street\":\"9 Anzinger Lane\",\"city\":\"Neochórion\",\"country\":\"Greece\"}}","updated":"2021-12-14T23:15:43.375Z"}
{"customer_id":"C00668","email":"chareb1@hao123.com","profile":"{\"first_name\":\"Chucho\",\"last_name\":\"Hare\",\"gender\":\"Male\",\"address\":{\"street\":\"1474 Eliot Avenue\",\"city\":\"Heshan\",\"country\":\"China\"}}","updated":"2021-12-14T23:15:43.375Z"}
{"customer_id":"C00669","email":"gharradnt@ifeng.com","profile":"{\"first_name\":\"Garth\",\"last_name\":\"Harrad\",\"gender\":\"Male\",\"address\":{\"street\":\"65250 Melvin Plaza\",\"city\":\"Sambopinggir\",\"country\":\"Indonesia\"}}","updated":"2021-12-14T23:15:43.375Z"}
{"customer_id":"C00670","email":"vharrhy7@statcounter.com","profile":"{\"first_name\":\"Vernice\",\"last_name\":\"Harrhy\",\"gender\":\"Female\",\"address\":{\"street\":\"989 Steensland Trail\",\"city\":\"Babakan\",\"country\":\"Indonesia\"}}","updated":"2021-12-14T23:15:43.375Z"}
{"customer_id":"C00671","email":"ehartford17@abc.net.au","profile":"{\"first_name\":\"Eberhard\",\"last_name\":\"Hartford\",\"gender\":\"Male\",\"address\":{\"street\":\"23627 Cascade Parkway\",\"city\":\"Jidong\",\"country\":\"China\"}}","updated":"2021-12-14T23:15:43.375Z"}
{"customer_id":"C00672","profile":"{\"first_name\":\"Ambrosio\",\"last_name\":\"Hastler\",\"gender\":\"Male\",\"address\":{\"street\":\"0674 Dexter Way\",\"city\":\"Caen\",\"country\":\"France\"}}","updated":"2021-12-14T23:15:43.375Z"}
{"customer_id":"C00673","email":"khastyfr@zdnet.com","profile":"{\"first_name\":\"Killy\",\"last_name\":\"Hasty\",\"gender\":\"Male\",\"address\":{\"street\":\"5702 Morningstar Trail\",\"city\":\"Mpanda\",\"country\":\"Tanzania\"}}","updated":"2021-12-14T23:15:43.375Z"}
{"customer_id":"C00674","email":"shaszard5m@psu.edu","profile":"{\"first_name\":\"Shane\",\"last_name\":\"Haszard\",\"gender\":\"Female\",\"address\":{\"street\":\"047 Milwaukee Street\",\"city\":\"Canoas\",\"country\":\"Brazil\"}}","updated":"2021-12-14T23:15:43.375Z"}
{"customer_id":"C00675","email":"thathwoodh1@yellowbook.com","profile":"{\"first_name\":\"Tymothy\",\"last_name\":\"Hathwood\",\"gender\":\"Male\",\"address\":{\"street\":\"73189 Schurz Parkway\",\"city\":\"Osh\",\"country\":\"Kyrgyzstan\"}}","updated":"2021-12-14T23:15:43.375Z"}
{"customer_id":"C00676","email":"bhatliff61@wunderground.com","profile":"{\"first_name\":\"Brody\",\"last_name\":\"Hatliff\",\"gender\":\"Male\",\"address\":{\"street\":\"511 Morning Terrace\",\"city\":\"Kawasaki\",\"country\":\"Japan\"}}","updated":"2021-12-14T23:15:43.375Z"}
{"customer_id":"C00677","email":"shavenhandjt@naver.com","profile":"{\"first_name\":\"Scott\",\"last_name\":\"Havenhand\",\"gender\":\"Male\",\"address\":{\"street\":\"71 Corben Park\",\"city\":\"Tamel\",\"country\":\"Portugal\"}}","updated":"2021-12-14T23:15:43.375Z"}
{"customer_id":"C00678","profile":"{\"first_name\":\"Kayne\",\"last_name\":\"Havill\",\"gender\":\"Male\",\"address\":{\"street\":\"6 Bluejay Junction\",\"city\":\"Basel\",\"country\":\"Switzerland\"}}","updated":"2021-12-14T23:15:43.375Z"}
{"customer_id":"C00679","profile":"{\"first_name\":\"Kaela\",\"last_name\":\"Hawney\",\"gender\":\"Female\",\"address\":{\"street\":\"3 Caliangt Point\",\"city\":\"Muroran\",\"country\":\"Japan\"}}","updated":"2021-12-14T23:15:43.375Z"}
{"customer_id":"C00680","email":"dhaytod0@purevolume.com","profile":"{\"first_name\":\"Darryl\",\"last_name\":\"Hayto\",\"gender\":\"Male\",\"address\":{\"street\":\"2 Nevada Center\",\"city\":\"Toulouse\",\"country\":\"France\"}}","updated":"2021-12-14T23:15:43.375Z"}
{"customer_id":"C00681","email":"fhayworth5z@about.com","profile":"{\"first_name\":\"Frank\",\"last_name\":\"Hayworth\",\"gender\":\"Male\",\"address\":{\"street\":\"0440 Farwell Drive\",\"city\":\"Ventersdorp\",\"country\":\"South Africa\"}}","updated":"2021-12-14T23:15:43.375Z"}
{"customer_id":"C00682","email":"mhazeldeneij@fc2.com","profile":"{\"first_name\":\"Modesty\",\"last_name\":\"Hazeldene\",\"gender\":\"Female\",\"address\":{\"street\":\"482 Blaine Crossing\",\"city\":\"Cali\",\"country\":\"Colombia\"}}","updated":"2021-12-14T23:15:43.375Z"}
{"customer_id":"C00683","profile":"{\"first_name\":\"Abdul\",\"last_name\":\"Heaney`\",\"gender\":\"Male\",\"address\":{\"street\":\"0083 Hallows Junction\",\"city\":\"Cadiz\",\"country\":\"Spain\"}}","updated":"2021-12-14T23:15:43.375Z"}
{"customer_id":"C00684","email":"ehearle5a@istockphoto.com","profile":"{\"first_name\":\"Evanne\",\"last_name\":\"Hearle\",\"gender\":\"Female\",\"address\":{\"street\":\"83002 Ronald Regan Hill\",\"city\":\"Phanom Sarakham\",\"country\":\"Thailand\"}}","updated":"2021-12-14T23:15:43.375Z"}
{"customer_id":"C00685","email":"lheaterbe@sphinn.com","profile":"{\"first_name\":\"Loralyn\",\"last_name\":\"Heater\",\"gender\":\"Female\",\"address\":{\"street\":\"66 Sullivan Road\",\"city\":\"Rambouillet\",\"country\":\"France\"}}","updated":"2021-12-14T23:15:43.375Z"}
{"customer_id":"C00686","email":"checknerbp@youku.com","profile":"{\"first_name\":\"Chet\",\"last_name\":\"Heckner\",\"gender\":\"Male\",\"address\":{\"street\":\"729 Aberg Place\",\"city\":\"Hongqi Yingzi\",\"country\":\"China\"}}","updated":"2021-12-14T23:15:43.375Z"}
{"customer_id":"C00687","profile":"{\"first_name\":\"Julietta\",\"last_name\":\"Hedge\",\"gender\":\"Female\",\"address\":{\"street\":\"317 Main Court\",\"city\":\"Macroom\",\"country\":\"Ireland\"}}","updated":"2021-12-14T23:15:43.375Z"}
{"customer_id":"C00688","email":"ahegartyiu@g.co","profile":"{\"first_name\":\"Aldis\",\"last_name\":\"Hegarty\",\"gender\":\"Male\",\"address\":{\"street\":\"3 Farragut Court\",\"city\":\"Bayan Hot\",\"country\":\"China\"}}","updated":"2021-12-14T23:15:43.375Z"}
{"customer_id":"C00689","profile":"{\"first_name\":\"Reynolds\",\"last_name\":\"Heindl\",\"gender\":\"Male\",\"address\":{\"street\":\"786 Hintze Terrace\",\"city\":\"Ribeiro\",\"country\":\"Portugal\"}}","updated":"2021-12-14T23:15:43.375Z"}
{"customer_id":"C00690","email":"gheisterke@foxnews.com","profile":"{\"first_name\":\"Graig\",\"last_name\":\"Heister\",\"gender\":\"Male\",\"address\":{\"street\":\"20224 Hooker Crossing\",\"city\":\"Tambovka\",\"country\":\"Russia\"}}","updated":"2021-12-14T23:15:43.375Z"}
{"customer_id":"C00691","email":"wheistere7@boston.com","profile":"{\"first_name\":\"Wini\",\"last_name\":\"Heister\",\"gender\":\"Female\",\"address\":{\"street\":\"08813 Jackson Center\",\"city\":\"Outeiro de Polima\",\"country\":\"Portugal\"}}","updated":"2021-12-14T23:15:43.375Z"}
{"customer_id":"C00692","profile":"{\"first_name\":\"Gloriane\",\"last_name\":\"Henricsson\",\"gender\":\"Female\",\"address\":{\"street\":\"467 Veith Trail\",\"city\":\"Herálec\",\"country\":\"Czech Republic\"}}","updated":"2021-12-14T23:15:43.375Z"}
{"customer_id":"C00693","profile":"{\"first_name\":\"Palmer\",\"last_name\":\"Henriques\",\"gender\":\"Male\",\"address\":{\"street\":\"80461 Becker Junction\",\"city\":\"Elimäki\",\"country\":\"Finland\"}}","updated":"2021-12-14T23:15:43.375Z"}
{"customer_id":"C00694","email":"fhenzerac@dion.ne.jp","profile":"{\"first_name\":\"Fey\",\"last_name\":\"Henzer\",\"gender\":\"Female\",\"address\":{\"street\":\"290 Havey Point\",\"city\":\"Motrico\",\"country\":\"Philippines\"}}","updated":"2021-12-14T23:15:43.375Z"}
{"customer_id":"C00695","email":"hherrerosfu@sbwire.com","profile":"{\"first_name\":\"Henrik\",\"last_name\":\"Herreros\",\"gender\":\"Male\",\"address\":{\"street\":\"65 Pennsylvania Way\",\"city\":\"Dingqing\",\"country\":\"China\"}}","updated":"2021-12-14T23:15:43.375Z"}
{"customer_id":"C00696","email":"mhickfordhb@state.gov","profile":"{\"first_name\":\"Merrile\",\"last_name\":\"Hickford\",\"gender\":\"Female\",\"address\":{\"street\":\"8154 Burning Wood Pass\",\"city\":\"Burla\",\"country\":\"Russia\"}}","updated":"2021-12-14T23:15:43.375Z"}
{"customer_id":"C00697","email":"bhillen6e@de.vu","profile":"{\"first_name\":\"Bill\",\"last_name\":\"Hillen\",\"gender\":\"Male\",\"address\":{\"street\":\"548 Heffernan Junction\",\"city\":\"Castelsarrasin\",\"country\":\"France\"}}","updated":"2021-12-14T23:15:43.375Z"}
{"customer_id":"C00698","profile":"{\"first_name\":\"Man\",\"last_name\":\"Hillitt\",\"gender\":\"Male\",\"address\":{\"street\":\"8 Blue Bill Park Court\",\"city\":\"Ganxi\",\"country\":\"China\"}}","updated":"2021-12-14T23:15:43.375Z"}
{"customer_id":"C00699","email":"thinschds@msu.edu","profile":"{\"first_name\":\"Tabbi\",\"last_name\":\"Hinsch\",\"gender\":\"Female\",\"address\":{\"street\":\"2441 Farwell Park\",\"city\":\"Verkhoshizhem’ye\",\"country\":\"Russia\"}}","updated":"2021-12-14T23:15:43.375Z"}
{"customer_id":"C00700","profile":"{\"first_name\":\"Georgie\",\"last_name\":\"Hockell\",\"gender\":\"Female\",\"address\":{\"street\":\"458 Starling Park\",\"city\":\"Isugod\",\"country\":\"Philippines\"}}","updated":"2021-12-14T23:15:43.375Z"}
{"customer_id":"C00701","email":"hhoffc@state.tx.us","profile":"{\"first_name\":\"Harlene\",\"last_name\":\"Hof\",\"gender\":\"Female\",\"address\":{\"street\":\"08 Calypso Place\",\"city\":\"Qitan\",\"country\":\"China\"}}","updated":"2021-12-14T23:15:43.375Z"}
{"customer_id":"C00702","email":"shollymanfk@xrea.com","profile":"{\"first_name\":\"Shayla\",\"last_name\":\"Hollyman\",\"gender\":\"Bigender\",\"address\":{\"street\":\"36 Lotheville Drive\",\"city\":\"Tol’yatti\",\"country\":\"Russia\"}}","updated":"2021-12-14T23:15:43.375Z"}
{"customer_id":"C00703","profile":"{\"first_name\":\"Kesley\",\"last_name\":\"Honisch\",\"gender\":\"Female\",\"address\":{\"street\":\"05445 Commercial Pass\",\"city\":\"Sułoszowa\",\"country\":\"Poland\"}}","updated":"2021-12-14T23:15:43.375Z"}
{"customer_id":"C00704","email":"chorchelw@cbslocal.com","profile":"{\"first_name\":\"Clark\",\"last_name\":\"Horche\",\"gender\":\"Male\",\"address\":{\"street\":\"15293 Grayhawk Lane\",\"city\":\"Lazi\",\"country\":\"Ukraine\"}}","updated":"2021-12-14T23:15:43.375Z"}
{"customer_id":"C00705","email":"chornungdd@reverbnation.com","profile":"{\"first_name\":\"Claudie\",\"last_name\":\"Hornung\",\"gender\":\"Female\",\"address\":{\"street\":\"1 Hoard Drive\",\"city\":\"Port Hawkesbury\",\"country\":\"Canada\"}}","updated":"2021-12-14T23:15:43.375Z"}
{"customer_id":"C00706","profile":"{\"first_name\":\"Janette\",\"last_name\":\"Horrod\",\"gender\":\"Female\",\"address\":{\"street\":\"6 Sherman Plaza\",\"city\":\"Daniwato\",\"country\":\"Indonesia\"}}","updated":"2021-12-14T23:15:43.375Z"}
{"customer_id":"C00707","profile":"{\"first_name\":\"Elias\",\"last_name\":\"Houchen\",\"gender\":\"Male\",\"address\":{\"street\":\"06221 Crownhardt Street\",\"city\":\"Ebak\",\"country\":\"Indonesia\"}}","updated":"2021-12-14T23:15:43.375Z"}
{"customer_id":"C00708","email":"ehouldgb@thetimes.co.uk","profile":"{\"first_name\":\"Emmet\",\"last_name\":\"Hould\",\"gender\":\"Male\",\"address\":{\"street\":\"8966 Oriole Circle\",\"city\":\"Bradashesh\",\"country\":\"Albania\"}}","updated":"2021-12-14T23:15:43.375Z"}
{"customer_id":"C00709","profile":"{\"first_name\":\"Birdie\",\"last_name\":\"Houltham\",\"gender\":\"Female\",\"address\":{\"street\":\"68339 Ridgeview Avenue\",\"city\":\"Abha\",\"country\":\"Saudi Arabia\"}}","updated":"2021-12-14T23:15:43.375Z"}
{"customer_id":"C00710","email":"showman26@miibeian.gov.cn","profile":"{\"first_name\":\"Sunny\",\"last_name\":\"Howman\",\"gender\":\"Male\",\"address\":{\"street\":\"62600 Sloan Place\",\"city\":\"Punkalaidun\",\"country\":\"Finland\"}}","updated":"2021-12-14T23:15:43.375Z"}
{"customer_id":"C00711","email":"jhuggon72@youtube.com","profile":"{\"first_name\":\"Jerrold\",\"last_name\":\"Huggon\",\"gender\":\"Male\",\"address\":{\"street\":\"8 Graceland Junction\",\"city\":\"Pulau Pinang\",\"country\":\"Malaysia\"}}","updated":"2021-12-14T23:15:43.375Z"}
{"customer_id":"C00712","email":"ohugonink8@furl.net","profile":"{\"first_name\":\"Onfroi\",\"last_name\":\"Hugonin\",\"gender\":\"Male\",\"address\":{\"street\":\"03 Fairfield Place\",\"city\":\"Nakhchivan\",\"country\":\"Azerbaijan\"}}","updated":"2021-12-14T23:15:43.375Z"}
{"customer_id":"C00713","profile":"{\"first_name\":\"Maxwell\",\"last_name\":\"Hulcoop\",\"gender\":\"Male\",\"address\":{\"street\":\"47 6th Circle\",\"city\":\"Cibanten\",\"country\":\"Indonesia\"}}","updated":"2021-12-14T23:15:43.375Z"}
{"customer_id":"C00714","profile":"{\"first_name\":\"Walker\",\"last_name\":\"Humbatch\",\"gender\":\"Male\",\"address\":{\"street\":\"0063 2nd Drive\",\"city\":\"Novoye Leushino\",\"country\":\"Russia\"}}","updated":"2021-12-14T23:15:43.375Z"}
{"customer_id":"C00715","profile":"{\"first_name\":\"Townie\",\"last_name\":\"Humble\",\"gender\":\"Non-binary\",\"address\":{\"street\":\"5 Vahlen Hill\",\"city\":\"Sumberrejo\",\"country\":\"Indonesia\"}}","updated":"2021-12-14T23:15:43.375Z"}
{"customer_id":"C00716","profile":"{\"first_name\":\"Reinwald\",\"last_name\":\"Hundy\",\"gender\":\"Polygender\",\"address\":{\"street\":\"86 Mosinee Parkway\",\"city\":\"Aţ Ţafīlah\",\"country\":\"Jordan\"}}","updated":"2021-12-14T23:15:43.375Z"}
{"customer_id":"C00717","email":"dhusbandfx@alibaba.com","profile":"{\"first_name\":\"Durante\",\"last_name\":\"Husband\",\"gender\":\"Genderqueer\",\"address\":{\"street\":\"80183 Grayhawk Hill\",\"city\":\"Lyubech\",\"country\":\"Ukraine\"}}","updated":"2021-12-14T23:15:43.375Z"}
{"customer_id":"C00718","profile":"{\"first_name\":\"Abeu\",\"last_name\":\"Hutchison\",\"gender\":\"Genderqueer\",\"address\":{\"street\":\"60 Arrowood Street\",\"city\":\"Tân An\",\"country\":\"Vietnam\"}}","updated":"2021-12-14T23:15:43.375Z"}
{"customer_id":"C00719","email":"ahyronsa1@dot.gov","profile":"{\"first_name\":\"Ailey\",\"last_name\":\"Hyrons\",\"gender\":\"Female\",\"address\":{\"street\":\"4710 Red Cloud Terrace\",\"city\":\"Zorgo\",\"country\":\"Burkina Faso\"}}","updated":"2021-12-14T23:15:43.375Z"}
{"customer_id":"C00720","email":"biacofo97@mac.com","profile":"{\"first_name\":\"Bernice\",\"last_name\":\"Iacofo\",\"gender\":\"Female\",\"address\":{\"street\":\"6946 Cherokee Junction\",\"city\":\"Al Manşūrah\",\"country\":\"Syria\"}}","updated":"2021-12-14T23:15:43.375Z"}
{"customer_id":"C00721","email":"riacofodo@nifty.com","profile":"{\"first_name\":\"Rhoda\",\"last_name\":\"Iacofo\",\"gender\":\"Female\",\"address\":{\"street\":\"407 Division Pass\",\"city\":\"Mapinrea\",\"country\":\"Indonesia\"}}","updated":"2021-12-14T23:15:43.375Z"}
{"customer_id":"C00722","profile":"{\"first_name\":\"Neville\",\"last_name\":\"Iacopini\",\"gender\":\"Male\",\"address\":{\"street\":\"5 Northland Lane\",\"city\":\"Xuanhua\",\"country\":\"China\"}}","updated":"2021-12-14T23:15:43.375Z"}
{"customer_id":"C00723","email":"liacovuzzic0@histats.com","profile":"{\"first_name\":\"Laney\",\"last_name\":\"Iacovuzzi\",\"gender\":\"Female\",\"address\":{\"street\":\"83135 Welch Junction\",\"city\":\"Kasugai\",\"country\":\"Japan\"}}","updated":"2021-12-14T23:15:43.375Z"}
{"customer_id":"C00724","email":"aibbs32@xrea.com","profile":"{\"first_name\":\"Alexine\",\"last_name\":\"Ibbs\",\"gender\":\"Female\",\"address\":{\"street\":\"6 Westend Way\",\"city\":\"Jinping\",\"country\":\"China\"}}","updated":"2021-12-14T23:15:43.375Z"}
{"customer_id":"C00725","email":"giddinsca@yolasite.com","profile":"{\"first_name\":\"Gris\",\"last_name\":\"Iddins\",\"gender\":\"Male\",\"address\":{\"street\":\"559 Mcbride Street\",\"city\":\"Ajman\",\"country\":\"United Arab Emirates\"}}","updated":"2021-12-14T23:15:43.375Z"}
{"customer_id":"C00726","email":"diddonsei@miibeian.gov.cn","profile":"{\"first_name\":\"Damiano\",\"last_name\":\"Iddons\",\"gender\":\"Male\",\"address\":{\"street\":\"4010 Hoffman Parkway\",\"city\":\"Sanpai\",\"country\":\"China\"}}","updated":"2021-12-14T23:15:43.375Z"}
{"customer_id":"C00727","profile":"{\"first_name\":\"Tades\",\"last_name\":\"Iddons\",\"gender\":\"Male\",\"address\":{\"street\":\"663 Esch Plaza\",\"city\":\"Svrljig\",\"country\":\"Serbia\"}}","updated":"2021-12-14T23:15:43.375Z"}
{"customer_id":"C00728","email":"aiddy8h@bigcartel.com","profile":"{\"first_name\":\"Amandie\",\"last_name\":\"Iddy\",\"gender\":\"Female\",\"address\":{\"street\":\"686 Barnett Park\",\"city\":\"Taiyigong\",\"country\":\"China\"}}","updated":"2021-12-14T23:15:43.375Z"}
{"customer_id":"C00729","profile":"{\"first_name\":\"Tally\",\"last_name\":\"Idiens\",\"gender\":\"Male\",\"address\":{\"street\":\"52619 Shopko Center\",\"city\":\"Rakvere\",\"country\":\"Estonia\"}}","updated":"2021-12-14T23:15:43.375Z"}
{"customer_id":"C00730","email":"cikringillf3@slashdot.org","profile":"{\"first_name\":\"Colver\",\"last_name\":\"Ikringill\",\"gender\":\"Male\",\"address\":{\"street\":\"172 Surrey Street\",\"city\":\"Igir-igir\",\"country\":\"Indonesia\"}}","updated":"2021-12-14T23:15:43.375Z"}
{"customer_id":"C00731","profile":"{\"first_name\":\"Nicholle\",\"last_name\":\"Iliffe\",\"gender\":\"Female\",\"address\":{\"street\":\"866 Butterfield Alley\",\"city\":\"Guachucal\",\"country\":\"Colombia\"}}","updated":"2021-12-14T23:15:43.375Z"}
{"customer_id":"C00732","email":"aillingf1@usda.gov","profile":"{\"first_name\":\"Amandy\",\"last_name\":\"Illing\",\"gender\":\"Female\",\"address\":{\"street\":\"4299 Barby Junction\",\"city\":\"Breda\",\"country\":\"Netherlands\"}}","updated":"2021-12-14T23:15:43.375Z"}
{"customer_id":"C00733","email":"wilyas8x@multiply.com","profile":"{\"first_name\":\"Wes\",\"last_name\":\"Ilyas\",\"gender\":\"Male\",\"address\":{\"street\":\"5153 Randy Center\",\"city\":\"Yuqi\",\"country\":\"China\"}}","updated":"2021-12-14T23:15:43.375Z"}
{"customer_id":"C00734","email":"linesonr0@smugmug.com","profile":"{\"first_name\":\"Lorilyn\",\"last_name\":\"Ineson\",\"gender\":\"Female\",\"address\":{\"street\":\"76 Erie Terrace\",\"city\":\"Tabaga\",\"country\":\"Russia\"}}","updated":"2021-12-14T23:15:43.375Z"}
{"customer_id":"C00735","email":"finglish7s@google.ru","profile":"{\"first_name\":\"Fran\",\"last_name\":\"Inglish\",\"gender\":\"Male\",\"address\":{\"street\":\"04636 Orin Parkway\",\"city\":\"Hema\",\"country\":\"China\"}}","updated":"2021-12-14T23:15:43.375Z"}
{"customer_id":"C00736","email":"hingyonpg@un.org","profile":"{\"first_name\":\"Horatius\",\"last_name\":\"Ingyon\",\"gender\":\"Male\",\"address\":{\"street\":\"35784 Toban Street\",\"city\":\"Altuf’yevskiy\",\"country\":\"Russia\"}}","updated":"2021-12-14T23:15:43.375Z"}
{"customer_id":"C00737","email":"einkpengj@unblog.fr","profile":"{\"first_name\":\"Earvin\",\"last_name\":\"Inkpen\",\"gender\":\"Male\",\"address\":{\"street\":\"369 Anthes Hill\",\"city\":\"Dianwan\",\"country\":\"China\"}}","updated":"2021-12-14T23:15:43.375Z"}
{"customer_id":"C00738","email":"gioselevichf0@github.io","profile":"{\"first_name\":\"Giorgio\",\"last_name\":\"Ioselevich\",\"gender\":\"Male\",\"address\":{\"street\":\"66438 Farragut Lane\",\"city\":\"Mascouche\",\"country\":\"Canada\"}}","updated":"2021-12-14T23:15:43.375Z"}
{"customer_id":"C00739","email":"gipgrave5e@sogou.com","profile":"{\"first_name\":\"Glenda\",\"last_name\":\"Ipgrave\",\"gender\":\"Female\",\"address\":{\"street\":\"2 Evergreen Drive\",\"city\":\"Dnestrovsc\",\"country\":\"Moldova\"}}","updated":"2021-12-14T23:15:43.375Z"}
{"customer_id":"C00740","email":"fisackh1@trellian.com","profile":"{\"first_name\":\"Filippo\",\"last_name\":\"Isack\",\"gender\":\"Male\",\"address\":{\"street\":\"4 Comanche Junction\",\"city\":\"La Guacamaya\",\"country\":\"Honduras\"}}","updated":"2021-12-14T23:15:43.375Z"}
{"customer_id":"C00741","email":"cisackc6@washington.edu","profile":"{\"first_name\":\"Chery\",\"last_name\":\"Isack\",\"gender\":\"Female\",\"address\":{\"street\":\"2197 Eagan Place\",\"city\":\"Kagoro\",\"country\":\"Nigeria\"}}","updated":"2021-12-14T23:15:43.375Z"}
{"customer_id":"C00742","email":"misackj7@comsenz.com","profile":"{\"first_name\":\"Maxine\",\"last_name\":\"Isack\",\"gender\":\"Female\",\"address\":{\"street\":\"52223 Schurz Trail\",\"city\":\"Yutan\",\"country\":\"China\"}}","updated":"2021-12-14T23:15:43.375Z"}
{"customer_id":"C00743","email":"siseton6y@dell.com","profile":"{\"first_name\":\"Sheilah\",\"last_name\":\"Iseton\",\"gender\":\"Female\",\"address\":{\"street\":\"987 Warner Pass\",\"city\":\"Janeng\",\"country\":\"Botswana\"}}","updated":"2021-12-14T23:15:43.375Z"}
{"customer_id":"C00744","email":"aishakas@imageshack.us","profile":"{\"first_name\":\"Arte\",\"last_name\":\"Ishak\",\"gender\":\"Male\",\"address\":{\"street\":\"27 Rutledge Street\",\"city\":\"Borås\",\"country\":\"Sweden\"}}","updated":"2021-12-14T23:15:43.375Z"}
{"customer_id":"C00745","email":"tishakg3@globo.com","profile":"{\"first_name\":\"Tasha\",\"last_name\":\"Ishak\",\"gender\":\"Female\",\"address\":{\"street\":\"1 2nd Parkway\",\"city\":\"Hutag\",\"country\":\"Mongolia\"}}","updated":"2021-12-14T23:15:43.375Z"}
{"customer_id":"C00746","email":"mismail7i@github.io","profile":"{\"first_name\":\"May\",\"last_name\":\"Ismail\",\"gender\":\"Female\",\"address\":{\"street\":\"95 Reindahl Lane\",\"city\":\"Petawawa\",\"country\":\"Canada\"}}","updated":"2021-12-14T23:15:43.375Z"}
{"customer_id":"C00747","profile":"{\"first_name\":\"Mathias\",\"last_name\":\"Isson\",\"gender\":\"Male\",\"address\":{\"street\":\"81 Butternut Lane\",\"city\":\"Yungaisi\",\"country\":\"China\"}}","updated":"2021-12-14T23:15:43.375Z"}
{"customer_id":"C00748","email":"hivakhno23@php.net","profile":"{\"first_name\":\"Hobart\",\"last_name\":\"Ivakhno\",\"gender\":\"Male\",\"address\":{\"street\":\"7494 Waubesa Avenue\",\"city\":\"Quiaios\",\"country\":\"Portugal\"}}","updated":"2021-12-14T23:15:43.375Z"}
{"customer_id":"C00749","email":"rivanisovg0@51.la","profile":"{\"first_name\":\"Rebeka\",\"last_name\":\"Ivanisov\",\"gender\":\"Agender\",\"address\":{\"street\":\"5833 Ridgeview Place\",\"city\":\"Kilindoni\",\"country\":\"Tanzania\"}}","updated":"2021-12-14T23:15:43.375Z"}
{"customer_id":"C00750","email":"eivchenkopi@a8.net","profile":"{\"first_name\":\"Eden\",\"last_name\":\"Ivchenko\",\"gender\":\"Female\",\"address\":{\"street\":\"1915 La Follette Trail\",\"city\":\"Fenglin\",\"country\":\"China\"}}","updated":"2021-12-14T23:15:43.375Z"}
{"customer_id":"C00751","profile":"{\"first_name\":\"Jobi\",\"last_name\":\"Ives\",\"gender\":\"Female\",\"address\":{\"street\":\"576 Arkansas Alley\",\"city\":\"Tlumach\",\"country\":\"Ukraine\"}}","updated":"2021-12-14T23:15:43.375Z"}
{"customer_id":"C00752","profile":"{\"first_name\":\"Ula\",\"last_name\":\"Ivison\",\"gender\":\"Female\",\"address\":{\"street\":\"7936 Loeprich Court\",\"city\":\"El Valle del Espíritu Santo\",\"country\":\"Venezuela\"}}","updated":"2021-12-14T23:15:43.375Z"}
{"customer_id":"C00753","email":"kizzat74@opera.com","profile":"{\"first_name\":\"Kimberly\",\"last_name\":\"Izzat\",\"gender\":\"Female\",\"address\":{\"street\":\"3 Esker Avenue\",\"city\":\"Patrang\",\"country\":\"Indonesia\"}}","updated":"2021-12-14T23:15:43.375Z"}
{"customer_id":"C00754","profile":"{\"first_name\":\"Nonah\",\"last_name\":\"Jakubiak\",\"gender\":\"Female\",\"address\":{\"street\":\"5567 Graceland Center\",\"city\":\"Quxia\",\"country\":\"China\"}}","updated":"2021-12-14T23:15:43.375Z"}
{"customer_id":"C00755","email":"mjansnp@feedburner.com","profile":"{\"first_name\":\"Melessa\",\"last_name\":\"Jans\",\"gender\":\"Female\",\"address\":{\"street\":\"40619 Weeping Birch Court\",\"city\":\"Karak City\",\"country\":\"Jordan\"}}","updated":"2021-12-14T23:15:43.375Z"}
{"customer_id":"C00756","email":"bjanssen27@umn.edu","profile":"{\"first_name\":\"Byrann\",\"last_name\":\"Janssen\",\"gender\":\"Male\",\"address\":{\"street\":\"809 Petterle Point\",\"city\":\"Maubara\",\"country\":\"East Timor\"}}","updated":"2021-12-14T23:15:43.375Z"}
{"customer_id":"C00757","profile":"{\"first_name\":\"Jethro\",\"last_name\":\"Janz\",\"gender\":\"Male\",\"address\":{\"street\":\"53868 Hauk Circle\",\"city\":\"Biito\",\"country\":\"Indonesia\"}}","updated":"2021-12-14T23:15:43.375Z"}
{"customer_id":"C00758","email":"ajarnellq0@seattletimes.com","profile":"{\"first_name\":\"Annie\",\"last_name\":\"Jarnell\",\"gender\":\"Female\",\"address\":{\"street\":\"43188 Canary Junction\",\"city\":\"Hitiaa\",\"country\":\"French Polynesia\"}}","updated":"2021-12-14T23:15:43.375Z"}
{"customer_id":"C00759","email":"jjarretj5@t-online.de","profile":"{\"first_name\":\"Joyous\",\"last_name\":\"Jarret\",\"gender\":\"Female\",\"address\":{\"street\":\"110 Pleasure Crossing\",\"city\":\"Bang Bo\",\"country\":\"Thailand\"}}","updated":"2021-12-14T23:15:43.375Z"}
{"customer_id":"C00760","email":"ajaunceyk@phoca.cz","profile":"{\"first_name\":\"Andriana\",\"last_name\":\"Jauncey\",\"gender\":\"Female\",\"address\":{\"street\":\"23756 Morning Place\",\"city\":\"Guariba\",\"country\":\"Brazil\"}}","updated":"2021-12-14T23:15:43.375Z"}
{"customer_id":"C00761","email":"njeckellon@plala.or.jp","profile":"{\"first_name\":\"Nance\",\"last_name\":\"Jeckell\",\"gender\":\"Female\",\"address\":{\"street\":\"01 Golf Lane\",\"city\":\"Challas\",\"country\":\"Peru\"}}","updated":"2021-12-14T23:15:43.375Z"}
{"customer_id":"C00762","profile":"{\"first_name\":\"Mal\",\"last_name\":\"Jeckells\",\"gender\":\"Male\",\"address\":{\"street\":\"8 Shelley Pass\",\"city\":\"Wabana\",\"country\":\"Canada\"}}","updated":"2021-12-14T23:15:43.375Z"}
{"customer_id":"C00763","email":"njendrassikff@google.de","profile":"{\"first_name\":\"Natal\",\"last_name\":\"Jendrassik\",\"gender\":\"Male\",\"address\":{\"street\":\"2 Nova Pass\",\"city\":\"Mirador\",\"country\":\"Brazil\"}}","updated":"2021-12-14T23:15:43.375Z"}
{"customer_id":"C00764","email":"jjeroch9k@fastcompany.com","profile":"{\"first_name\":\"Jobyna\",\"last_name\":\"Jeroch\",\"gender\":\"Female\",\"address\":{\"street\":\"87 Division Street\",\"city\":\"Trŭn\",\"country\":\"Bulgaria\"}}","updated":"2021-12-14T23:15:43.375Z"}
{"customer_id":"C00765","email":"tjestmh@pbs.org","profile":"{\"first_name\":\"Timmy\",\"last_name\":\"Jest\",\"gender\":\"Male\",\"address\":{\"street\":\"9 Park Meadow Point\",\"city\":\"São Mamede\",\"country\":\"Portugal\"}}","updated":"2021-12-14T23:15:43.375Z"}
{"customer_id":"C00766","email":"ljewelk2@springer.com","profile":"{\"first_name\":\"Lizzie\",\"last_name\":\"Jewel\",\"gender\":\"Female\",\"address\":{\"street\":\"44756 Moulton Terrace\",\"city\":\"Mazeikiai\",\"country\":\"Lithuania\"}}","updated":"2021-12-14T23:15:43.375Z"}
{"customer_id":"C00767","email":"sjeynesi1@house.gov","profile":"{\"first_name\":\"Sullivan\",\"last_name\":\"Jeynes\",\"gender\":\"Male\",\"address\":{\"street\":\"8 Center Hill\",\"city\":\"Macarse\",\"country\":\"Philippines\"}}","updated":"2021-12-14T23:15:43.375Z"}
{"customer_id":"C00768","email":"ijirousekde@sitemeter.com","profile":"{\"first_name\":\"Ian\",\"last_name\":\"Jirousek\",\"gender\":\"Male\",\"address\":{\"street\":\"44 Almo Road\",\"city\":\"Igarapé Açu\",\"country\":\"Brazil\"}}","updated":"2021-12-14T23:15:43.375Z"}
{"customer_id":"C00769","email":"ajoanicoy@uol.com.br","profile":"{\"first_name\":\"Andrey\",\"last_name\":\"Joanic\",\"gender\":\"Genderfluid\",\"address\":{\"street\":\"0208 Hallows Court\",\"city\":\"Staraya Russa\",\"country\":\"Russia\"}}","updated":"2021-12-14T23:15:43.375Z"}
{"customer_id":"C00770","email":"bjocicdz@loc.gov","profile":"{\"first_name\":\"Bendite\",\"last_name\":\"Jocic\",\"gender\":\"Female\",\"address\":{\"street\":\"1 Fremont Circle\",\"city\":\"Nowe\",\"country\":\"Poland\"}}","updated":"2021-12-14T23:15:43.375Z"}
{"customer_id":"C00771","profile":"{\"first_name\":\"Amble\",\"last_name\":\"Joincey\",\"gender\":\"Male\",\"address\":{\"street\":\"92 Meadow Ridge Hill\",\"city\":\"Kildare\",\"country\":\"Ireland\"}}","updated":"2021-12-14T23:15:43.375Z"}
{"customer_id":"C00772","email":"njoinceydw@usatoday.com","profile":"{\"first_name\":\"Nels\",\"last_name\":\"Joincey\",\"gender\":\"Genderfluid\",\"address\":{\"street\":\"20 Surrey Center\",\"city\":\"Zhangjiang\",\"country\":\"China\"}}","updated":"2021-12-14T23:15:43.375Z"}
{"customer_id":"C00773","profile":"{\"first_name\":\"Erminie\",\"last_name\":\"Joiris\",\"gender\":\"Female\",\"address\":{\"street\":\"535 Dennis Point\",\"city\":\"Kamo\",\"country\":\"Armenia\"}}","updated":"2021-12-14T23:15:43.375Z"}
{"customer_id":"C00774","email":"rjordon5@examiner.com","profile":"{\"first_name\":\"Rolf\",\"last_name\":\"Jordon\",\"gender\":\"Male\",\"address\":{\"street\":\"0 Pine View Hill\",\"city\":\"Kungälv\",\"country\":\"Sweden\"}}","updated":"2021-12-14T23:15:43.375Z"}
{"customer_id":"C00775","profile":"{\"first_name\":\"Poul\",\"last_name\":\"Jorio\",\"gender\":\"Male\",\"address\":{\"street\":\"76 School Place\",\"city\":\"Topolovgrad\",\"country\":\"Bulgaria\"}}","updated":"2021-12-14T23:15:43.375Z"}
{"customer_id":"C00776","email":"fjoseferh8@tmall.com","profile":"{\"first_name\":\"Fairlie\",\"last_name\":\"Josefer\",\"gender\":\"Male\",\"address\":{\"street\":\"9598 Lunder Trail\",\"city\":\"Itsukaichi\",\"country\":\"Japan\"}}","updated":"2021-12-14T23:15:43.375Z"}
{"customer_id":"C00777","profile":"{\"first_name\":\"Eldin\",\"last_name\":\"Joseff\",\"gender\":\"Male\",\"address\":{\"street\":\"4972 Pleasure Street\",\"city\":\"Sakchu-ŭp\",\"country\":\"North Korea\"}}","updated":"2021-12-14T23:15:43.375Z"}
{"customer_id":"C00778","email":"ujoselsonje@about.me","profile":"{\"first_name\":\"Upton\",\"last_name\":\"Joselson\",\"gender\":\"Male\",\"address\":{\"street\":\"90000 Lotheville Parkway\",\"city\":\"Bailadores\",\"country\":\"Venezuela\"}}","updated":"2021-12-14T23:15:43.375Z"}
{"customer_id":"C00779","email":"sjosephyi9@admin.ch","profile":"{\"first_name\":\"Samson\",\"last_name\":\"Josephy\",\"gender\":\"Male\",\"address\":{\"street\":\"11 Cottonwood Pass\",\"city\":\"Heřmanova Huť\",\"country\":\"Czech Republic\"}}","updated":"2021-12-14T23:15:43.375Z"}
{"customer_id":"C00780","email":"cjovicicgi@php.net","profile":"{\"first_name\":\"Casey\",\"last_name\":\"Jovicic\",\"gender\":\"Male\",\"address\":{\"street\":\"5757 Wayridge Park\",\"city\":\"Mendenrejo\",\"country\":\"Indonesia\"}}","updated":"2021-12-14T23:15:43.375Z"}
{"customer_id":"C00781","profile":"{\"first_name\":\"Elton\",\"last_name\":\"Jury\",\"gender\":\"Male\",\"address\":{\"street\":\"5 Forest Hill\",\"city\":\"Vayk’\",\"country\":\"Armenia\"}}","updated":"2021-12-14T23:15:43.375Z"}
{"customer_id":"C00782","email":"ajurzykd4@slideshare.net","profile":"{\"first_name\":\"Anastassia\",\"last_name\":\"Jurzyk\",\"gender\":\"Female\",\"address\":{\"street\":\"60679 Messerschmidt Street\",\"city\":\"Viraco\",\"country\":\"Peru\"}}","updated":"2021-12-14T23:15:43.375Z"}
{"customer_id":"C00783","email":"skaes8h@rediff.com","profile":"{\"first_name\":\"Stevy\",\"last_name\":\"Kaes\",\"gender\":\"Male\",\"address\":{\"street\":\"019 Jackson Plaza\",\"city\":\"Banjar Gunungpande\",\"country\":\"Indonesia\"}}","updated":"2021-12-14T23:15:43.375Z"}
{"customer_id":"C00784","profile":"{\"first_name\":\"Adelbert\",\"last_name\":\"Kahane\",\"gender\":\"Male\",\"address\":{\"street\":\"5261 Pierstorff Drive\",\"city\":\"Labnig\",\"country\":\"Philippines\"}}","updated":"2021-12-14T23:15:43.375Z"}
{"customer_id":"C00785","profile":"{\"first_name\":\"Andy\",\"last_name\":\"Kalisz\",\"gender\":\"Female\",\"address\":{\"street\":\"233 Mallory Drive\",\"city\":\"Kulonkali\",\"country\":\"Indonesia\"}}","updated":"2021-12-14T23:15:43.375Z"}
{"customer_id":"C00786","email":"skaliszewskii6@dedecms.com","profile":"{\"first_name\":\"Sacha\",\"last_name\":\"Kaliszewski\",\"gender\":\"Female\",\"address\":{\"street\":\"8 Onsgard Trail\",\"city\":\"Västerås\",\"country\":\"Sweden\"}}","updated":"2021-12-14T23:15:43.375Z"}
{"customer_id":"C00787","email":"dkamanpx@live.com","profile":"{\"first_name\":\"Danny\",\"last_name\":\"Kaman\",\"gender\":\"Female\",\"address\":{\"street\":\"38544 Oak Drive\",\"city\":\"Keffi\",\"country\":\"Nigeria\"}}","updated":"2021-12-14T23:15:43.375Z"}
{"customer_id":"C00788","profile":"{\"first_name\":\"Melvin\",\"last_name\":\"Karys\",\"gender\":\"Male\",\"address\":{\"street\":\"6317 Monica Terrace\",\"city\":\"Kamionka Strumitowa\",\"country\":\"Ukraine\"}}","updated":"2021-12-14T23:15:43.375Z"}
{"customer_id":"C00789","profile":"{\"first_name\":\"Carlie\",\"last_name\":\"Kaszper\",\"gender\":\"Male\",\"address\":{\"street\":\"8981 Pleasure Avenue\",\"city\":\"Gandrungmangu\",\"country\":\"Indonesia\"}}","updated":"2021-12-14T23:15:43.375Z"}
{"customer_id":"C00790","profile":"{\"first_name\":\"Alex\",\"last_name\":\"Katte\",\"gender\":\"Male\",\"address\":{\"street\":\"67 Iowa Crossing\",\"city\":\"Axili\",\"country\":\"China\"}}","updated":"2021-12-14T23:15:43.375Z"}
{"customer_id":"C00791","email":"vkeavenyku@twitter.com","profile":"{\"first_name\":\"Viviyan\",\"last_name\":\"Keaveny\",\"gender\":\"Female\",\"address\":{\"street\":\"65978 Pearson Alley\",\"city\":\"Makurdi\",\"country\":\"Nigeria\"}}","updated":"2021-12-14T23:15:43.375Z"}
{"customer_id":"C00792","email":"rkellingik@engadget.com","profile":"{\"first_name\":\"Ricki\",\"last_name\":\"Kelling\",\"gender\":\"Male\",\"address\":{\"street\":\"3 Springview Court\",\"city\":\"Leleque\",\"country\":\"Argentina\"}}","updated":"2021-12-14T23:15:43.375Z"}
{"customer_id":"C00793","profile":"{\"first_name\":\"Kendall\",\"last_name\":\"Kemmer\",\"gender\":\"Male\",\"address\":{\"street\":\"31 Kipling Terrace\",\"city\":\"Rio Brilhante\",\"country\":\"Brazil\"}}","updated":"2021-12-14T23:15:43.375Z"}
{"customer_id":"C00794","email":"dkempston77@businessinsider.com","profile":"{\"first_name\":\"Darla\",\"last_name\":\"Kempston\",\"gender\":\"Female\",\"address\":{\"street\":\"439 Anthes Court\",\"city\":\"Mathba\",\"country\":\"Bangladesh\"}}","updated":"2021-12-14T23:15:43.375Z"}
{"customer_id":"C00795","email":"bkenafaquef9@cornell.edu","profile":"{\"first_name\":\"Blancha\",\"last_name\":\"Kenafaque\",\"gender\":\"Female\",\"address\":{\"street\":\"07 Bartillon Street\",\"city\":\"Suzano\",\"country\":\"Brazil\"}}","updated":"2021-12-14T23:15:43.375Z"}
{"customer_id":"C00796","email":"fkeningham7y@free.fr","profile":"{\"first_name\":\"Fanny\",\"last_name\":\"Keningham\",\"gender\":\"Female\",\"address\":{\"street\":\"22 Pine View Center\",\"city\":\"Pamiątkowo\",\"country\":\"Poland\"}}","updated":"2021-12-14T23:15:43.375Z"}
{"customer_id":"C00797","email":"rkermode6j@accuweather.com","profile":"{\"first_name\":\"Rosanne\",\"last_name\":\"Kermode\",\"gender\":\"Female\",\"address\":{\"street\":\"38959 Lighthouse Bay Place\",\"city\":\"Henglian\",\"country\":\"China\"}}","updated":"2021-12-14T23:15:43.375Z"}
{"customer_id":"C00798","email":"ckestenj0@sphinn.com","profile":"{\"first_name\":\"Cirilo\",\"last_name\":\"Kesten\",\"gender\":\"Male\",\"address\":{\"street\":\"5 Merry Way\",\"city\":\"San Vicente Pacaya\",\"country\":\"Guatemala\"}}","updated":"2021-12-14T23:15:43.375Z"}
{"customer_id":"C00799","email":"dkestevenpv@oaic.gov.au","profile":"{\"first_name\":\"Denni\",\"last_name\":\"Kesteven\",\"gender\":\"Female\",\"address\":{\"street\":\"1 Northwestern Lane\",\"city\":\"Chugur\",\"country\":\"Peru\"}}","updated":"2021-12-14T23:15:43.375Z"}
{"customer_id":"C00800","email":"pkeston6w@telegraph.co.uk","profile":"{\"first_name\":\"Pepito\",\"last_name\":\"Keston\",\"gender\":\"Polygender\",\"address\":{\"street\":\"33171 Haas Alley\",\"city\":\"Nancaicun\",\"country\":\"China\"}}","updated":"2021-12-14T23:15:43.375Z"}
{"customer_id":"C00801","email":"mketchenbx@qq.com","profile":"{\"first_name\":\"Myra\",\"last_name\":\"Ketchen\",\"gender\":\"Female\",\"address\":{\"street\":\"5381 Ronald Regan Place\",\"city\":\"Konkwesso\",\"country\":\"Nigeria\"}}","updated":"2021-12-14T23:15:43.375Z"}
{"customer_id":"C00802","email":"fkettlesinggu@altervista.org","profile":"{\"first_name\":\"Fee\",\"last_name\":\"Kettlesing\",\"gender\":\"Male\",\"address\":{\"street\":\"79574 Hayes Park\",\"city\":\"Al Maḩjal\",\"country\":\"Yemen\"}}","updated":"2021-12-14T23:15:43.375Z"}
{"customer_id":"C00803","email":"zkiddy7d@weather.com","profile":"{\"first_name\":\"Zollie\",\"last_name\":\"Kiddy\",\"gender\":\"Male\",\"address\":{\"street\":\"5 Lakewood Street\",\"city\":\"Espérance Trébuchet\",\"country\":\"Mauritius\"}}","updated":"2021-12-14T23:15:43.375Z"}
{"customer_id":"C00804","profile":"{\"first_name\":\"Kenneth\",\"last_name\":\"Kiehl\",\"gender\":\"Male\",\"address\":{\"street\":\"1 Fairfield Lane\",\"city\":\"Poroj\",\"country\":\"Macedonia\"}}","updated":"2021-12-14T23:15:43.375Z"}
{"customer_id":"C00805","profile":"{\"first_name\":\"Connor\",\"last_name\":\"Kiera\",\"gender\":\"Male\",\"address\":{\"street\":\"693 Burrows Pass\",\"city\":\"Gŭlŭbovo\",\"country\":\"Bulgaria\"}}","updated":"2021-12-14T23:15:43.375Z"}
{"customer_id":"C00806","email":"hkigelmanhe@newyorker.com","profile":"{\"first_name\":\"Hermann\",\"last_name\":\"Kigelman\",\"gender\":\"Male\",\"address\":{\"street\":\"4 Menomonie Plaza\",\"city\":\"Heshan\",\"country\":\"China\"}}","updated":"2021-12-14T23:15:43.375Z"}
{"customer_id":"C00807","profile":"{\"first_name\":\"Irwinn\",\"last_name\":\"Kike\",\"gender\":\"Male\",\"address\":{\"street\":\"07 East Trail\",\"city\":\"Regueiro\",\"country\":\"Portugal\"}}","updated":"2021-12-14T23:15:43.375Z"}
{"customer_id":"C00808","profile":"{\"first_name\":\"Benedikt\",\"last_name\":\"Kimbell\",\"gender\":\"Male\",\"address\":{\"street\":\"59437 Melvin Road\",\"city\":\"Posse\",\"country\":\"Brazil\"}}","updated":"2021-12-14T23:15:43.375Z"}
{"customer_id":"C00809","email":"skinzelph@technorati.com","profile":"{\"first_name\":\"Skylar\",\"last_name\":\"Kinzel\",\"gender\":\"Male\",\"address\":{\"street\":\"37904 Wayridge Plaza\",\"city\":\"Krajan Atas Suger Lor\",\"country\":\"Indonesia\"}}","updated":"2021-12-14T23:15:43.375Z"}
{"customer_id":"C00810","profile":"{\"first_name\":\"Stanislas\",\"last_name\":\"Kisting\",\"gender\":\"Male\",\"address\":{\"street\":\"814 Leroy Park\",\"city\":\"Shancheng\",\"country\":\"China\"}}","updated":"2021-12-14T23:15:43.375Z"}
{"customer_id":"C00811","profile":"{\"first_name\":\"Gus\",\"last_name\":\"Kittiman\",\"gender\":\"Female\",\"address\":{\"street\":\"98937 Darwin Street\",\"city\":\"Rio Meão\",\"country\":\"Portugal\"}}","updated":"2021-12-14T23:15:43.375Z"}
{"customer_id":"C00812","email":"skittoedd@springer.com","profile":"{\"first_name\":\"Shanan\",\"last_name\":\"Kittoe\",\"gender\":\"Male\",\"address\":{\"street\":\"3 Bonner Pass\",\"city\":\"Khairpur Nathan Shāh\",\"country\":\"Pakistan\"}}","updated":"2021-12-14T23:15:43.375Z"}
{"customer_id":"C00813","email":"ikivlinfe@yahoo.com","profile":"{\"first_name\":\"Inger\",\"last_name\":\"Kivlin\",\"gender\":\"Male\",\"address\":{\"street\":\"57121 Fisk Way\",\"city\":\"Utmānzai\",\"country\":\"Pakistan\"}}","updated":"2021-12-14T23:15:43.375Z"}
{"customer_id":"C00814","email":"sklamp1l@cargocollective.com","profile":"{\"first_name\":\"Shirlee\",\"last_name\":\"Klamp\",\"gender\":\"Female\",\"address\":{\"street\":\"8 Duke Park\",\"city\":\"Uniejów\",\"country\":\"Poland\"}}","updated":"2021-12-14T23:15:43.375Z"}
{"customer_id":"C00815","email":"sklauber51@skyrock.com","profile":"{\"first_name\":\"Sharia\",\"last_name\":\"Klauber\",\"gender\":\"Female\",\"address\":{\"street\":\"48306 Hanover Circle\",\"city\":\"Luohuang\",\"country\":\"China\"}}","updated":"2021-12-14T23:15:43.375Z"}
{"customer_id":"C00816","profile":"{\"first_name\":\"Wolfgang\",\"last_name\":\"Kleiner\",\"gender\":\"Male\",\"address\":{\"street\":\"540 Clove Way\",\"city\":\"Weifang\",\"country\":\"China\"}}","updated":"2021-12-14T23:15:43.375Z"}
{"customer_id":"C00817","email":"akleinmannol@blogger.com","profile":"{\"first_name\":\"Arturo\",\"last_name\":\"Kleinmann\",\"gender\":\"Male\",\"address\":{\"street\":\"22949 Independence Plaza\",\"city\":\"Daqiao\",\"country\":\"China\"}}","updated":"2021-12-14T23:15:43.375Z"}
{"customer_id":"C00818","profile":"{\"first_name\":\"Vernice\",\"last_name\":\"Kleinpeltz\",\"gender\":\"Female\",\"address\":{\"street\":\"1630 Cherokee Park\",\"city\":\"Puente Nacional\",\"country\":\"Colombia\"}}","updated":"2021-12-14T23:15:43.375Z"}
{"customer_id":"C00819","email":"mklejinn5@washingtonpost.com","profile":"{\"first_name\":\"Madeleine\",\"last_name\":\"Klejin\",\"gender\":\"Bigender\",\"address\":{\"street\":\"84 Johnson Court\",\"city\":\"Pallasovka\",\"country\":\"Russia\"}}","updated":"2021-12-14T23:15:43.375Z"}
{"customer_id":"C00820","email":"ekleynermansly@narod.ru","profile":"{\"first_name\":\"Emmi\",\"last_name\":\"Kleynermans\",\"gender\":\"Agender\",\"address\":{\"street\":\"4771 Rutledge Junction\",\"city\":\"Wucun\",\"country\":\"China\"}}","updated":"2021-12-14T23:15:43.375Z"}
{"customer_id":"C00821","email":"rkliche5d@youku.com","profile":"{\"first_name\":\"Rinaldo\",\"last_name\":\"Kliche\",\"gender\":\"Male\",\"address\":{\"street\":\"352 Kinsman Hill\",\"city\":\"Svrljig\",\"country\":\"Serbia\"}}","updated":"2021-12-14T23:15:43.375Z"}
{"customer_id":"C00822","email":"aklimashevichok@soundcloud.com","profile":"{\"first_name\":\"Alfons\",\"last_name\":\"Klimashevich\",\"gender\":\"Male\",\"address\":{\"street\":\"666 Hintze Junction\",\"city\":\"Myski\",\"country\":\"Russia\"}}","updated":"2021-12-14T23:15:43.375Z"}
{"customer_id":"C00823","email":"nklimontovich7a@miitbeian.gov.cn","profile":"{\"first_name\":\"Niki\",\"last_name\":\"Klimontovich\",\"gender\":\"Genderfluid\",\"address\":{\"street\":\"953 Killdeer Avenue\",\"city\":\"Rzewnie\",\"country\":\"Poland\"}}","updated":"2021-12-14T23:15:43.375Z"}
{"customer_id":"C00824","profile":"{\"first_name\":\"Reine\",\"last_name\":\"Kliner\",\"gender\":\"Female\",\"address\":{\"street\":\"64 Rockefeller Hill\",\"city\":\"Stary Sącz\",\"country\":\"Poland\"}}","updated":"2021-12-14T23:15:43.375Z"}
{"customer_id":"C00825","profile":"{\"first_name\":\"Gail\",\"last_name\":\"Klulicek\",\"gender\":\"Female\",\"address\":{\"street\":\"4 Eliot Point\",\"city\":\"Pingyin\",\"country\":\"China\"}}","updated":"2021-12-14T23:15:43.375Z"}
{"customer_id":"C00826","profile":"{\"first_name\":\"Harwilll\",\"last_name\":\"Kneesha\",\"gender\":\"Male\",\"address\":{\"street\":\"87190 Westridge Crossing\",\"city\":\"Al Wardānīn\",\"country\":\"Tunisia\"}}","updated":"2021-12-14T23:15:43.375Z"}
{"customer_id":"C00827","email":"hknevettfs@people.com.cn","profile":"{\"first_name\":\"Hoyt\",\"last_name\":\"Knevett\",\"gender\":\"Male\",\"address\":{\"street\":\"2421 Briar Crest Drive\",\"city\":\"Villamaría\",\"country\":\"Colombia\"}}","updated":"2021-12-14T23:15:43.375Z"}
{"customer_id":"C00828","email":"jknivetonqn@umich.edu","profile":"{\"first_name\":\"Joe\",\"last_name\":\"Kniveton\",\"gender\":\"Male\",\"address\":{\"street\":\"3734 Alpine Circle\",\"city\":\"Sumbe\",\"country\":\"Angola\"}}","updated":"2021-12-14T23:15:43.375Z"}
{"customer_id":"C00829","profile":"{\"first_name\":\"Torie\",\"last_name\":\"Knocker\",\"gender\":\"Female\",\"address\":{\"street\":\"5386 Arrowood Trail\",\"city\":\"Risālpur\",\"country\":\"Pakistan\"}}","updated":"2021-12-14T23:15:43.375Z"}
{"customer_id":"C00830","email":"hknoleslc@ehow.com","profile":"{\"first_name\":\"Hewett\",\"last_name\":\"Knoles\",\"gender\":\"Non-binary\",\"address\":{\"street\":\"066 Rieder Circle\",\"city\":\"Yabuli\",\"country\":\"China\"}}","updated":"2021-12-14T23:15:43.375Z"}
{"customer_id":"C00831","profile":"{\"first_name\":\"Alleen\",\"last_name\":\"Kobke\",\"gender\":\"Female\",\"address\":{\"street\":\"40 Texas Plaza\",\"city\":\"Xingzi\",\"country\":\"China\"}}","updated":"2021-12-14T23:15:43.375Z"}
{"customer_id":"C00832","profile":"{\"first_name\":\"Nate\",\"last_name\":\"Kock\",\"gender\":\"Male\",\"address\":{\"street\":\"7960 Rusk Court\",\"city\":\"La Cañada\",\"country\":\"Mexico\"}}","updated":"2021-12-14T23:15:43.375Z"}
{"customer_id":"C00833","email":"lkohnekei1@cbsnews.com","profile":"{\"first_name\":\"Lynsey\",\"last_name\":\"Kohneke\",\"gender\":\"Female\",\"address\":{\"street\":\"810 Armistice Circle\",\"city\":\"Palaífyto\",\"country\":\"Greece\"}}","updated":"2021-12-14T23:15:43.375Z"}
{"customer_id":"C00834","email":"mkollachly@toplist.cz","profile":"{\"first_name\":\"Marcie\",\"last_name\":\"Kollach\",\"gender\":\"Female\",\"address\":{\"street\":\"9 American Ash Crossing\",\"city\":\"Mīrpur Sakro\",\"country\":\"Pakistan\"}}","updated":"2021-12-14T23:15:43.375Z"}
{"customer_id":"C00835","email":"dkordovahm@etsy.com","profile":"{\"first_name\":\"Davina\",\"last_name\":\"Kordova\",\"gender\":\"Female\",\"address\":{\"street\":\"8376 Havey Parkway\",\"city\":\"Abbeville\",\"country\":\"France\"}}","updated":"2021-12-14T23:15:43.375Z"}
{"customer_id":"C00836","email":"dkovnot1r@columbia.edu","profile":"{\"first_name\":\"Domenico\",\"last_name\":\"Kovnot\",\"gender\":\"Male\",\"address\":{\"street\":\"03167 Grover Plaza\",\"city\":\"Lena\",\"country\":\"Indonesia\"}}","updated":"2021-12-14T23:15:43.375Z"}
{"customer_id":"C00837","profile":"{\"first_name\":\"Devland\",\"last_name\":\"Kraut\",\"gender\":\"Male\",\"address\":{\"street\":\"268 Talmadge Way\",\"city\":\"Karangturi\",\"country\":\"Indonesia\"}}","updated":"2021-12-14T23:15:43.375Z"}
{"customer_id":"C00838","email":"gkreutzerl7@upenn.edu","profile":"{\"first_name\":\"Gram\",\"last_name\":\"Kreutzer\",\"gender\":\"Male\",\"address\":{\"street\":\"66005 Menomonie Crossing\",\"city\":\"Mailsi\",\"country\":\"Pakistan\"}}","updated":"2021-12-14T23:15:43.375Z"}
{"customer_id":"C00839","email":"rkuhlmeyhe@seesaa.net","profile":"{\"first_name\":\"Rachael\",\"last_name\":\"Kuhlmey\",\"gender\":\"Female\",\"address\":{\"street\":\"853 Amoth Terrace\",\"city\":\"Charenton-le-Pont\",\"country\":\"France\"}}","updated":"2021-12-14T23:15:43.375Z"}
{"customer_id":"C00840","profile":"{\"first_name\":\"Hayyim\",\"last_name\":\"Kuhnel\",\"gender\":\"Non-binary\",\"address\":{\"street\":\"056 Northridge Avenue\",\"city\":\"Muzambinho\",\"country\":\"Brazil\"}}","updated":"2021-12-14T23:15:43.375Z"}
{"customer_id":"C00841","email":"skuhnertlp@blogtalkradio.com","profile":"{\"first_name\":\"Sterling\",\"last_name\":\"Kuhnert\",\"gender\":\"Male\",\"address\":{\"street\":\"484 Nobel Street\",\"city\":\"Paraiso\",\"country\":\"Philippines\"}}","updated":"2021-12-14T23:15:43.375Z"}
{"customer_id":"C00842","profile":"{\"first_name\":\"Gael\",\"last_name\":\"Kwietak\",\"gender\":\"Female\",\"address\":{\"street\":\"0 2nd Court\",\"city\":\"Liupai\",\"country\":\"China\"}}","updated":"2021-12-14T23:15:43.375Z"}
{"customer_id":"C00843","email":"pkwietekn6@thetimes.co.uk","profile":"{\"first_name\":\"Parke\",\"last_name\":\"Kwietek\",\"gender\":\"Male\",\"address\":{\"street\":\"837 Westport Street\",\"city\":\"Huangsha\",\"country\":\"China\"}}","updated":"2021-12-14T23:15:43.375Z"}
{"customer_id":"C00844","email":"skynetonkw@twitter.com","profile":"{\"first_name\":\"Stefan\",\"last_name\":\"Kyneton\",\"gender\":\"Male\",\"address\":{\"street\":\"4966 Sauthoff Point\",\"city\":\"Kasturi\",\"country\":\"Indonesia\"}}","updated":"2021-12-14T23:15:43.375Z"}
{"customer_id":"C00845","profile":"{\"first_name\":\"Rolland\",\"last_name\":\"L'Archer\",\"gender\":\"Male\",\"address\":{\"street\":\"950 High Crossing Circle\",\"city\":\"Dolulolong\",\"country\":\"Indonesia\"}}","updated":"2021-12-14T23:15:43.375Z"}
{"customer_id":"C00846","email":"elabbeymp@admin.ch","profile":"{\"first_name\":\"Erny\",\"last_name\":\"Labbey\",\"gender\":\"Polygender\",\"address\":{\"street\":\"53759 Valley Edge Pass\",\"city\":\"Ylitornio\",\"country\":\"Finland\"}}","updated":"2021-12-14T23:15:43.375Z"}
{"customer_id":"C00847","profile":"{\"first_name\":\"Xylina\",\"last_name\":\"Laboune\",\"gender\":\"Female\",\"address\":{\"street\":\"28 Columbus Terrace\",\"city\":\"Verkhoshizhem’ye\",\"country\":\"Russia\"}}","updated":"2021-12-14T23:15:43.375Z"}
{"customer_id":"C00848","profile":"{\"first_name\":\"Jenica\",\"last_name\":\"Lacase\",\"gender\":\"Female\",\"address\":{\"street\":\"738 Stuart Way\",\"city\":\"La Virgen\",\"country\":\"Costa Rica\"}}","updated":"2021-12-14T23:15:43.375Z"}
{"customer_id":"C00849","email":"zlackmann11@prnewswire.com","profile":"{\"first_name\":\"Zaria\",\"last_name\":\"Lackmann\",\"gender\":\"Female\",\"address\":{\"street\":\"8 Lakewood Gardens Street\",\"city\":\"Nefta\",\"country\":\"Tunisia\"}}","updated":"2021-12-14T23:15:43.375Z"}
{"customer_id":"C00850","email":"slafoya3@alexa.com","profile":"{\"first_name\":\"Simeon\",\"last_name\":\"Lafoy\",\"gender\":\"Polygender\",\"address\":{\"street\":\"44 Parkside Parkway\",\"city\":\"Cuauhtemoc\",\"country\":\"Mexico\"}}","updated":"2021-12-14T23:15:43.375Z"}
{"customer_id":"C00851","email":"dlahrsfv@addtoany.com","profile":"{\"first_name\":\"Darby\",\"last_name\":\"Lahrs\",\"gender\":\"Male\",\"address\":{\"street\":\"66445 Vermont Park\",\"city\":\"Al Majd\",\"country\":\"Palestinian Territory\"}}","updated":"2021-12-14T23:15:43.375Z"}
{"customer_id":"C00852","email":"vlalor4x@godaddy.com","profile":"{\"first_name\":\"Valerie\",\"last_name\":\"Lalor\",\"gender\":\"Non-binary\",\"address\":{\"street\":\"732 Garrison Place\",\"city\":\"Ntonggu\",\"country\":\"Indonesia\"}}","updated":"2021-12-14T23:15:43.375Z"}
{"customer_id":"C00853","email":"llambertciorwynbp@go.com","profile":"{\"first_name\":\"Lorne\",\"last_name\":\"Lambert-Ciorwyn\",\"gender\":\"Male\",\"address\":{\"street\":\"286 Mariners Cove Circle\",\"city\":\"Velká Dobrá\",\"country\":\"Czech Republic\"}}","updated":"2021-12-14T23:15:43.375Z"}
{"customer_id":"C00854","profile":"{\"first_name\":\"Mable\",\"last_name\":\"Lammers\",\"gender\":\"Female\",\"address\":{\"street\":\"622 Spenser Court\",\"city\":\"Dapawan\",\"country\":\"Philippines\"}}","updated":"2021-12-14T23:15:43.375Z"}
{"customer_id":"C00855","email":"mlammienx@tinypic.com","profile":"{\"first_name\":\"Marla\",\"last_name\":\"Lammie\",\"gender\":\"Female\",\"address\":{\"street\":\"64 Darwin Street\",\"city\":\"Raydah\",\"country\":\"Yemen\"}}","updated":"2021-12-14T23:15:43.375Z"}
{"customer_id":"C00856","email":"wlamperd54@barnesandnoble.com","profile":"{\"first_name\":\"Willi\",\"last_name\":\"Lamperd\",\"gender\":\"Male\",\"address\":{\"street\":\"8 Montana Avenue\",\"city\":\"Pimenta Bueno\",\"country\":\"Brazil\"}}","updated":"2021-12-14T23:15:43.375Z"}
{"customer_id":"C00857","profile":"{\"first_name\":\"Haze\",\"last_name\":\"Lamputt\",\"gender\":\"Male\",\"address\":{\"street\":\"10 Heath Point\",\"city\":\"Xintang\",\"country\":\"China\"}}","updated":"2021-12-14T23:15:43.375Z"}
{"customer_id":"C00858","email":"jlanchestery@1688.com","profile":"{\"first_name\":\"Jacky\",\"last_name\":\"Lanchester\",\"gender\":\"Female\",\"address\":{\"street\":\"9041 Riverside Point\",\"city\":\"Sabaneta\",\"country\":\"Dominican Republic\"}}","updated":"2021-12-14T23:15:43.375Z"}
{"customer_id":"C00859","profile":"{\"first_name\":\"Clem\",\"last_name\":\"Landsborough\",\"gender\":\"Male\",\"address\":{\"street\":\"58 Laurel Park\",\"city\":\"Enonkoski\",\"country\":\"Finland\"}}","updated":"2021-12-14T23:15:43.375Z"}
{"customer_id":"C00860","profile":"{\"first_name\":\"Bailie\",\"last_name\":\"Lanegran\",\"gender\":\"Genderqueer\",\"address\":{\"street\":\"61 Roth Street\",\"city\":\"Dakoutun\",\"country\":\"China\"}}","updated":"2021-12-14T23:15:43.375Z"}
{"customer_id":"C00861","email":"slangabeer94@accuweather.com","profile":"{\"first_name\":\"Sutherlan\",\"last_name\":\"Langabeer\",\"gender\":\"Male\",\"address\":{\"street\":\"46386 Lukken Lane\",\"city\":\"João Pessoa\",\"country\":\"Brazil\"}}","updated":"2021-12-14T23:15:43.375Z"}
{"customer_id":"C00862","email":"glangley5n@walmart.com","profile":"{\"first_name\":\"Gloriane\",\"last_name\":\"Langley\",\"gender\":\"Female\",\"address\":{\"street\":\"8531 Crowley Drive\",\"city\":\"Gorno Orizari\",\"country\":\"Macedonia\"}}","updated":"2021-12-14T23:15:43.375Z"}
{"customer_id":"C00863","email":"glanhamfg@etsy.com","profile":"{\"first_name\":\"Gerladina\",\"last_name\":\"Lanham\",\"gender\":\"Female\",\"address\":{\"street\":\"1 John Wall Plaza\",\"city\":\"Jiepai\",\"country\":\"China\"}}","updated":"2021-12-14T23:15:43.375Z"}
{"customer_id":"C00864","email":"flankester95@smugmug.com","profile":"{\"first_name\":\"Florie\",\"last_name\":\"Lankester\",\"gender\":\"Female\",\"address\":{\"street\":\"72 Brentwood Street\",\"city\":\"Pokrovskoye\",\"country\":\"Russia\"}}","updated":"2021-12-14T23:15:43.375Z"}
{"customer_id":"C00865","email":"olanninkl@spiegel.de","profile":"{\"first_name\":\"Olivero\",\"last_name\":\"Lannin\",\"gender\":\"Male\",\"address\":{\"street\":\"61 Chinook Court\",\"city\":\"Jalgung\",\"country\":\"Indonesia\"}}","updated":"2021-12-14T23:15:43.375Z"}
{"customer_id":"C00866","email":"llanning2d@nydailynews.com","profile":"{\"first_name\":\"Lorette\",\"last_name\":\"Lanning\",\"gender\":\"Female\",\"address\":{\"street\":\"07455 Mariners Cove Road\",\"city\":\"Sayaq\",\"country\":\"Kazakhstan\"}}","updated":"2021-12-14T23:15:43.375Z"}
{"customer_id":"C00867","profile":"{\"first_name\":\"Alie\",\"last_name\":\"Lansley\",\"gender\":\"Female\",\"address\":{\"street\":\"12359 Hanson Plaza\",\"city\":\"Sawahrandu\",\"country\":\"Indonesia\"}}","updated":"2021-12-14T23:15:43.375Z"}
{"customer_id":"C00868","email":"alantaffrc@xing.com","profile":"{\"first_name\":\"Alina\",\"last_name\":\"Lantaff\",\"gender\":\"Female\",\"address\":{\"street\":\"8918 Moland Center\",\"city\":\"Rote\",\"country\":\"Indonesia\"}}","updated":"2021-12-14T23:15:43.375Z"}
{"customer_id":"C00869","email":"mlapidesdu@amazon.co.uk","profile":"{\"first_name\":\"Marcos\",\"last_name\":\"Lapides\",\"gender\":\"Male\",\"address\":{\"street\":\"0689 Melody Point\",\"city\":\"South Bend\",\"country\":\"United States\"}}","updated":"2021-12-14T23:15:43.375Z"}
{"customer_id":"C00870","email":"mlarroway2i@umn.edu","profile":"{\"first_name\":\"Marcus\",\"last_name\":\"Larroway\",\"gender\":\"Male\",\"address\":{\"street\":\"5073 Crowley Street\",\"city\":\"Ino\",\"country\":\"Japan\"}}","updated":"2021-12-14T23:15:43.375Z"}
{"customer_id":"C00871","email":"ilarventag@psu.edu","profile":"{\"first_name\":\"Imelda\",\"last_name\":\"Larvent\",\"gender\":\"Female\",\"address\":{\"street\":\"50781 Rockefeller Park\",\"city\":\"Avdzaga\",\"country\":\"Mongolia\"}}","updated":"2021-12-14T23:15:43.375Z"}
{"customer_id":"C00872","email":"mlashleyix@whitehouse.gov","profile":"{\"first_name\":\"Martino\",\"last_name\":\"Lashley\",\"gender\":\"Male\",\"address\":{\"street\":\"8 Dorton Junction\",\"city\":\"Surkhet\",\"country\":\"Nepal\"}}","updated":"2021-12-14T23:15:43.375Z"}
{"customer_id":"C00873","email":"plattka83@slashdot.org","profile":"{\"first_name\":\"Pauly\",\"last_name\":\"Lattka\",\"gender\":\"Female\",\"address\":{\"street\":\"1 Portage Junction\",\"city\":\"Adámas\",\"country\":\"Greece\"}}","updated":"2021-12-14T23:15:43.375Z"}
{"customer_id":"C00874","email":"mlaurensonb9@cam.ac.uk","profile":"{\"first_name\":\"Manny\",\"last_name\":\"Laurenson\",\"gender\":\"Male\",\"address\":{\"street\":\"3 Johnson Junction\",\"city\":\"Szczecinek\",\"country\":\"Poland\"}}","updated":"2021-12-14T23:15:43.375Z"}
{"customer_id":"C00875","profile":"{\"first_name\":\"Theodosia\",\"last_name\":\"Laurenty\",\"gender\":\"Genderfluid\",\"address\":{\"street\":\"9213 7th Alley\",\"city\":\"La Gi\",\"country\":\"Vietnam\"}}","updated":"2021-12-14T23:15:43.375Z"}
{"customer_id":"C00876","profile":"{\"first_name\":\"Urbanus\",\"last_name\":\"Lauxmann\",\"gender\":\"Male\",\"address\":{\"street\":\"17533 Gerald Place\",\"city\":\"Woniuhe\",\"country\":\"China\"}}","updated":"2021-12-14T23:15:43.375Z"}
{"customer_id":"C00877","profile":"{\"first_name\":\"Patrizio\",\"last_name\":\"Laverock\",\"gender\":\"Male\",\"address\":{\"street\":\"1828 Almo Center\",\"city\":\"Shuishi\",\"country\":\"China\"}}","updated":"2021-12-14T23:15:43.375Z"}
{"customer_id":"C00878","email":"rlavielleot@marketwatch.com","profile":"{\"first_name\":\"Ronnica\",\"last_name\":\"Lavielle\",\"gender\":\"Female\",\"address\":{\"street\":\"4 Pennsylvania Way\",\"city\":\"Roberval\",\"country\":\"Canada\"}}","updated":"2021-12-14T23:15:43.375Z"}
{"customer_id":"C00879","email":"claviesp9@example.com","profile":"{\"first_name\":\"Celia\",\"last_name\":\"Lavies\",\"gender\":\"Female\",\"address\":{\"street\":\"1 Burning Wood Parkway\",\"city\":\"Xinkaikou\",\"country\":\"China\"}}","updated":"2021-12-14T23:15:43.375Z"}
{"customer_id":"C00880","profile":"{\"first_name\":\"Bank\",\"last_name\":\"Lawlor\",\"gender\":\"Male\",\"address\":{\"street\":\"07 Loomis Circle\",\"city\":\"Ballymun\",\"country\":\"Ireland\"}}","updated":"2021-12-14T23:15:43.375Z"}
{"customer_id":"C00881","profile":"{\"first_name\":\"Daffie\",\"last_name\":\"Lawtie\",\"gender\":\"Female\",\"address\":{\"street\":\"39209 Bultman Parkway\",\"city\":\"Shanmuqiao\",\"country\":\"China\"}}","updated":"2021-12-14T23:15:43.375Z"}
{"customer_id":"C00882","profile":"{\"first_name\":\"Scot\",\"last_name\":\"Le Frank\",\"gender\":\"Male\",\"address\":{\"street\":\"2594 Red Cloud Street\",\"city\":\"Petrovice u Karviné\",\"country\":\"Czech Republic\"}}","updated":"2021-12-14T23:15:43.375Z"}
{"customer_id":"C00883","email":"mlenoir9j@nyu.edu","profile":"{\"first_name\":\"Malvina\",\"last_name\":\"Le Noir\",\"gender\":\"Female\",\"address\":{\"street\":\"2100 Bayside Terrace\",\"city\":\"Kowale Oleckie\",\"country\":\"Poland\"}}","updated":"2021-12-14T23:15:43.375Z"}
{"customer_id":"C00884","email":"yleanderm2@ucoz.ru","profile":"{\"first_name\":\"Yank\",\"last_name\":\"Leander\",\"gender\":\"Male\",\"address\":{\"street\":\"61 Hansons Terrace\",\"city\":\"Volkhov\",\"country\":\"Russia\"}}","updated":"2021-12-14T23:15:43.375Z"}
{"customer_id":"C00885","email":"slearmondc8@comcast.net","profile":"{\"first_name\":\"Shoshana\",\"last_name\":\"Learmond\",\"gender\":\"Bigender\",\"address\":{\"street\":\"30 Erie Plaza\",\"city\":\"Karlstad\",\"country\":\"Sweden\"}}","updated":"2021-12-14T23:15:43.375Z"}
{"customer_id":"C00886","email":"bleathley90@omniture.com","profile":"{\"first_name\":\"Brad\",\"last_name\":\"Leathley\",\"gender\":\"Male\",\"address\":{\"street\":\"74442 Sugar Plaza\",\"city\":\"Sison\",\"country\":\"Philippines\"}}","updated":"2021-12-14T23:15:43.375Z"}
{"customer_id":"C00887","email":"jleavoldhl@baidu.com","profile":"{\"first_name\":\"Jacklyn\",\"last_name\":\"Leavold\",\"gender\":\"Female\",\"address\":{\"street\":\"635 Upham Terrace\",\"city\":\"Liuxia\",\"country\":\"China\"}}","updated":"2021-12-14T23:15:43.375Z"}
{"customer_id":"C00888","email":"gledgerton65@cdbaby.com","profile":"{\"first_name\":\"Gaye\",\"last_name\":\"Ledgerton\",\"gender\":\"Female\",\"address\":{\"street\":\"62 Autumn Leaf Circle\",\"city\":\"Géfyra\",\"country\":\"Greece\"}}","updated":"2021-12-14T23:15:43.375Z"}
{"customer_id":"C00889","email":"dledinghamfm@mysql.com","profile":"{\"first_name\":\"Dyana\",\"last_name\":\"Ledingham\",\"gender\":\"Female\",\"address\":{\"street\":\"855 Mosinee Terrace\",\"city\":\"Syktyvkar\",\"country\":\"Russia\"}}","updated":"2021-12-14T23:15:43.375Z"}
{"customer_id":"C00890","email":"aleebeterbz@virginia.edu","profile":"{\"first_name\":\"Armin\",\"last_name\":\"Leebeter\",\"gender\":\"Male\",\"address\":{\"street\":\"109 Park Meadow Court\",\"city\":\"Jiaogong\",\"country\":\"China\"}}","updated":"2021-12-14T23:15:43.375Z"}
{"customer_id":"C00891","profile":"{\"first_name\":\"Hewe\",\"last_name\":\"Leek\",\"gender\":\"Male\",\"address\":{\"street\":\"2 Lakewood Alley\",\"city\":\"Kaduluhur\",\"country\":\"Indonesia\"}}","updated":"2021-12-14T23:15:43.375Z"}
{"customer_id":"C00892","email":"alegerko@trellian.com","profile":"{\"first_name\":\"Alix\",\"last_name\":\"Leger\",\"gender\":\"Female\",\"address\":{\"street\":\"97783 Mitchell Pass\",\"city\":\"Forninho\",\"country\":\"Portugal\"}}","updated":"2021-12-14T23:15:43.375Z"}
{"customer_id":"C00893","email":"plegerton6s@gov.uk","profile":"{\"first_name\":\"Patric\",\"last_name\":\"Legerton\",\"gender\":\"Genderqueer\",\"address\":{\"street\":\"56 Basil Lane\",\"city\":\"Rukaj\",\"country\":\"Albania\"}}","updated":"2021-12-14T23:15:43.375Z"}
{"customer_id":"C00894","email":"rlehemannfg@tamu.edu","profile":"{\"first_name\":\"Randi\",\"last_name\":\"Lehemann\",\"gender\":\"Male\",\"address\":{\"street\":\"0405 Hanover Place\",\"city\":\"Jingyang\",\"country\":\"China\"}}","updated":"2021-12-14T23:15:43.375Z"}
{"customer_id":"C00895","email":"hlehreram@hp.com","profile":"{\"first_name\":\"Humfrey\",\"last_name\":\"Lehrer\",\"gender\":\"Male\",\"address\":{\"street\":\"259 Grim Pass\",\"city\":\"Penha\",\"country\":\"Brazil\"}}","updated":"2021-12-14T23:15:43.375Z"}
{"customer_id":"C00896","email":"fleidla6@marriott.com","profile":"{\"first_name\":\"Fancie\",\"last_name\":\"Leidl\",\"gender\":\"Female\",\"address\":{\"street\":\"30843 Mariners Cove Lane\",\"city\":\"Turiys’k\",\"country\":\"Ukraine\"}}","updated":"2021-12-14T23:15:43.375Z"}
{"customer_id":"C00897","email":"jleipoldgg@wunderground.com","profile":"{\"first_name\":\"Jada\",\"last_name\":\"Leipold\",\"gender\":\"Female\",\"address\":{\"street\":\"5270 Huxley Alley\",\"city\":\"Nunutba\",\"country\":\"Indonesia\"}}","updated":"2021-12-14T23:15:43.375Z"}
{"customer_id":"C00898","email":"cleithharvey6i@shinystat.com","profile":"{\"first_name\":\"Cairistiona\",\"last_name\":\"Leith-Harvey\",\"gender\":\"Female\",\"address\":{\"street\":\"5761 Sunnyside Center\",\"city\":\"Yangdu\",\"country\":\"China\"}}","updated":"2021-12-14T23:15:43.375Z"}
{"customer_id":"C00899","profile":"{\"first_name\":\"Vite\",\"last_name\":\"Leithgoe\",\"gender\":\"Male\",\"address\":{\"street\":\"5929 Anniversary Alley\",\"city\":\"Buenos Aires\",\"country\":\"Peru\"}}","updated":"2021-12-14T23:15:43.375Z"}
{"customer_id":"C00900","email":"slembkedg@furl.net","profile":"{\"first_name\":\"Sarine\",\"last_name\":\"Lembke\",\"gender\":\"Female\",\"address\":{\"street\":\"88 Rieder Place\",\"city\":\"Chincha Baja\",\"country\":\"Peru\"}}","updated":"2021-12-14T23:15:43.375Z"}