{"customer_id":"C00901","email":"glenard3v@miitbeian.gov.cn","profile":"{\"first_name\":\"Gregoor\",\"last_name\":\"Lenard\",\"gender\":\"Male\",\"address\":{\"street\":\"0 Superior Park\",\"city\":\"Trelleborg\",\"country\":\"Sweden\"}}","updated":"2021-12-14T23:15:43.375Z"}
{"customer_id":"C00902","profile":"{\"first_name\":\"Pearla\",\"last_name\":\"Lengthorn\",\"gender\":\"Female\",\"address\":{\"street\":\"75 Dottie Way\",\"city\":\"Zengtian\",\"country\":\"China\"}}","updated":"2021-12-14T23:15:43.375Z"}
{"customer_id":"C00903","email":"plequeux9p@delicious.com","profile":"{\"first_name\":\"Parker\",\"last_name\":\"Lequeux\",\"gender\":\"Male\",\"address\":{\"street\":\"70 Badeau Lane\",\"city\":\"Jastrzębia\",\"country\":\"Poland\"}}","updated":"2021-12-14T23:15:43.375Z"}
{"customer_id":"C00904","email":"dlewcockda@pen.io","profile":"{\"first_name\":\"Dane\",\"last_name\":\"Lewcock\",\"gender\":\"Genderqueer\",\"address\":{\"street\":\"6 Sloan Lane\",\"city\":\"Yajiwa\",\"country\":\"Nigeria\"}}","updated":"2021-12-14T23:15:43.375Z"}
{"customer_id":"C00905","email":"uleynaghdt@admin.ch","profile":"{\"first_name\":\"Ulrikaumeko\",\"last_name\":\"Leynagh\",\"gender\":\"Female\",\"address\":{\"street\":\"66975 Division Avenue\",\"city\":\"New Panamao\",\"country\":\"Philippines\"}}","updated":"2021-12-14T23:15:43.375Z"}
{"customer_id":"C00906","email":"blibbie6n@google.es","profile":"{\"first_name\":\"Bea\",\"last_name\":\"Libbie\",\"gender\":\"Female\",\"address\":{\"street\":\"9 Ruskin Junction\",\"city\":\"Wielichowo\",\"country\":\"Poland\"}}","updated":"2021-12-14T23:15:43.375Z"}
{"customer_id":"C00907","profile":"{\"first_name\":\"Marcello\",\"last_name\":\"Liddy\",\"gender\":\"Non-binary\",\"address\":{\"street\":\"8157 Sunnyside Hill\",\"city\":\"Moog\",\"country\":\"Philippines\"}}","updated":"2021-12-14T23:15:43.375Z"}
{"customer_id":"C00908","profile":"{\"first_name\":\"Waldo\",\"last_name\":\"Lilford\",\"gender\":\"Male\",\"address\":{\"street\":\"16 Fairfield Circle\",\"city\":\"Kwidzyn\",\"country\":\"Poland\"}}","updated":"2021-12-14T23:15:43.375Z"}
{"customer_id":"C00909","email":"jlill14@census.gov","profile":"{\"first_name\":\"Janela\",\"last_name\":\"Lill\",\"gender\":\"Female\",\"address\":{\"street\":\"4 Pawling Way\",\"city\":\"Tambaú\",\"country\":\"Brazil\"}}","updated":"2021-12-14T23:15:43.375Z"}
{"customer_id":"C00910","profile":"{\"first_name\":\"Bevin\",\"last_name\":\"Lille\",\"gender\":\"Male\",\"address\":{\"street\":\"89402 Katie Way\",\"city\":\"Zelenograd\",\"country\":\"Russia\"}}","updated":"2021-12-14T23:15:43.375Z"}
{"customer_id":"C00911","email":"klillocn@si.edu","profile":"{\"first_name\":\"Keeley\",\"last_name\":\"Lillo\",\"gender\":\"Female\",\"address\":{\"street\":\"3 Forest Terrace\",\"city\":\"Santa Maria da Feira\",\"country\":\"Portugal\"}}","updated":"2021-12-14T23:15:43.375Z"}
{"customer_id":"C00912","email":"dlindermannb3@bloglovin.com","profile":"{\"first_name\":\"Debora\",\"last_name\":\"Lindermann\",\"gender\":\"Female\",\"address\":{\"street\":\"51866 Trailsway Alley\",\"city\":\"Yelizavetinskaya\",\"country\":\"Russia\"}}","updated":"2021-12-14T23:15:43.375Z"}
{"customer_id":"C00913","profile":"{\"first_name\":\"Clovis\",\"last_name\":\"Lindhe\",\"gender\":\"Female\",\"address\":{\"street\":\"9 Cherokee Terrace\",\"city\":\"Mauren\",\"country\":\"Liechtenstein\"}}","updated":"2021-12-14T23:15:43.375Z"}
{"customer_id":"C00914","email":"hlindleyg4@t.co","profile":"{\"first_name\":\"Herold\",\"last_name\":\"Lindley\",\"gender\":\"Male\",\"address\":{\"street\":\"33110 Dovetail Plaza\",\"city\":\"Artemisa\",\"country\":\"Cuba\"}}","updated":"2021-12-14T23:15:43.375Z"}
{"customer_id":"C00915","email":"alingwoodoa@t.co","profile":"{\"first_name\":\"Aile\",\"last_name\":\"Lingwood\",\"gender\":\"Female\",\"address\":{\"street\":\"86 Iowa Plaza\",\"city\":\"Guinabsan\",\"country\":\"Philippines\"}}","updated":"2021-12-14T23:15:43.375Z"}
{"customer_id":"C00916","email":"mlinkeb4@google.ca","profile":"{\"first_name\":\"Michaella\",\"last_name\":\"Linke\",\"gender\":\"Female\",\"address\":{\"street\":\"34587 Gale Avenue\",\"city\":\"San Pedro de Atacama\",\"country\":\"Chile\"}}","updated":"2021-12-14T23:15:43.375Z"}
{"customer_id":"C00917","email":"mlippinidj@aboutads.info","profile":"{\"first_name\":\"Milicent\",\"last_name\":\"Lippini\",\"gender\":\"Female\",\"address\":{\"street\":\"520 Golf Course Road\",\"city\":\"Zacatecoluca\",\"country\":\"El Salvador\"}}","updated":"2021-12-14T23:15:43.375Z"}
{"customer_id":"C00918","email":"hlipproselh@e-recht24.de","profile":"{\"first_name\":\"Hakeem\",\"last_name\":\"Lipprose\",\"gender\":\"Male\",\"address\":{\"street\":\"75 Tony Terrace\",\"city\":\"Jagong\",\"country\":\"Indonesia\"}}","updated":"2021-12-14T23:15:43.375Z"}
{"customer_id":"C00919","email":"slishmundfb@bloglines.com","profile":"{\"first_name\":\"Shepperd\",\"last_name\":\"Lishmund\",\"gender\":\"Male\",\"address\":{\"street\":\"60187 Shoshone Plaza\",\"city\":\"Zengjia\",\"country\":\"China\"}}","updated":"2021-12-14T23:15:43.375Z"}
{"customer_id":"C00920","profile":"{\"first_name\":\"Federico\",\"last_name\":\"Llewellin\",\"gender\":\"Male\",\"address\":{\"street\":\"337 Mayer Avenue\",\"city\":\"Chonglou\",\"country\":\"China\"}}","updated":"2021-12-14T23:15:43.375Z"}
{"customer_id":"C00921","profile":"{\"first_name\":\"Pierre\",\"last_name\":\"Loadman\",\"gender\":\"Male\",\"address\":{\"street\":\"73739 Del Mar Center\",\"city\":\"Xianghu\",\"country\":\"China\"}}","updated":"2021-12-14T23:15:43.375Z"}
{"customer_id":"C00922","profile":"{\"first_name\":\"Garrick\",\"last_name\":\"Lobell\",\"gender\":\"Male\",\"address\":{\"street\":\"44 Esker Hill\",\"city\":\"Saint-Avertin\",\"country\":\"France\"}}","updated":"2021-12-14T23:15:43.375Z"}
{"customer_id":"C00923","email":"alonghi99@ihg.com","profile":"{\"first_name\":\"Avigdor\",\"last_name\":\"Longhi\",\"gender\":\"Polygender\",\"address\":{\"street\":\"400 Oriole Circle\",\"city\":\"Farkhor\",\"country\":\"Tajikistan\"}}","updated":"2021-12-14T23:15:43.375Z"}
{"customer_id":"C00924","email":"dlongrigghg@reddit.com","profile":"{\"first_name\":\"Dalli\",\"last_name\":\"Longrigg\",\"gender\":\"Genderfluid\",\"address\":{\"street\":\"7097 Granby Junction\",\"city\":\"Marly\",\"country\":\"France\"}}","updated":"2021-12-14T23:15:43.375Z"}
{"customer_id":"C00925","email":"olongstaffen7@vk.com","profile":"{\"first_name\":\"Ortensia\",\"last_name\":\"Longstaffe\",\"gender\":\"Female\",\"address\":{\"street\":\"58 Starling Trail\",\"city\":\"Dubu\",\"country\":\"China\"}}","updated":"2021-12-14T23:15:43.375Z"}
{"customer_id":"C00926","profile":"{\"first_name\":\"Carney\",\"last_name\":\"Lorens\",\"gender\":\"Male\",\"address\":{\"street\":\"1 International Pass\",\"city\":\"Benjamín Aceval\",\"country\":\"Paraguay\"}}","updated":"2021-12-14T23:15:43.375Z"}
{"customer_id":"C00927","email":"mlorenzettify@sogou.com","profile":"{\"first_name\":\"Minnie\",\"last_name\":\"Lorenzetti\",\"gender\":\"Female\",\"address\":{\"street\":\"86644 Walton Circle\",\"city\":\"Nazaré\",\"country\":\"Brazil\"}}","updated":"2021-12-14T23:15:43.375Z"}
{"customer_id":"C00928","email":"plorrain79@ning.com","profile":"{\"first_name\":\"Peggie\",\"last_name\":\"Lorrain\",\"gender\":\"Female\",\"address\":{\"street\":\"03837 Sachs Terrace\",\"city\":\"Straszyn\",\"country\":\"Poland\"}}","updated":"2021-12-14T23:15:43.375Z"}
{"customer_id":"C00929","profile":"{\"first_name\":\"Jacynth\",\"last_name\":\"Lots\",\"gender\":\"Female\",\"address\":{\"street\":\"265 Beilfuss Way\",\"city\":\"Garhi Khairo\",\"country\":\"Pakistan\"}}","updated":"2021-12-14T23:15:43.375Z"}
{"customer_id":"C00930","email":"qloudenlf@chicagotribune.com","profile":"{\"first_name\":\"Quill\",\"last_name\":\"Louden\",\"gender\":\"Male\",\"address\":{\"street\":\"7284 Riverside Crossing\",\"city\":\"Kousséri\",\"country\":\"Cameroon\"}}","updated":"2021-12-14T23:15:43.375Z"}
{"customer_id":"C00931","profile":"{\"first_name\":\"Kimberli\",\"last_name\":\"Loughnan\",\"gender\":\"Female\",\"address\":{\"street\":\"4 Autumn Leaf Pass\",\"city\":\"Hechun\",\"country\":\"China\"}}","updated":"2021-12-14T23:15:43.375Z"}
{"customer_id":"C00932","profile":"{\"first_name\":\"Anders\",\"last_name\":\"Loughney\",\"gender\":\"Male\",\"address\":{\"street\":\"3 Continental Drive\",\"city\":\"Wanlongshan\",\"country\":\"China\"}}","updated":"2021-12-14T23:15:43.375Z"}
{"customer_id":"C00933","profile":"{\"first_name\":\"Mitchel\",\"last_name\":\"Low\",\"gender\":\"Male\",\"address\":{\"street\":\"79102 Del Mar Drive\",\"city\":\"Chyżne\",\"country\":\"Poland\"}}","updated":"2021-12-14T23:15:43.375Z"}
{"customer_id":"C00934","profile":"{\"first_name\":\"Evie\",\"last_name\":\"Lowdeane\",\"gender\":\"Non-binary\",\"address\":{\"street\":\"7142 Surrey Drive\",\"city\":\"Imbituba\",\"country\":\"Brazil\"}}","updated":"2021-12-14T23:15:43.375Z"}
{"customer_id":"C00935","email":"mlowersondi@odnoklassniki.ru","profile":"{\"first_name\":\"Merissa\",\"last_name\":\"Lowerson\",\"gender\":\"Female\",\"address\":{\"street\":\"9 Superior Place\",\"city\":\"Pedro Carbo\",\"country\":\"Ecuador\"}}","updated":"2021-12-14T23:15:43.375Z"}
{"customer_id":"C00936","email":"jloxlyi4@nyu.edu","profile":"{\"first_name\":\"Jania\",\"last_name\":\"Loxly\",\"gender\":\"Female\",\"address\":{\"street\":\"9238 Reindahl Crossing\",\"city\":\"Havirga\",\"country\":\"Mongolia\"}}","updated":"2021-12-14T23:15:43.375Z"}
{"customer_id":"C00937","profile":"{\"first_name\":\"Eachelle\",\"last_name\":\"Loy\",\"gender\":\"Female\",\"address\":{\"street\":\"775 Stoughton Street\",\"city\":\"Niwiska\",\"country\":\"Poland\"}}","updated":"2021-12-14T23:15:43.375Z"}
{"customer_id":"C00938","profile":"{\"first_name\":\"Derby\",\"last_name\":\"Lude\",\"gender\":\"Male\",\"address\":{\"street\":\"4693 Vermont Alley\",\"city\":\"Ocongate\",\"country\":\"Peru\"}}","updated":"2021-12-14T23:15:43.375Z"}
{"customer_id":"C00939","profile":"{\"first_name\":\"Salaidh\",\"last_name\":\"Ludford\",\"gender\":\"Female\",\"address\":{\"street\":\"8 Melvin Terrace\",\"city\":\"Freguesia do Ribeirao da Ilha\",\"country\":\"Brazil\"}}","updated":"2021-12-14T23:15:43.375Z"}
{"customer_id":"C00940","profile":"{\"first_name\":\"Algernon\",\"last_name\":\"Ludl\",\"gender\":\"Male\",\"address\":{\"street\":\"9538 Old Shore Place\",\"city\":\"Lac-Mégantic\",\"country\":\"Canada\"}}","updated":"2021-12-14T23:15:43.375Z"}
{"customer_id":"C00941","email":"rlumma@jimdo.com","profile":"{\"first_name\":\"Rutledge\",\"last_name\":\"Lum\",\"gender\":\"Male\",\"address\":{\"street\":\"9 Amoth Plaza\",\"city\":\"Al Khāniq\",\"country\":\"Yemen\"}}","updated":"2021-12-14T23:15:43.375Z"}
{"customer_id":"C00942","profile":"{\"first_name\":\"Bennett\",\"last_name\":\"Lumbers\",\"gender\":\"Male\",\"address\":{\"street\":\"13077 North Pass\",\"city\":\"Wafang\",\"country\":\"China\"}}","updated":"2021-12-14T23:15:43.375Z"}
{"customer_id":"C00943","email":"plumpkin34@edublogs.org","profile":"{\"first_name\":\"Pooh\",\"last_name\":\"Lumpkin\",\"gender\":\"Female\",\"address\":{\"street\":\"702 Northridge Hill\",\"city\":\"Mascouche\",\"country\":\"Canada\"}}","updated":"2021-12-14T23:15:43.375Z"}
{"customer_id":"C00944","email":"sluxon1t@fc2.com","profile":"{\"first_name\":\"Shep\",\"last_name\":\"Luxon\",\"gender\":\"Male\",\"address\":{\"street\":\"1 Gina Parkway\",\"city\":\"Lokossa\",\"country\":\"Benin\"}}","updated":"2021-12-14T23:15:43.375Z"}
{"customer_id":"C00945","email":"flyfedg@wikimedia.org","profile":"{\"first_name\":\"Fran\",\"last_name\":\"Lyfe\",\"gender\":\"Female\",\"address\":{\"street\":\"29152 Mallard Circle\",\"city\":\"Hongyan\",\"country\":\"China\"}}","updated":"2021-12-14T23:15:43.375Z"}
{"customer_id":"C00946","email":"alygoa4@chronoengine.com","profile":"{\"first_name\":\"Angelico\",\"last_name\":\"Lygo\",\"gender\":\"Male\",\"address\":{\"street\":\"7 Graedel Place\",\"city\":\"Pingshan\",\"country\":\"China\"}}","updated":"2021-12-14T23:15:43.375Z"}
{"customer_id":"C00947","email":"blythgoe3f@quantcast.com","profile":"{\"first_name\":\"Barr\",\"last_name\":\"Lythgoe\",\"gender\":\"Male\",\"address\":{\"street\":\"98 Di Loreto Park\",\"city\":\"El Alamo\",\"country\":\"Mexico\"}}","updated":"2021-12-14T23:15:43.375Z"}
{"customer_id":"C00948","profile":"{\"first_name\":\"Garey\",\"last_name\":\"Lyttle\",\"gender\":\"Genderfluid\",\"address\":{\"street\":\"4772 Park Meadow Hill\",\"city\":\"Zhangfang\",\"country\":\"China\"}}","updated":"2021-12-14T23:15:43.375Z"}
{"customer_id":"C00949","email":"flyttleq7@creativecommons.org","profile":"{\"first_name\":\"Frederigo\",\"last_name\":\"Lyttle\",\"gender\":\"Male\",\"address\":{\"street\":\"7 Brentwood Park\",\"city\":\"San Carlos\",\"country\":\"Philippines\"}}","updated":"2021-12-14T23:15:43.375Z"}
{"customer_id":"C00950","email":"bmaass66@goo.ne.jp","profile":"{\"first_name\":\"Bertram\",\"last_name\":\"Maass\",\"gender\":\"Male\",\"address\":{\"street\":\"90161 Fisk Junction\",\"city\":\"Natividade\",\"country\":\"Brazil\"}}","updated":"2021-12-14T23:15:43.375Z"}
{"customer_id":"C00951","email":"pmacandreis6f@dedecms.com","profile":"{\"first_name\":\"Pet\",\"last_name\":\"MacAndreis\",\"gender\":\"Female\",\"address\":{\"street\":\"519 Tennessee Pass\",\"city\":\"Huayuan\",\"country\":\"China\"}}","updated":"2021-12-14T23:15:43.375Z"}
{"customer_id":"C00952","email":"cmacbainda@goo.gl","profile":"{\"first_name\":\"Corrie\",\"last_name\":\"MacBain\",\"gender\":\"Male\",\"address\":{\"street\":\"13371 Duke Avenue\",\"city\":\"Basa\",\"country\":\"Philippines\"}}","updated":"2021-12-14T23:15:43.375Z"}
{"customer_id":"C00953","email":"smacgarrityl4@sitemeter.com","profile":"{\"first_name\":\"Stafford\",\"last_name\":\"MacGarrity\",\"gender\":\"Male\",\"address\":{\"street\":\"1 Norway Maple Lane\",\"city\":\"Surkh Bilandī\",\"country\":\"Afghanistan\"}}","updated":"2021-12-14T23:15:43.375Z"}
{"customer_id":"C00954","email":"imacgettigeni4@dailymotion.com","profile":"{\"first_name\":\"Ive\",\"last_name\":\"MacGettigen\",\"gender\":\"Male\",\"address\":{\"street\":\"579 Carberry Lane\",\"city\":\"Pambuhan\",\"country\":\"Philippines\"}}","updated":"2021-12-14T23:15:43.375Z"}
{"customer_id":"C00955","email":"rmacgorman9t@sourceforge.net","profile":"{\"first_name\":\"Ruttger\",\"last_name\":\"MacGorman\",\"gender\":\"Male\",\"address\":{\"street\":\"143 Lake View Lane\",\"city\":\"Stepanovićevo\",\"country\":\"Serbia\"}}","updated":"2021-12-14T23:15:43.375Z"}
{"customer_id":"C00956","profile":"{\"first_name\":\"Livvie\",\"last_name\":\"MacNeilage\",\"gender\":\"Female\",\"address\":{\"street\":\"86 Cottonwood Street\",\"city\":\"Halinów\",\"country\":\"Poland\"}}","updated":"2021-12-14T23:15:43.375Z"}
{"customer_id":"C00957","email":"mmacroryeh@archive.org","profile":"{\"first_name\":\"Marne\",\"last_name\":\"MacRory\",\"gender\":\"Female\",\"address\":{\"street\":\"674 Mccormick Road\",\"city\":\"Bingfang\",\"country\":\"China\"}}","updated":"2021-12-14T23:15:43.375Z"}
{"customer_id":"C00958","profile":"{\"first_name\":\"Rana\",\"last_name\":\"MacRury\",\"gender\":\"Female\",\"address\":{\"street\":\"54 Fair Oaks Parkway\",\"city\":\"Wissous\",\"country\":\"France\"}}","updated":"2021-12-14T23:15:43.375Z"}
{"customer_id":"C00959","email":"fmacshanedf@nationalgeographic.com","profile":"{\"first_name\":\"Freedman\",\"last_name\":\"MacShane\",\"gender\":\"Genderfluid\",\"address\":{\"street\":\"9704 Northview Pass\",\"city\":\"Kinel’-Cherkassy\",\"country\":\"Russia\"}}","updated":"2021-12-14T23:15:43.375Z"}
{"customer_id":"C00960","email":"kmacariam@unesco.org","profile":"{\"first_name\":\"Katheryn\",\"last_name\":\"Macari\",\"gender\":\"Female\",\"address\":{\"street\":\"1 Division Hill\",\"city\":\"Lenakapa\",\"country\":\"Indonesia\"}}","updated":"2021-12-14T23:15:43.375Z"}
{"customer_id":"C00961","email":"tmacguireef@csmonitor.com","profile":"{\"first_name\":\"Thebault\",\"last_name\":\"Macguire\",\"gender\":\"Male\",\"address\":{\"street\":\"083 Logan Circle\",\"city\":\"Xiaotang\",\"country\":\"China\"}}","updated":"2021-12-14T23:15:43.375Z"}
{"customer_id":"C00962","email":"jmaciasj8@senate.gov","profile":"{\"first_name\":\"Jeddy\",\"last_name\":\"Macias\",\"gender\":\"Male\",\"address\":{\"street\":\"2 Golf Court\",\"city\":\"Huangbizhuang\",\"country\":\"China\"}}","updated":"2021-12-14T23:15:43.375Z"}
{"customer_id":"C00963","email":"lmacquiredt@berkeley.edu","profile":"{\"first_name\":\"Lind\",\"last_name\":\"Macquire\",\"gender\":\"Male\",\"address\":{\"street\":\"62 Monica Point\",\"city\":\"Alexandria\",\"country\":\"United States\"}}","updated":"2021-12-14T23:15:43.375Z"}
{"customer_id":"C00964","profile":"{\"first_name\":\"Sollie\",\"last_name\":\"Maddison\",\"gender\":\"Male\",\"address\":{\"street\":\"91 Fremont Avenue\",\"city\":\"Bogorodskoye\",\"country\":\"Russia\"}}","updated":"2021-12-14T23:15:43.375Z"}
{"customer_id":"C00965","email":"pmaffinc9@imdb.com","profile":"{\"first_name\":\"Putnem\",\"last_name\":\"Maffin\",\"gender\":\"Male\",\"address\":{\"street\":\"57265 Graceland Street\",\"city\":\"Minneapolis\",\"country\":\"United States\"}}","updated":"2021-12-14T23:15:43.375Z"}
{"customer_id":"C00966","email":"cmagister6o@shareasale.com","profile":"{\"first_name\":\"Crystie\",\"last_name\":\"Magister\",\"gender\":\"Female\",\"address\":{\"street\":\"12 Mesta Parkway\",\"city\":\"Marseille\",\"country\":\"France\"}}","updated":"2021-12-14T23:15:43.375Z"}
{"customer_id":"C00967","email":"rmaindscx@sfgate.com","profile":"{\"first_name\":\"Ripley\",\"last_name\":\"Mainds\",\"gender\":\"Male\",\"address\":{\"street\":\"6998 Autumn Leaf Crossing\",\"city\":\"Haebaru\",\"country\":\"Japan\"}}","updated":"2021-12-14T23:15:43.375Z"}
{"customer_id":"C00968","email":"dmainston9d@list-manage.com","profile":"{\"first_name\":\"Doretta\",\"last_name\":\"Mainston\",\"gender\":\"Female\",\"address\":{\"street\":\"09236 Shelley Court\",\"city\":\"Québec\",\"country\":\"Canada\"}}","updated":"2021-12-14T23:15:43.375Z"}
{"customer_id":"C00969","profile":"{\"first_name\":\"Broddy\",\"last_name\":\"Makepeace\",\"gender\":\"Male\",\"address\":{\"street\":\"7312 Emmet Center\",\"city\":\"Kwale\",\"country\":\"Nigeria\"}}","updated":"2021-12-14T23:15:43.375Z"}
{"customer_id":"C00970","email":"lmalan56@google.fr","profile":"{\"first_name\":\"Lefty\",\"last_name\":\"Malan\",\"gender\":\"Male\",\"address\":{\"street\":\"7 Northridge Trail\",\"city\":\"La Tebaida\",\"country\":\"Colombia\"}}","updated":"2021-12-14T23:15:43.375Z"}
{"customer_id":"C00971","profile":"{\"first_name\":\"Julita\",\"last_name\":\"Malcolm\",\"gender\":\"Female\",\"address\":{\"street\":\"8 Oak Pass\",\"city\":\"Mosar\",\"country\":\"Belarus\"}}","updated":"2021-12-14T23:15:43.375Z"}
{"customer_id":"C00972","email":"smalcolmns@shareasale.com","profile":"{\"first_name\":\"Sandra\",\"last_name\":\"Malcolm\",\"gender\":\"Female\",\"address\":{\"street\":\"4 Morningstar Parkway\",\"city\":\"Quintães\",\"country\":\"Portugal\"}}","updated":"2021-12-14T23:15:43.375Z"}
{"customer_id":"C00973","email":"cmaling8w@163.com","profile":"{\"first_name\":\"Catherin\",\"last_name\":\"Maling\",\"gender\":\"Female\",\"address\":{\"street\":\"252 Novick Parkway\",\"city\":\"Si Thep\",\"country\":\"Thailand\"}}","updated":"2021-12-14T23:15:43.375Z"}
{"customer_id":"C00974","profile":"{\"first_name\":\"Joanna\",\"last_name\":\"Mallatratt\",\"gender\":\"Female\",\"address\":{\"street\":\"62 Mayfield Parkway\",\"city\":\"Tegalgede\",\"country\":\"Indonesia\"}}","updated":"2021-12-14T23:15:43.375Z"}
{"customer_id":"C00975","profile":"{\"first_name\":\"Merrick\",\"last_name\":\"Malmar\",\"gender\":\"Male\",\"address\":{\"street\":\"2877 Burning Wood Alley\",\"city\":\"Kalchevaya\",\"country\":\"Ukraine\"}}","updated":"2021-12-14T23:15:43.375Z"}
{"customer_id":"C00976","email":"amaltman3s@51.la","profile":"{\"first_name\":\"Abeu\",\"last_name\":\"Maltman\",\"gender\":\"Male\",\"address\":{\"street\":\"865 Westend Court\",\"city\":\"Haarlem\",\"country\":\"Netherlands\"}}","updated":"2021-12-14T23:15:43.375Z"}
{"customer_id":"C00977","email":"lmandifield8r@surveymonkey.com","profile":"{\"first_name\":\"Lindy\",\"last_name\":\"Mandifield\",\"gender\":\"Male\",\"address\":{\"street\":\"8 Bellgrove Terrace\",\"city\":\"Prosperous\",\"country\":\"Ireland\"}}","updated":"2021-12-14T23:15:43.375Z"}
{"customer_id":"C00978","email":"mmandrakefd@ox.ac.uk","profile":"{\"first_name\":\"Miran\",\"last_name\":\"Mandrake\",\"gender\":\"Female\",\"address\":{\"street\":\"88365 Graceland Street\",\"city\":\"Anyama\",\"country\":\"Ivory Coast\"}}","updated":"2021-12-14T23:15:43.375Z"}
{"customer_id":"C00979","profile":"{\"first_name\":\"Daryl\",\"last_name\":\"Manlow\",\"gender\":\"Male\",\"address\":{\"street\":\"00769 Acker Point\",\"city\":\"El Regalo\",\"country\":\"Venezuela\"}}","updated":"2021-12-14T23:15:43.375Z"}
{"customer_id":"C00980","email":"cmanwelljp@unblog.fr","profile":"{\"first_name\":\"Chic\",\"last_name\":\"Manwell\",\"gender\":\"Male\",\"address\":{\"street\":\"3 Onsgard Pass\",\"city\":\"Corona\",\"country\":\"United States\"}}","updated":"2021-12-14T23:15:43.375Z"}
{"customer_id":"C00981","email":"tmaragesbr@opera.com","profile":"{\"first_name\":\"Theodor\",\"last_name\":\"Marages\",\"gender\":\"Male\",\"address\":{\"street\":\"58348 Hayes Lane\",\"city\":\"Miches\",\"country\":\"Dominican Republic\"}}","updated":"2021-12-14T23:15:43.375Z"}
{"customer_id":"C00982","email":"gmarc6z@i2i.jp","profile":"{\"first_name\":\"Garik\",\"last_name\":\"Marc\",\"gender\":\"Male\",\"address\":{\"street\":\"5765 Delladonna Drive\",\"city\":\"Tiling\",\"country\":\"Philippines\"}}","updated":"2021-12-14T23:15:43.375Z"}
{"customer_id":"C00983","email":"vmarchingtonh7@about.com","profile":"{\"first_name\":\"Vallie\",\"last_name\":\"Marchington\",\"gender\":\"Female\",\"address\":{\"street\":\"13 Milwaukee Junction\",\"city\":\"Barinitas\",\"country\":\"Venezuela\"}}","updated":"2021-12-14T23:15:43.375Z"}
{"customer_id":"C00984","email":"dmargeryrh@statcounter.com","profile":"{\"first_name\":\"Drew\",\"last_name\":\"Margery\",\"gender\":\"Male\",\"address\":{\"street\":\"97392 Carioca Crossing\",\"city\":\"Caraballeda\",\"country\":\"Venezuela\"}}","updated":"2021-12-14T23:15:43.375Z"}
{"customer_id":"C00985","email":"smargrettgh@constantcontact.com","profile":"{\"first_name\":\"Stepha\",\"last_name\":\"Margrett\",\"gender\":\"Female\",\"address\":{\"street\":\"84441 Waywood Court\",\"city\":\"San Andrés\",\"country\":\"Colombia\"}}","updated":"2021-12-14T23:15:43.375Z"}
{"customer_id":"C00986","email":"emarringtonfw@senate.gov","profile":"{\"first_name\":\"Ervin\",\"last_name\":\"Marrington\",\"gender\":\"Male\",\"address\":{\"street\":\"47 Oak Valley Terrace\",\"city\":\"Wijewo\",\"country\":\"Poland\"}}","updated":"2021-12-14T23:15:43.375Z"}
{"customer_id":"C00987","profile":"{\"first_name\":\"Joeann\",\"last_name\":\"Marrow\",\"gender\":\"Female\",\"address\":{\"street\":\"68726 Claremont Terrace\",\"city\":\"Marevo\",\"country\":\"Russia\"}}","updated":"2021-12-14T23:15:43.375Z"}
{"customer_id":"C00988","email":"kmartel87@oakley.com","profile":"{\"first_name\":\"Kathi\",\"last_name\":\"Martel\",\"gender\":\"Female\",\"address\":{\"street\":\"907 Buena Vista Junction\",\"city\":\"Non Suwan\",\"country\":\"Thailand\"}}","updated":"2021-12-14T23:15:43.375Z"}
{"customer_id":"C00989","profile":"{\"first_name\":\"Ilyse\",\"last_name\":\"Martina\",\"gender\":\"Female\",\"address\":{\"street\":\"875 Nova Lane\",\"city\":\"Chemnitz\",\"country\":\"Germany\"}}","updated":"2021-12-14T23:15:43.375Z"}
{"customer_id":"C00990","profile":"{\"first_name\":\"Nicole\",\"last_name\":\"Martinovsky\",\"gender\":\"Female\",\"address\":{\"street\":\"72443 Washington Plaza\",\"city\":\"Farranacoush\",\"country\":\"Ireland\"}}","updated":"2021-12-14T23:15:43.375Z"}
{"customer_id":"C00991","profile":"{\"first_name\":\"Thaddus\",\"last_name\":\"Marvelley\",\"gender\":\"Male\",\"address\":{\"street\":\"49 Northport Court\",\"city\":\"Charleroi\",\"country\":\"Belgium\"}}","updated":"2021-12-14T23:15:43.375Z"}
{"customer_id":"C00992","profile":"{\"first_name\":\"Bard\",\"last_name\":\"Marxsen\",\"gender\":\"Male\",\"address\":{\"street\":\"464 Nancy Center\",\"city\":\"L-Iklin\",\"country\":\"Malta\"}}","updated":"2021-12-14T23:15:43.375Z"}
{"customer_id":"C00993","email":"smasedonc7@latimes.com","profile":"{\"first_name\":\"Shaughn\",\"last_name\":\"Masedon\",\"gender\":\"Male\",\"address\":{\"street\":\"07 Lawn Road\",\"city\":\"Bang Kaeo\",\"country\":\"Thailand\"}}","updated":"2021-12-14T23:15:43.375Z"}
{"customer_id":"C00994","profile":"{\"first_name\":\"Diahann\",\"last_name\":\"Masserel\",\"gender\":\"Female\",\"address\":{\"street\":\"9 Scofield Trail\",\"city\":\"Hostivice\",\"country\":\"Czech Republic\"}}","updated":"2021-12-14T23:15:43.375Z"}
{"customer_id":"C00995","profile":"{\"first_name\":\"Sharla\",\"last_name\":\"Mastrantone\",\"gender\":\"Polygender\",\"address\":{\"street\":\"5654 Longview Point\",\"city\":\"Lalauigan\",\"country\":\"Philippines\"}}","updated":"2021-12-14T23:15:43.375Z"}
{"customer_id":"C00996","email":"pmathelinig@foxnews.com","profile":"{\"first_name\":\"Pepito\",\"last_name\":\"Mathelin\",\"gender\":\"Male\",\"address\":{\"street\":\"995 Ridgeway Point\",\"city\":\"La Cesira\",\"country\":\"Argentina\"}}","updated":"2021-12-14T23:15:43.375Z"}
{"customer_id":"C00997","profile":"{\"first_name\":\"Seward\",\"last_name\":\"Mathelon\",\"gender\":\"Male\",\"address\":{\"street\":\"1941 Eagan Drive\",\"city\":\"Vaasa\",\"country\":\"Finland\"}}","updated":"2021-12-14T23:15:43.375Z"}
{"customer_id":"C00998","profile":"{\"first_name\":\"Batsheva\",\"last_name\":\"Mathers\",\"gender\":\"Female\",\"address\":{\"street\":\"8151 Northfield Avenue\",\"city\":\"Shushary\",\"country\":\"Russia\"}}","updated":"2021-12-14T23:15:43.375Z"}
{"customer_id":"C00999","profile":"{\"first_name\":\"Adda\",\"last_name\":\"Matkin\",\"gender\":\"Female\",\"address\":{\"street\":\"5 David Road\",\"city\":\"Bankeryd\",\"country\":\"Sweden\"}}","updated":"2021-12-14T23:15:43.375Z"}
{"customer_id":"C01000","profile":"{\"first_name\":\"Jennee\",\"last_name\":\"Matokhnin\",\"gender\":\"Female\",\"address\":{\"street\":\"581 Claremont Junction\",\"city\":\"Sacramento\",\"country\":\"United States\"}}","updated":"2021-12-14T23:15:43.375Z"}
{"customer_id":"C01001","email":"ematteses@comcast.net","profile":"{\"first_name\":\"Elvis\",\"last_name\":\"Mattes\",\"gender\":\"Male\",\"address\":{\"street\":\"25 Cordelia Road\",\"city\":\"Kumanis\",\"country\":\"Indonesia\"}}","updated":"2021-12-14T23:15:43.375Z"}
{"customer_id":"C01002","email":"rmatteuzzieb@amazon.com","profile":"{\"first_name\":\"Ramsey\",\"last_name\":\"Matteuzzi\",\"gender\":\"Male\",\"address\":{\"street\":\"7103 Lakewood Gardens Circle\",\"city\":\"Iogach\",\"country\":\"Russia\"}}","updated":"2021-12-14T23:15:43.375Z"}
{"customer_id":"C01003","email":"hmattussevich58@pinterest.com","profile":"{\"first_name\":\"Herrick\",\"last_name\":\"Mattussevich\",\"gender\":\"Male\",\"address\":{\"street\":\"5132 Esker Parkway\",\"city\":\"Vidual\",\"country\":\"Portugal\"}}","updated":"2021-12-14T23:15:43.375Z"}
{"customer_id":"C01004","profile":"{\"first_name\":\"Dita\",\"last_name\":\"Matyas\",\"gender\":\"Female\",\"address\":{\"street\":\"2 Dawn Plaza\",\"city\":\"Luoluopu\",\"country\":\"China\"}}","updated":"2021-12-14T23:15:43.375Z"}
{"customer_id":"C01005","email":"dmatyushonokal@slideshare.net","profile":"{\"first_name\":\"Daphene\",\"last_name\":\"Matyushonok\",\"gender\":\"Female\",\"address\":{\"street\":\"75 Karstens Plaza\",\"city\":\"Miharu\",\"country\":\"Japan\"}}","updated":"2021-12-14T23:15:43.375Z"}
{"customer_id":"C01006","email":"rmauchlinel1@tripadvisor.com","profile":"{\"first_name\":\"Rebecka\",\"last_name\":\"Mauchline\",\"gender\":\"Genderqueer\",\"address\":{\"street\":\"49177 Golf Place\",\"city\":\"Tarogong\",\"country\":\"Indonesia\"}}","updated":"2021-12-14T23:15:43.375Z"}
{"customer_id":"C01007","email":"amaxstead3p@ucsd.edu","profile":"{\"first_name\":\"Aylmer\",\"last_name\":\"Maxstead\",\"gender\":\"Polygender\",\"address\":{\"street\":\"93 Truax Junction\",\"city\":\"Bangbayang\",\"country\":\"Indonesia\"}}","updated":"2021-12-14T23:15:43.375Z"}
{"customer_id":"C01008","email":"nmaxwellcy@weibo.com","profile":"{\"first_name\":\"Noella\",\"last_name\":\"Maxwell\",\"gender\":\"Female\",\"address\":{\"street\":\"1 Mendota Pass\",\"city\":\"Drosáto\",\"country\":\"Greece\"}}","updated":"2021-12-14T23:15:43.375Z"}
{"customer_id":"C01009","email":"lmcalester8f@businesswire.com","profile":"{\"first_name\":\"Lenore\",\"last_name\":\"McAlester\",\"gender\":\"Female\",\"address\":{\"street\":\"170 Toban Place\",\"city\":\"Xubu\",\"country\":\"China\"}}","updated":"2021-12-14T23:15:43.375Z"}
{"customer_id":"C01010","email":"dmcallasterli@businesswire.com","profile":"{\"first_name\":\"Danyelle\",\"last_name\":\"McAllaster\",\"gender\":\"Female\",\"address\":{\"street\":\"4552 Hauk Court\",\"city\":\"Nangerang\",\"country\":\"Indonesia\"}}","updated":"2021-12-14T23:15:43.375Z"}
{"customer_id":"C01011","email":"nmcbeithpc@bloglovin.com","profile":"{\"first_name\":\"Nickey\",\"last_name\":\"McBeith\",\"gender\":\"Male\",\"address\":{\"street\":\"0 Commercial Place\",\"city\":\"Jishan\",\"country\":\"China\"}}","updated":"2021-12-14T23:15:43.375Z"}
{"customer_id":"C01012","profile":"{\"first_name\":\"Richardo\",\"last_name\":\"McCabe\",\"gender\":\"Male\",\"address\":{\"street\":\"8 Sunbrook Crossing\",\"city\":\"Karlstad\",\"country\":\"Sweden\"}}","updated":"2021-12-14T23:15:43.375Z"}
{"customer_id":"C01013","email":"wmccandierp@amazon.co.uk","profile":"{\"first_name\":\"Willi\",\"last_name\":\"McCandie\",\"gender\":\"Male\",\"address\":{\"street\":\"26119 Holy Cross Pass\",\"city\":\"Taha Man Zu\",\"country\":\"China\"}}","updated":"2021-12-14T23:15:43.375Z"}
{"customer_id":"C01014","email":"jmccerery9s@seesaa.net","profile":"{\"first_name\":\"Jon\",\"last_name\":\"McCerery\",\"gender\":\"Male\",\"address\":{\"street\":\"64964 Barby Drive\",\"city\":\"Mafeng\",\"country\":\"China\"}}","updated":"2021-12-14T23:15:43.375Z"}
{"customer_id":"C01015","profile":"{\"first_name\":\"Hart\",\"last_name\":\"McClancy\",\"gender\":\"Male\",\"address\":{\"street\":\"514 Schlimgen Hill\",\"city\":\"Tabasalu\",\"country\":\"Estonia\"}}","updated":"2021-12-14T23:15:43.375Z"}
{"customer_id":"C01016","email":"amcclean7e@bbb.org","profile":"{\"first_name\":\"Amalie\",\"last_name\":\"McClean\",\"gender\":\"Female\",\"address\":{\"street\":\"6 Dunning Street\",\"city\":\"Macheng\",\"country\":\"China\"}}","updated":"2021-12-14T23:15:43.375Z"}
{"customer_id":"C01017","profile":"{\"first_name\":\"Findlay\",\"last_name\":\"McClintock\",\"gender\":\"Male\",\"address\":{\"street\":\"044 Talisman Pass\",\"city\":\"Nkwerre\",\"country\":\"Nigeria\"}}","updated":"2021-12-14T23:15:43.375Z"}
{"customer_id":"C01018","profile":"{\"first_name\":\"Ingmar\",\"last_name\":\"McCombe\",\"gender\":\"Male\",\"address\":{\"street\":\"75286 Lakewood Lane\",\"city\":\"Tiedonglu\",\"country\":\"China\"}}","updated":"2021-12-14T23:15:43.375Z"}
{"customer_id":"C01019","profile":"{\"first_name\":\"Hollyanne\",\"last_name\":\"McCorkindale\",\"gender\":\"Female\",\"address\":{\"street\":\"91392 Mendota Trail\",\"city\":\"Slovenski Javornik\",\"country\":\"Slovenia\"}}","updated":"2021-12-14T23:15:43.375Z"}
{"customer_id":"C01020","email":"lmccromleybo@soundcloud.com","profile":"{\"first_name\":\"Lucian\",\"last_name\":\"McCromley\",\"gender\":\"Male\",\"address\":{\"street\":\"8 Cordelia Crossing\",\"city\":\"Chikwawa\",\"country\":\"Malawi\"}}","updated":"2021-12-14T23:15:43.375Z"}
{"customer_id":"C01021","email":"hmcfiecb@ucoz.ru","profile":"{\"first_name\":\"Hoebart\",\"last_name\":\"McFie\",\"gender\":\"Male\",\"address\":{\"street\":\"9675 Ridge Oak Center\",\"city\":\"Bordeaux\",\"country\":\"France\"}}","updated":"2021-12-14T23:15:43.375Z"}
{"customer_id":"C01022","email":"amcgeena@seesaa.net","profile":"{\"first_name\":\"Agnese\",\"last_name\":\"McGee\",\"gender\":\"Genderfluid\",\"address\":{\"street\":\"5 Darwin Parkway\",\"city\":\"Hitiaa\",\"country\":\"French Polynesia\"}}","updated":"2021-12-14T23:15:43.375Z"}
{"customer_id":"C01023","profile":"{\"first_name\":\"Wilek\",\"last_name\":\"McGeoch\",\"gender\":\"Male\",\"address\":{\"street\":\"8859 Blaine Parkway\",\"city\":\"El Suyatal\",\"country\":\"Honduras\"}}","updated":"2021-12-14T23:15:43.375Z"}
{"customer_id":"C01024","email":"emcgillecolemg@tumblr.com","profile":"{\"first_name\":\"Etty\",\"last_name\":\"McGillecole\",\"gender\":\"Agender\",\"address\":{\"street\":\"116 Bashford Drive\",\"city\":\"Castelsarrasin\",\"country\":\"France\"}}","updated":"2021-12-14T23:15:43.375Z"}
{"customer_id":"C01025","email":"smcgloughlinl5@shop-pro.jp","profile":"{\"first_name\":\"Stacie\",\"last_name\":\"McGloughlin\",\"gender\":\"Bigender\",\"address\":{\"street\":\"75141 Kingsford Circle\",\"city\":\"Banjar Teguan\",\"country\":\"Indonesia\"}}","updated":"2021-12-14T23:15:43.375Z"}
{"customer_id":"C01026","profile":"{\"first_name\":\"Nolana\",\"last_name\":\"McGragh\",\"gender\":\"Female\",\"address\":{\"street\":\"62960 Chive Way\",\"city\":\"Honghua’erji\",\"country\":\"China\"}}","updated":"2021-12-14T23:15:43.375Z"}
{"customer_id":"C01027","email":"dmcgriele4v@themeforest.net","profile":"{\"first_name\":\"Delilah\",\"last_name\":\"McGriele\",\"gender\":\"Female\",\"address\":{\"street\":\"76 Novick Alley\",\"city\":\"Korem\",\"country\":\"Ethiopia\"}}","updated":"2021-12-14T23:15:43.375Z"}
{"customer_id":"C01028","email":"dmcgrowtherht@dell.com","profile":"{\"first_name\":\"Donall\",\"last_name\":\"McGrowther\",\"gender\":\"Male\",\"address\":{\"street\":\"9 Banding Place\",\"city\":\"Detroit\",\"country\":\"United States\"}}","updated":"2021-12-14T23:15:43.375Z"}
{"customer_id":"C01029","profile":"{\"first_name\":\"Marta\",\"last_name\":\"McGrudder\",\"gender\":\"Female\",\"address\":{\"street\":\"0532 Petterle Crossing\",\"city\":\"Pacaycasa\",\"country\":\"Peru\"}}","updated":"2021-12-14T23:15:43.375Z"}
{"customer_id":"C01030","email":"bmcilvoray9h@netvibes.com","profile":"{\"first_name\":\"Blondelle\",\"last_name\":\"McIlvoray\",\"gender\":\"Female\",\"address\":{\"street\":\"867 Fremont Circle\",\"city\":\"Saint Helier\",\"country\":\"Jersey\"}}","updated":"2021-12-14T23:15:43.375Z"}
{"customer_id":"C01031","email":"rmcilwrick7q@rambler.ru","profile":"{\"first_name\":\"Ricard\",\"last_name\":\"McIlwrick\",\"gender\":\"Male\",\"address\":{\"street\":\"7658 Moulton Avenue\",\"city\":\"Huolongmen\",\"country\":\"China\"}}","updated":"2021-12-14T23:15:43.375Z"}
{"customer_id":"C01032","profile":"{\"first_name\":\"Veronike\",\"last_name\":\"McIndoe\",\"gender\":\"Bigender\",\"address\":{\"street\":\"9654 Crest Line Terrace\",\"city\":\"Rudnyy\",\"country\":\"Kazakhstan\"}}","updated":"2021-12-14T23:15:43.375Z"}
{"customer_id":"C01033","profile":"{\"first_name\":\"Merl\",\"last_name\":\"McKeaney\",\"gender\":\"Female\",\"address\":{\"street\":\"369 Twin Pines Street\",\"city\":\"Busuanga\",\"country\":\"Philippines\"}}","updated":"2021-12-14T23:15:43.375Z"}
{"customer_id":"C01034","email":"mmckennaqq@upenn.edu","profile":"{\"first_name\":\"Margette\",\"last_name\":\"McKenna\",\"gender\":\"Female\",\"address\":{\"street\":\"52 Luster Drive\",\"city\":\"Babug\",\"country\":\"Philippines\"}}","updated":"2021-12-14T23:15:43.375Z"}
{"customer_id":"C01035","email":"dmckeonfu@apple.com","profile":"{\"first_name\":\"Dugald\",\"last_name\":\"McKeon\",\"gender\":\"Male\",\"address\":{\"street\":\"09 Milwaukee Crossing\",\"city\":\"Kraton\",\"country\":\"Indonesia\"}}","updated":"2021-12-14T23:15:43.375Z"}
{"customer_id":"C01036","email":"dmckerrowfn@indiegogo.com","profile":"{\"first_name\":\"Dyanne\",\"last_name\":\"McKerrow\",\"gender\":\"Female\",\"address\":{\"street\":\"11004 Grim Circle\",\"city\":\"Vĩnh Thuận\",\"country\":\"Vietnam\"}}","updated":"2021-12-14T23:15:43.375Z"}
{"customer_id":"C01037","email":"cmckillop5i@usnews.com","profile":"{\"first_name\":\"Charlie\",\"last_name\":\"McKillop\",\"gender\":\"Male\",\"address\":{\"street\":\"00 Merrick Way\",\"city\":\"Wan Yai\",\"country\":\"Thailand\"}}","updated":"2021-12-14T23:15:43.375Z"}
{"customer_id":"C01038","email":"bmckimmeyic@sun.com","profile":"{\"first_name\":\"Briant\",\"last_name\":\"McKimmey\",\"gender\":\"Male\",\"address\":{\"street\":\"46184 Fisk Avenue\",\"city\":\"Xingxi\",\"country\":\"China\"}}","updated":"2021-12-14T23:15:43.375Z"}
{"customer_id":"C01039","email":"mmckmurrienf@apache.org","profile":"{\"first_name\":\"Marion\",\"last_name\":\"McKmurrie\",\"gender\":\"Female\",\"address\":{\"street\":\"86061 Sherman Court\",\"city\":\"Guanli\",\"country\":\"China\"}}","updated":"2021-12-14T23:15:43.375Z"}
{"customer_id":"C01040","email":"cmckoyfk@umich.edu","profile":"{\"first_name\":\"Catha\",\"last_name\":\"McKoy\",\"gender\":\"Female\",\"address\":{\"street\":\"77 Valley Edge Drive\",\"city\":\"Castelnaudary\",\"country\":\"France\"}}","updated":"2021-12-14T23:15:43.375Z"}
{"customer_id":"C01041","profile":"{\"first_name\":\"Adriano\",\"last_name\":\"McLagain\",\"gender\":\"Male\",\"address\":{\"street\":\"2 Mifflin Circle\",\"city\":\"Binhe\",\"country\":\"China\"}}","updated":"2021-12-14T23:15:43.375Z"}
{"customer_id":"C01042","email":"amcleoid30@printfriendly.com","profile":"{\"first_name\":\"Anabel\",\"last_name\":\"McLeoid\",\"gender\":\"Female\",\"address\":{\"street\":\"7314 Prairie Rose Hill\",\"city\":\"Pueai Noi\",\"country\":\"Thailand\"}}","updated":"2021-12-14T23:15:43.375Z"}
{"customer_id":"C01043","email":"emcmillan5c@tuttocitta.it","profile":"{\"first_name\":\"Early\",\"last_name\":\"McMillan\",\"gender\":\"Male\",\"address\":{\"street\":\"49 Delaware Circle\",\"city\":\"Jatirogo\",\"country\":\"Indonesia\"}}","updated":"2021-12-14T23:15:43.375Z"}
{"customer_id":"C01044","email":"mmcnaeif@liveinternet.ru","profile":"{\"first_name\":\"Marget\",\"last_name\":\"McNae\",\"gender\":\"Non-binary\",\"address\":{\"street\":\"0978 Center Park\",\"city\":\"Longxi\",\"country\":\"China\"}}","updated":"2021-12-14T23:15:43.375Z"}
{"customer_id":"C01045","email":"rmcnameehn@nba.com","profile":"{\"first_name\":\"Ruben\",\"last_name\":\"McNamee\",\"gender\":\"Male\",\"address\":{\"street\":\"1 Corscot Place\",\"city\":\"Åkersberga\",\"country\":\"Sweden\"}}","updated":"2021-12-14T23:15:43.375Z"}
{"customer_id":"C01046","email":"amcnysche1v@gravatar.com","profile":"{\"first_name\":\"Arlie\",\"last_name\":\"McNysche\",\"gender\":\"Female\",\"address\":{\"street\":\"289 Carioca Avenue\",\"city\":\"Turt\",\"country\":\"Mongolia\"}}","updated":"2021-12-14T23:15:43.375Z"}
{"customer_id":"C01047","email":"tmcpaikrr@infoseek.co.jp","profile":"{\"first_name\":\"Talya\",\"last_name\":\"McPaik\",\"gender\":\"Female\",\"address\":{\"street\":\"5 Sommers Terrace\",\"city\":\"Barnaul\",\"country\":\"Russia\"}}","updated":"2021-12-14T23:15:43.375Z"}
{"customer_id":"C01048","email":"cmcreidya5@opera.com","profile":"{\"first_name\":\"Cissiee\",\"last_name\":\"McReidy\",\"gender\":\"Female\",\"address\":{\"street\":\"962 Tennyson Avenue\",\"city\":\"Vila Nova de Gaia\",\"country\":\"Portugal\"}}","updated":"2021-12-14T23:15:43.375Z"}
{"customer_id":"C01049","email":"fmcruvieju@sphinn.com","profile":"{\"first_name\":\"Filmer\",\"last_name\":\"McRuvie\",\"gender\":\"Male\",\"address\":{\"street\":\"224 Sheridan Lane\",\"city\":\"Lere\",\"country\":\"Nigeria\"}}","updated":"2021-12-14T23:15:43.375Z"}
{"customer_id":"C01050","email":"dmcshirie70@salon.com","profile":"{\"first_name\":\"Delora\",\"last_name\":\"McShirie\",\"gender\":\"Female\",\"address\":{\"street\":\"85 Basil Drive\",\"city\":\"Nantes\",\"country\":\"France\"}}","updated":"2021-12-14T23:15:43.375Z"}
{"customer_id":"C01051","email":"gmcturleyb4@ycombinator.com","profile":"{\"first_name\":\"Granny\",\"last_name\":\"McTurley\",\"gender\":\"Male\",\"address\":{\"street\":\"302 Schiller Pass\",\"city\":\"Krajan Gajahmati\",\"country\":\"Indonesia\"}}","updated":"2021-12-14T23:15:43.375Z"}
{"customer_id":"C01052","profile":"{\"first_name\":\"Caterina\",\"last_name\":\"McUre\",\"gender\":\"Female\",\"address\":{\"street\":\"288 Mosinee Place\",\"city\":\"La Esperanza\",\"country\":\"Honduras\"}}","updated":"2021-12-14T23:15:43.375Z"}
{"customer_id":"C01053","profile":"{\"first_name\":\"Bria\",\"last_name\":\"McVitie\",\"gender\":\"Female\",\"address\":{\"street\":\"1262 Stone Corner Crossing\",\"city\":\"Shulan\",\"country\":\"China\"}}","updated":"2021-12-14T23:15:43.375Z"}
{"customer_id":"C01054","profile":"{\"first_name\":\"Arlin\",\"last_name\":\"Meaddowcroft\",\"gender\":\"Male\",\"address\":{\"street\":\"809 Oneill Place\",\"city\":\"Zliten\",\"country\":\"Libya\"}}","updated":"2021-12-14T23:15:43.375Z"}
{"customer_id":"C01055","profile":"{\"first_name\":\"Morganica\",\"last_name\":\"Mecco\",\"gender\":\"Female\",\"address\":{\"street\":\"9 Oak Park\",\"city\":\"Kirkland Lake\",\"country\":\"Canada\"}}","updated":"2021-12-14T23:15:43.375Z"}
{"customer_id":"C01056","profile":"{\"first_name\":\"Marietta\",\"last_name\":\"Megarry\",\"gender\":\"Male\",\"address\":{\"street\":\"9091 Maple Wood Parkway\",\"city\":\"Lingyuan\",\"country\":\"China\"}}","updated":"2021-12-14T23:15:43.375Z"}
{"customer_id":"C01057","email":"rmeharg4q@wikimedia.org","profile":"{\"first_name\":\"Raffaello\",\"last_name\":\"Meharg\",\"gender\":\"Non-binary\",\"address\":{\"street\":\"43 Petterle Court\",\"city\":\"Bultfontein\",\"country\":\"South Africa\"}}","updated":"2021-12-14T23:15:43.375Z"}
{"customer_id":"C01058","email":"mmeharrypf@photobucket.com","profile":"{\"first_name\":\"Marney\",\"last_name\":\"Meharry\",\"gender\":\"Female\",\"address\":{\"street\":\"0613 Stone Corner Point\",\"city\":\"Bundoran\",\"country\":\"Ireland\"}}","updated":"2021-12-14T23:15:43.375Z"}
{"customer_id":"C01059","profile":"{\"first_name\":\"Suellen\",\"last_name\":\"Meikle\",\"gender\":\"Female\",\"address\":{\"street\":\"3 Melvin Drive\",\"city\":\"Lukhovka\",\"country\":\"Russia\"}}","updated":"2021-12-14T23:15:43.375Z"}
{"customer_id":"C01060","email":"bmeinekingv@plala.or.jp","profile":"{\"first_name\":\"Blaire\",\"last_name\":\"Meineking\",\"gender\":\"Female\",\"address\":{\"street\":\"00742 Artisan Avenue\",\"city\":\"Póvoa de Santo António\",\"country\":\"Portugal\"}}","updated":"2021-12-14T23:15:43.375Z"}
{"customer_id":"C01061","profile":"{\"first_name\":\"Ramona\",\"last_name\":\"Meletti\",\"gender\":\"Female\",\"address\":{\"street\":\"110 Duke Avenue\",\"city\":\"Chợ Chu\",\"country\":\"Vietnam\"}}","updated":"2021-12-14T23:15:43.375Z"}
{"customer_id":"C01062","email":"rmelladew8x@tuttocitta.it","profile":"{\"first_name\":\"Rolland\",\"last_name\":\"Melladew\",\"gender\":\"Male\",\"address\":{\"street\":\"16 Mayer Center\",\"city\":\"Okinawa\",\"country\":\"Japan\"}}","updated":"2021-12-14T23:15:43.375Z"}
{"customer_id":"C01063","profile":"{\"first_name\":\"Hamel\",\"last_name\":\"Mellmoth\",\"gender\":\"Non-binary\",\"address\":{\"street\":\"67 Bartillon Crossing\",\"city\":\"Ježdovec\",\"country\":\"Croatia\"}}","updated":"2021-12-14T23:15:43.375Z"}
{"customer_id":"C01064","email":"hmenilovepa@facebook.com","profile":"{\"first_name\":\"Hildegaard\",\"last_name\":\"Menilove\",\"gender\":\"Female\",\"address\":{\"street\":\"70578 Utah Lane\",\"city\":\"Malbug\",\"country\":\"Philippines\"}}","updated":"2021-12-14T23:15:43.375Z"}
{"customer_id":"C01065","email":"rmerrgenb3@uol.com.br","profile":"{\"first_name\":\"Romeo\",\"last_name\":\"Merrgen\",\"gender\":\"Male\",\"address\":{\"street\":\"93702 Oriole Hill\",\"city\":\"Phichit\",\"country\":\"Thailand\"}}","updated":"2021-12-14T23:15:43.375Z"}
{"customer_id":"C01066","email":"rmerriton4y@issuu.com","profile":"{\"first_name\":\"Rosy\",\"last_name\":\"Merriton\",\"gender\":\"Female\",\"address\":{\"street\":\"00191 Anthes Place\",\"city\":\"Thị Trấn Việt Quang\",\"country\":\"Vietnam\"}}","updated":"2021-12-14T23:15:43.375Z"}
{"customer_id":"C01067","email":"mmerseyii@amazon.com","profile":"{\"first_name\":\"Merry\",\"last_name\":\"Mersey\",\"gender\":\"Female\",\"address\":{\"street\":\"98597 Village Green Center\",\"city\":\"Novodvinsk\",\"country\":\"Russia\"}}","updated":"2021-12-14T23:15:43.375Z"}
{"customer_id":"C01068","profile":"{\"first_name\":\"Isidro\",\"last_name\":\"Messent\",\"gender\":\"Polygender\",\"address\":{\"street\":\"4589 Sullivan Street\",\"city\":\"Thị Trấn Yên Thịnh\",\"country\":\"Vietnam\"}}","updated":"2021-12-14T23:15:43.375Z"}
{"customer_id":"C01069","email":"ymessitt7x@wunderground.com","profile":"{\"first_name\":\"Yorke\",\"last_name\":\"Messitt\",\"gender\":\"Male\",\"address\":{\"street\":\"7 Oxford Street\",\"city\":\"San Esteban\",\"country\":\"Honduras\"}}","updated":"2021-12-14T23:15:43.375Z"}
{"customer_id":"C01070","email":"lmeysk7@tamu.edu","profile":"{\"first_name\":\"Lelia\",\"last_name\":\"Meys\",\"gender\":\"Female\",\"address\":{\"street\":\"487 Melrose Pass\",\"city\":\"Olho Marinho\",\"country\":\"Portugal\"}}","updated":"2021-12-14T23:15:43.375Z"}
{"customer_id":"C01071","profile":"{\"first_name\":\"Boonie\",\"last_name\":\"Michele\",\"gender\":\"Male\",\"address\":{\"street\":\"22508 Lotheville Park\",\"city\":\"Fusheng\",\"country\":\"China\"}}","updated":"2021-12-14T23:15:43.375Z"}
{"customer_id":"C01072","profile":"{\"first_name\":\"Jourdain\",\"last_name\":\"Michurin\",\"gender\":\"Male\",\"address\":{\"street\":\"4709 Summit Road\",\"city\":\"Wanmu\",\"country\":\"China\"}}","updated":"2021-12-14T23:15:43.375Z"}
{"customer_id":"C01073","email":"jmiddlebrook0@shutterfly.com","profile":"{\"first_name\":\"Jo-anne\",\"last_name\":\"Middlebrook\",\"gender\":\"Genderqueer\",\"address\":{\"street\":\"52581 Springs Point\",\"city\":\"Lamont\",\"country\":\"Canada\"}}","updated":"2021-12-14T23:15:43.375Z"}
{"customer_id":"C01074","email":"jmiddlemistao@yandex.ru","profile":"{\"first_name\":\"Jillana\",\"last_name\":\"Middlemist\",\"gender\":\"Female\",\"address\":{\"street\":\"0 Moose Alley\",\"city\":\"Buk\",\"country\":\"Poland\"}}","updated":"2021-12-14T23:15:43.375Z"}
{"customer_id":"C01075","email":"dmignotkz@google.ru","profile":"{\"first_name\":\"Delbert\",\"last_name\":\"Mignot\",\"gender\":\"Male\",\"address\":{\"street\":\"587 4th Point\",\"city\":\"Sunan\",\"country\":\"North Korea\"}}","updated":"2021-12-14T23:15:43.375Z"}
{"customer_id":"C01076","email":"jmilbourneqc@paypal.com","profile":"{\"first_name\":\"Jaclyn\",\"last_name\":\"Milbourne\",\"gender\":\"Female\",\"address\":{\"street\":\"68 Algoma Pass\",\"city\":\"Huaqiao\",\"country\":\"China\"}}","updated":"2021-12-14T23:15:43.375Z"}
{"customer_id":"C01077","profile":"{\"first_name\":\"Westbrooke\",\"last_name\":\"Millett\",\"gender\":\"Male\",\"address\":{\"street\":\"602 Glacier Hill Parkway\",\"city\":\"South River\",\"country\":\"Canada\"}}","updated":"2021-12-14T23:15:43.375Z"}
{"customer_id":"C01078","profile":"{\"first_name\":\"Yelena\",\"last_name\":\"Minards\",\"gender\":\"Female\",\"address\":{\"street\":\"550 Ridgeway Circle\",\"city\":\"Ruda Maleniecka\",\"country\":\"Poland\"}}","updated":"2021-12-14T23:15:43.375Z"}
{"customer_id":"C01079","email":"rminchell21@macromedia.com","profile":"{\"first_name\":\"Ricardo\",\"last_name\":\"Minchell\",\"gender\":\"Male\",\"address\":{\"street\":\"509 Elka Point\",\"city\":\"Haninge\",\"country\":\"Sweden\"}}","updated":"2021-12-14T23:15:43.375Z"}
{"customer_id":"C01080","email":"dmingardidz@gizmodo.com","profile":"{\"first_name\":\"Desdemona\",\"last_name\":\"Mingardi\",\"gender\":\"Female\",\"address\":{\"street\":\"675 Montana Plaza\",\"city\":\"Krousón\",\"country\":\"Greece\"}}","updated":"2021-12-14T23:15:43.375Z"}
{"customer_id":"C01081","email":"dmisselbrookmi@imdb.com","profile":"{\"first_name\":\"Dotti\",\"last_name\":\"Misselbrook\",\"gender\":\"Female\",\"address\":{\"street\":\"94 North Park\",\"city\":\"Huadi\",\"country\":\"China\"}}","updated":"2021-12-14T23:15:43.375Z"}
{"customer_id":"C01082","profile":"{\"first_name\":\"Doe\",\"last_name\":\"Missington\",\"gender\":\"Female\",\"address\":{\"street\":\"49478 Kipling Place\",\"city\":\"Minusinsk\",\"country\":\"Russia\"}}","updated":"2021-12-14T23:15:43.375Z"}
{"customer_id":"C01083","email":"lmoakesg8@godaddy.com","profile":"{\"first_name\":\"Lemar\",\"last_name\":\"Moakes\",\"gender\":\"Male\",\"address\":{\"street\":\"2031 Larry Circle\",\"city\":\"Łysomice\",\"country\":\"Poland\"}}","updated":"2021-12-14T23:15:43.375Z"}
{"customer_id":"C01084","email":"bmoinek5@newsvine.com","profile":"{\"first_name\":\"Becca\",\"last_name\":\"Moine\",\"gender\":\"Female\",\"address\":{\"street\":\"28 Dwight Pass\",\"city\":\"Guandian\",\"country\":\"China\"}}","updated":"2021-12-14T23:15:43.375Z"}
{"customer_id":"C01085","profile":"{\"first_name\":\"Lina\",\"last_name\":\"Molder\",\"gender\":\"Female\",\"address\":{\"street\":\"90154 Buell Road\",\"city\":\"Kokologo\",\"country\":\"Burkina Faso\"}}","updated":"2021-12-14T23:15:43.375Z"}
{"customer_id":"C01086","email":"vmonahanrk@youtu.be","profile":"{\"first_name\":\"Valdemar\",\"last_name\":\"Monahan\",\"gender\":\"Male\",\"address\":{\"street\":\"00 Mariners Cove Center\",\"city\":\"Laspezia\",\"country\":\"Italy\"}}","updated":"2021-12-14T23:15:43.375Z"}
{"customer_id":"C01087","email":"gmonday4o@ebay.com","profile":"{\"first_name\":\"Gherardo\",\"last_name\":\"Monday\",\"gender\":\"Male\",\"address\":{\"street\":\"24 Prairieview Way\",\"city\":\"Santa Cruz\",\"country\":\"Peru\"}}","updated":"2021-12-14T23:15:43.375Z"}
{"customer_id":"C01088","email":"hmongain1h@networksolutions.com","profile":"{\"first_name\":\"Hermie\",\"last_name\":\"Mongain\",\"gender\":\"Male\",\"address\":{\"street\":\"0 Del Sol Court\",\"city\":\"Khvānsār\",\"country\":\"Iran\"}}","updated":"2021-12-14T23:15:43.375Z"}
{"customer_id":"C01089","profile":"{\"first_name\":\"Ilsa\",\"last_name\":\"Monsey\",\"gender\":\"Female\",\"address\":{\"street\":\"0029 Pennsylvania Street\",\"city\":\"Dziergowice\",\"country\":\"Poland\"}}","updated":"2021-12-14T23:15:43.375Z"}
{"customer_id":"C01090","profile":"{\"first_name\":\"Lyssa\",\"last_name\":\"Montrose\",\"gender\":\"Female\",\"address\":{\"street\":\"815 Linden Street\",\"city\":\"Minggang\",\"country\":\"China\"}}","updated":"2021-12-14T23:15:43.375Z"}
{"customer_id":"C01091","email":"lmooganjy@4shared.com","profile":"{\"first_name\":\"Lela\",\"last_name\":\"Moogan\",\"gender\":\"Female\",\"address\":{\"street\":\"99 Mandrake Court\",\"city\":\"Kinsale\",\"country\":\"Ireland\"}}","updated":"2021-12-14T23:15:43.375Z"}
{"customer_id":"C01092","profile":"{\"first_name\":\"Rudd\",\"last_name\":\"Moran\",\"gender\":\"Male\",\"address\":{\"street\":\"11059 Hansons Hill\",\"city\":\"Oslo\",\"country\":\"Norway\"}}","updated":"2021-12-14T23:15:43.375Z"}
{"customer_id":"C01093","email":"omordy69@ow.ly","profile":"{\"first_name\":\"Olvan\",\"last_name\":\"Mordy\",\"gender\":\"Male\",\"address\":{\"street\":\"3935 Anderson Point\",\"city\":\"Xiadian\",\"country\":\"China\"}}","updated":"2021-12-14T23:15:43.375Z"}
{"customer_id":"C01094","profile":"{\"first_name\":\"Trey\",\"last_name\":\"Mordy\",\"gender\":\"Male\",\"address\":{\"street\":\"53935 Westend Junction\",\"city\":\"Emiliano Zapata\",\"country\":\"Mexico\"}}","updated":"2021-12-14T23:15:43.375Z"}
{"customer_id":"C01095","email":"nmoreby2z@ning.com","profile":"{\"first_name\":\"Nola\",\"last_name\":\"Moreby\",\"gender\":\"Female\",\"address\":{\"street\":\"30008 Buell Place\",\"city\":\"Xingtan\",\"country\":\"China\"}}","updated":"2021-12-14T23:15:43.375Z"}
{"customer_id":"C01096","email":"cmorenobh@tinyurl.com","profile":"{\"first_name\":\"Clarabelle\",\"last_name\":\"Moreno\",\"gender\":\"Female\",\"address\":{\"street\":\"18 Mesta Circle\",\"city\":\"Ruo\",\"country\":\"Micronesia\"}}","updated":"2021-12-14T23:15:43.375Z"}
{"customer_id":"C01097","profile":"{\"first_name\":\"Joline\",\"last_name\":\"Morey\",\"gender\":\"Female\",\"address\":{\"street\":\"87 Almo Crossing\",\"city\":\"Ullulluco\",\"country\":\"Peru\"}}","updated":"2021-12-14T23:15:43.375Z"}
{"customer_id":"C01098","profile":"{\"first_name\":\"Robin\",\"last_name\":\"Morison\",\"gender\":\"Bigender\",\"address\":{\"street\":\"6512 Mockingbird Drive\",\"city\":\"Taytay\",\"country\":\"Philippines\"}}","updated":"2021-12-14T23:15:43.375Z"}
{"customer_id":"C01099","profile":"{\"first_name\":\"Nefen\",\"last_name\":\"Morphet\",\"gender\":\"Non-binary\",\"address\":{\"street\":\"72035 Mcbride Place\",\"city\":\"Astana\",\"country\":\"Kazakhstan\"}}","updated":"2021-12-14T23:15:43.375Z"}
{"customer_id":"C01100","email":"tmorrowe7m@reddit.com","profile":"{\"first_name\":\"Terencio\",\"last_name\":\"Morrowe\",\"gender\":\"Male\",\"address\":{\"street\":\"77333 Ridge Oak Court\",\"city\":\"Takarazuka\",\"country\":\"Japan\"}}","updated":"2021-12-14T23:15:43.375Z"}
{"customer_id":"C01101","email":"umostyn9v@macromedia.com","profile":"{\"first_name\":\"Ursulina\",\"last_name\":\"Mostyn\",\"gender\":\"Female\",\"address\":{\"street\":\"457 Brown Plaza\",\"city\":\"Nonohonis\",\"country\":\"Indonesia\"}}","updated":"2021-12-14T23:15:43.375Z"}
{"customer_id":"C01102","email":"omoubrayf9@archive.org","profile":"{\"first_name\":\"Osmond\",\"last_name\":\"Moubray\",\"gender\":\"Male\",\"address\":{\"street\":\"4 Crescent Oaks Crossing\",\"city\":\"Tulungagung\",\"country\":\"Indonesia\"}}","updated":"2021-12-14T23:15:43.375Z"}
{"customer_id":"C01103","email":"gmougeot1f@irs.gov","profile":"{\"first_name\":\"Goldarina\",\"last_name\":\"Mougeot\",\"gender\":\"Female\",\"address\":{\"street\":\"1 Coolidge Way\",\"city\":\"Jiangkou\",\"country\":\"China\"}}","updated":"2021-12-14T23:15:43.375Z"}
{"customer_id":"C01104","email":"emougin4e@nbcnews.com","profile":"{\"first_name\":\"Elysee\",\"last_name\":\"Mougin\",\"gender\":\"Female\",\"address\":{\"street\":\"491 Oak Valley Point\",\"city\":\"Mobara\",\"country\":\"Japan\"}}","updated":"2021-12-14T23:15:43.375Z"}
{"customer_id":"C01105","email":"rmould9b@netvibes.com","profile":"{\"first_name\":\"Raviv\",\"last_name\":\"Mould\",\"gender\":\"Male\",\"address\":{\"street\":\"56 Ryan Lane\",\"city\":\"Tualangcut\",\"country\":\"Indonesia\"}}","updated":"2021-12-14T23:15:43.375Z"}
{"customer_id":"C01106","profile":"{\"first_name\":\"Sergei\",\"last_name\":\"Moulding\",\"gender\":\"Genderqueer\",\"address\":{\"street\":\"7637 Nelson Circle\",\"city\":\"Serra\",\"country\":\"Brazil\"}}","updated":"2021-12-14T23:15:43.375Z"}
{"customer_id":"C01107","email":"wmowenqh@blogspot.com","profile":"{\"first_name\":\"Ware\",\"last_name\":\"Mowen\",\"gender\":\"Male\",\"address\":{\"street\":\"5 Westend Center\",\"city\":\"Gangbian\",\"country\":\"China\"}}","updated":"2021-12-14T23:15:43.375Z"}
{"customer_id":"C01108","profile":"{\"first_name\":\"Bobina\",\"last_name\":\"Mowle\",\"gender\":\"Female\",\"address\":{\"street\":\"58 Pond Pass\",\"city\":\"La Oroya\",\"country\":\"Peru\"}}","updated":"2021-12-14T23:15:43.375Z"}
{"customer_id":"C01109","profile":"{\"first_name\":\"Brnaba\",\"last_name\":\"Mowne\",\"gender\":\"Male\",\"address\":{\"street\":\"9515 Nobel Avenue\",\"city\":\"Drammen\",\"country\":\"Norway\"}}","updated":"2021-12-14T23:15:43.375Z"}
{"customer_id":"C01110","profile":"{\"first_name\":\"Lise\",\"last_name\":\"Mowsdell\",\"gender\":\"Female\",\"address\":{\"street\":\"3172 Holmberg Court\",\"city\":\"Gaofeng\",\"country\":\"China\"}}","updated":"2021-12-14T23:15:43.375Z"}
{"customer_id":"C01111","email":"mmoxsomap@over-blog.com","profile":"{\"first_name\":\"Miquela\",\"last_name\":\"Moxsom\",\"gender\":\"Female\",\"address\":{\"street\":\"773 Macpherson Street\",\"city\":\"Teluksantong\",\"country\":\"Indonesia\"}}","updated":"2021-12-14T23:15:43.375Z"}
{"customer_id":"C01112","email":"imoyes1w@godaddy.com","profile":"{\"first_name\":\"Irvine\",\"last_name\":\"Moyes\",\"gender\":\"Male\",\"address\":{\"street\":\"243 Delladonna Park\",\"city\":\"Bălţi\",\"country\":\"Moldova\"}}","updated":"2021-12-14T23:15:43.375Z"}
{"customer_id":"C01113","email":"fmucillodx@fema.gov","profile":"{\"first_name\":\"Felicle\",\"last_name\":\"Mucillo\",\"gender\":\"Non-binary\",\"address\":{\"street\":\"9994 Bartelt Center\",\"city\":\"Taoyuan\",\"country\":\"China\"}}","updated":"2021-12-14T23:15:43.375Z"}
{"customer_id":"C01114","email":"nmullarkey8z@yolasite.com","profile":"{\"first_name\":\"Neal\",\"last_name\":\"Mullarkey\",\"gender\":\"Male\",\"address\":{\"street\":\"2 Dayton Park\",\"city\":\"Pulopaya\",\"country\":\"Indonesia\"}}","updated":"2021-12-14T23:15:43.375Z"}
{"customer_id":"C01115","email":"hmunnion44@dyndns.org","profile":"{\"first_name\":\"Homere\",\"last_name\":\"Munnion\",\"gender\":\"Male\",\"address\":{\"street\":\"18 Twin Pines Circle\",\"city\":\"San Rafael Abajo\",\"country\":\"Costa Rica\"}}","updated":"2021-12-14T23:15:43.375Z"}
{"customer_id":"C01116","profile":"{\"first_name\":\"Dennison\",\"last_name\":\"Munt\",\"gender\":\"Male\",\"address\":{\"street\":\"79753 Fulton Junction\",\"city\":\"Gonça\",\"country\":\"Portugal\"}}","updated":"2021-12-14T23:15:43.375Z"}
{"customer_id":"C01117","email":"hmussallils@miibeian.gov.cn","profile":"{\"first_name\":\"Hermann\",\"last_name\":\"Mussalli\",\"gender\":\"Male\",\"address\":{\"street\":\"82287 Jay Drive\",\"city\":\"Latung\",\"country\":\"Philippines\"}}","updated":"2021-12-14T23:15:43.375Z"}
{"customer_id":"C01118","profile":"{\"first_name\":\"Hendrick\",\"last_name\":\"Muzzullo\",\"gender\":\"Male\",\"address\":{\"street\":\"070 Rutledge Alley\",\"city\":\"Puncan\",\"country\":\"Philippines\"}}","updated":"2021-12-14T23:15:43.375Z"}
{"customer_id":"C01119","email":"cnaerup1u@spotify.com","profile":"{\"first_name\":\"Chuck\",\"last_name\":\"Naerup\",\"gender\":\"Male\",\"address\":{\"street\":\"1834 Burrows Circle\",\"city\":\"Pilar\",\"country\":\"Paraguay\"}}","updated":"2021-12-14T23:15:43.375Z"}
{"customer_id":"C01120","email":"cnairn2f@creativecommons.org","profile":"{\"first_name\":\"Carrissa\",\"last_name\":\"Nairn\",\"gender\":\"Female\",\"address\":{\"street\":\"51819 Pierstorff Crossing\",\"city\":\"Lyntupy\",\"country\":\"Belarus\"}}","updated":"2021-12-14T23:15:43.375Z"}
{"customer_id":"C01121","email":"dnanihz@nih.gov","profile":"{\"first_name\":\"Deanne\",\"last_name\":\"Nani\",\"gender\":\"Female\",\"address\":{\"street\":\"6284 Acker Avenue\",\"city\":\"Gazanjyk\",\"country\":\"Turkmenistan\"}}","updated":"2021-12-14T23:15:43.375Z"}
{"customer_id":"C01122","profile":"{\"first_name\":\"Fiorenze\",\"last_name\":\"Nare\",\"gender\":\"Female\",\"address\":{\"street\":\"39 Brown Terrace\",\"city\":\"Mayrtup\",\"country\":\"Russia\"}}","updated":"2021-12-14T23:15:43.375Z"}
{"customer_id":"C01123","email":"jnasongi@apache.org","profile":"{\"first_name\":\"Jobina\",\"last_name\":\"Nason\",\"gender\":\"Female\",\"address\":{\"street\":\"64124 Loomis Park\",\"city\":\"Watulumbung\",\"country\":\"Indonesia\"}}","updated":"2021-12-14T23:15:43.375Z"}
{"customer_id":"C01124","profile":"{\"first_name\":\"Johny\",\"last_name\":\"Nattrass\",\"gender\":\"Male\",\"address\":{\"street\":\"05145 Vahlen Street\",\"city\":\"Chimboy Shahri\",\"country\":\"Uzbekistan\"}}","updated":"2021-12-14T23:15:43.375Z"}
{"customer_id":"C01125","email":"cneavesbk@unicef.org","profile":"{\"first_name\":\"Charleen\",\"last_name\":\"Neaves\",\"gender\":\"Female\",\"address\":{\"street\":\"26734 Killdeer Hill\",\"city\":\"Longxi\",\"country\":\"China\"}}","updated":"2021-12-14T23:15:43.375Z"}
{"customer_id":"C01126","email":"jnehlsmq@joomla.org","profile":"{\"first_name\":\"Jesse\",\"last_name\":\"Nehls\",\"gender\":\"Female\",\"address\":{\"street\":\"4984 Blue Bill Park Court\",\"city\":\"Patsi\",\"country\":\"Comoros\"}}","updated":"2021-12-14T23:15:43.375Z"}
{"customer_id":"C01127","profile":"{\"first_name\":\"Crosby\",\"last_name\":\"Nesbit\",\"gender\":\"Male\",\"address\":{\"street\":\"4 Hanson Circle\",\"city\":\"Dongqu\",\"country\":\"China\"}}","updated":"2021-12-14T23:15:43.375Z"}
{"customer_id":"C01128","email":"cneubigging9w@eepurl.com","profile":"{\"first_name\":\"Channa\",\"last_name\":\"Neubigging\",\"gender\":\"Female\",\"address\":{\"street\":\"7806 Stoughton Street\",\"city\":\"Naawan\",\"country\":\"Philippines\"}}","updated":"2021-12-14T23:15:43.375Z"}
{"customer_id":"C01129","email":"anewvellr5@posterous.com","profile":"{\"first_name\":\"Angy\",\"last_name\":\"Newvell\",\"gender\":\"Female\",\"address\":{\"street\":\"58506 Bultman Pass\",\"city\":\"Klenica\",\"country\":\"Poland\"}}","updated":"2021-12-14T23:15:43.375Z"}
{"customer_id":"C01130","profile":"{\"first_name\":\"Erna\",\"last_name\":\"Nichols\",\"gender\":\"Female\",\"address\":{\"street\":\"67 Quincy Center\",\"city\":\"Kota Kinabalu\",\"country\":\"Malaysia\"}}","updated":"2021-12-14T23:15:43.375Z"}
{"customer_id":"C01131","email":"cnixcu@etsy.com","profile":"{\"first_name\":\"Cody\",\"last_name\":\"Nix\",\"gender\":\"Female\",\"address\":{\"street\":\"7183 Shelley Place\",\"city\":\"Pergamino\",\"country\":\"Argentina\"}}","updated":"2021-12-14T23:15:43.375Z"}
{"customer_id":"C01132","profile":"{\"first_name\":\"Janeen\",\"last_name\":\"Nizard\",\"gender\":\"Polygender\",\"address\":{\"street\":\"19 Elgar Junction\",\"city\":\"Moneague\",\"country\":\"Jamaica\"}}","updated":"2021-12-14T23:15:43.375Z"}
{"customer_id":"C01133","email":"vnoden7a@xinhuanet.com","profile":"{\"first_name\":\"Vance\",\"last_name\":\"Noden\",\"gender\":\"Male\",\"address\":{\"street\":\"160 Jackson Way\",\"city\":\"Velyki Mezhyrichi\",\"country\":\"Ukraine\"}}","updated":"2021-12-14T23:15:43.375Z"}
{"customer_id":"C01134","email":"rnodesje@amazon.co.uk","profile":"{\"first_name\":\"Reinald\",\"last_name\":\"Nodes\",\"gender\":\"Male\",\"address\":{\"street\":\"18756 South Circle\",\"city\":\"Rimouski\",\"country\":\"Canada\"}}","updated":"2021-12-14T23:15:43.375Z"}
{"customer_id":"C01135","email":"jnolanit@pen.io","profile":"{\"first_name\":\"Jennine\",\"last_name\":\"Nolan\",\"gender\":\"Female\",\"address\":{\"street\":\"86 Jackson Circle\",\"city\":\"Manuel Roxas\",\"country\":\"Philippines\"}}","updated":"2021-12-14T23:15:43.375Z"}
{"customer_id":"C01136","email":"enormingtoncg@godaddy.com","profile":"{\"first_name\":\"Elsinore\",\"last_name\":\"Normington\",\"gender\":\"Female\",\"address\":{\"street\":\"41557 Pepper Wood Lane\",\"city\":\"Huangjindong\",\"country\":\"China\"}}","updated":"2021-12-14T23:15:43.375Z"}
{"customer_id":"C01137","email":"snorthern22@tiny.cc","profile":"{\"first_name\":\"Shell\",\"last_name\":\"Northern\",\"gender\":\"Female\",\"address\":{\"street\":\"6 La Follette Way\",\"city\":\"Dongzaogang\",\"country\":\"China\"}}","updated":"2021-12-14T23:15:43.375Z"}
{"customer_id":"C01138","profile":"{\"first_name\":\"Josi\",\"last_name\":\"Northfield\",\"gender\":\"Female\",\"address\":{\"street\":\"78608 Prairie Rose Center\",\"city\":\"Henglan\",\"country\":\"China\"}}","updated":"2021-12-14T23:15:43.375Z"}
{"customer_id":"C01139","profile":"{\"first_name\":\"Jasmin\",\"last_name\":\"Northleigh\",\"gender\":\"Female\",\"address\":{\"street\":\"3140 Twin Pines Court\",\"city\":\"Jiangxiangzhen\",\"country\":\"China\"}}","updated":"2021-12-14T23:15:43.375Z"}
{"customer_id":"C01140","email":"vnossentfh@sciencedaily.com","profile":"{\"first_name\":\"Vitoria\",\"last_name\":\"Nossent\",\"gender\":\"Female\",\"address\":{\"street\":\"2818 Sugar Circle\",\"city\":\"Depok\",\"country\":\"Indonesia\"}}","updated":"2021-12-14T23:15:43.375Z"}
{"customer_id":"C01141","profile":"{\"first_name\":\"Kellia\",\"last_name\":\"Nottingham\",\"gender\":\"Female\",\"address\":{\"street\":\"76 Lyons Junction\",\"city\":\"Pukkila\",\"country\":\"Finland\"}}","updated":"2021-12-14T23:15:43.375Z"}
{"customer_id":"C01142","profile":"{\"first_name\":\"Frasquito\",\"last_name\":\"O' Borne\",\"gender\":\"Non-binary\",\"address\":{\"street\":\"00400 Commercial Crossing\",\"city\":\"Nyachera\",\"country\":\"Uganda\"}}","updated":"2021-12-14T23:15:43.375Z"}
{"customer_id":"C01143","email":"oocalleranhv@usda.gov","profile":"{\"first_name\":\"Ogdon\",\"last_name\":\"O'Calleran\",\"gender\":\"Male\",\"address\":{\"street\":\"3852 Mcguire Drive\",\"city\":\"Thành Phố Phủ Lý\",\"country\":\"Vietnam\"}}","updated":"2021-12-14T23:15:43.375Z"}
{"customer_id":"C01144","email":"docorrin7v@cbslocal.com","profile":"{\"first_name\":\"Deonne\",\"last_name\":\"O'Corrin\",\"gender\":\"Female\",\"address\":{\"street\":\"14 Doe Crossing Hill\",\"city\":\"Shiyan\",\"country\":\"China\"}}","updated":"2021-12-14T23:15:43.375Z"}
{"customer_id":"C01145","email":"cocrevan56@ucoz.com","profile":"{\"first_name\":\"Corina\",\"last_name\":\"O'Crevan\",\"gender\":\"Female\",\"address\":{\"street\":\"7 Westport Park\",\"city\":\"Amānzī\",\"country\":\"Afghanistan\"}}","updated":"2021-12-14T23:15:43.375Z"}
{"customer_id":"C01146","email":"rocrigannn@usnews.com","profile":"{\"first_name\":\"Raleigh\",\"last_name\":\"O'Crigan\",\"gender\":\"Male\",\"address\":{\"street\":\"85480 Talisman Parkway\",\"city\":\"Pandangan Kulon\",\"country\":\"Indonesia\"}}","updated":"2021-12-14T23:15:43.375Z"}
{"customer_id":"C01147","email":"eoferrisku@independent.co.uk","profile":"{\"first_name\":\"Eadith\",\"last_name\":\"O'Ferris\",\"gender\":\"Female\",\"address\":{\"street\":\"2 2nd Parkway\",\"city\":\"Karolino-Buhaz\",\"country\":\"Ukraine\"}}","updated":"2021-12-14T23:15:43.375Z"}
{"customer_id":"C01148","profile":"{\"first_name\":\"Marti\",\"last_name\":\"O'Hannen\",\"gender\":\"Female\",\"address\":{\"street\":\"449 Ohio Court\",\"city\":\"Bantuanon\",\"country\":\"Philippines\"}}","updated":"2021-12-14T23:15:43.375Z"}
{"customer_id":"C01149","email":"mohern6q@angelfire.com","profile":"{\"first_name\":\"Murray\",\"last_name\":\"O'Hern\",\"gender\":\"Male\",\"address\":{\"street\":\"181 Dovetail Junction\",\"city\":\"Banqiao\",\"country\":\"China\"}}","updated":"2021-12-14T23:15:43.375Z"}
{"customer_id":"C01150","profile":"{\"first_name\":\"Natale\",\"last_name\":\"O'Luby\",\"gender\":\"Male\",\"address\":{\"street\":\"3 Reinke Place\",\"city\":\"Oshawa\",\"country\":\"Canada\"}}","updated":"2021-12-14T23:15:43.375Z"}
{"customer_id":"C01151","email":"lonearyai@jalbum.net","profile":"{\"first_name\":\"Lulita\",\"last_name\":\"O'Neary\",\"gender\":\"Female\",\"address\":{\"street\":\"647 Logan Way\",\"city\":\"Baklashi\",\"country\":\"Russia\"}}","updated":"2021-12-14T23:15:43.375Z"}
{"customer_id":"C01152","email":"mosheilds9x@ning.com","profile":"{\"first_name\":\"Marjorie\",\"last_name\":\"O'Sheilds\",\"gender\":\"Female\",\"address\":{\"street\":\"59 Autumn Leaf Drive\",\"city\":\"Almargem do Bispo\",\"country\":\"Portugal\"}}","updated":"2021-12-14T23:15:43.375Z"}
{"customer_id":"C01153","profile":"{\"first_name\":\"Sybilla\",\"last_name\":\"O'Shirine\",\"gender\":\"Female\",\"address\":{\"street\":\"34238 Northwestern Place\",\"city\":\"Okinawa\",\"country\":\"Japan\"}}","updated":"2021-12-14T23:15:43.375Z"}
{"customer_id":"C01154","email":"eoade9w@etsy.com","profile":"{\"first_name\":\"Elia\",\"last_name\":\"Oade\",\"gender\":\"Male\",\"address\":{\"street\":\"94 Declaration Center\",\"city\":\"Mari\",\"country\":\"Brazil\"}}","updated":"2021-12-14T23:15:43.375Z"}
{"customer_id":"C01155","email":"cocklin90@msn.com","profile":"{\"first_name\":\"Chase\",\"last_name\":\"Ocklin\",\"gender\":\"Male\",\"address\":{\"street\":\"18649 Hansons Avenue\",\"city\":\"Jendouba\",\"country\":\"Tunisia\"}}","updated":"2021-12-14T23:15:43.375Z"}
{"customer_id":"C01156","email":"aodeson6t@vistaprint.com","profile":"{\"first_name\":\"Amelie\",\"last_name\":\"Odeson\",\"gender\":\"Female\",\"address\":{\"street\":\"300 Oriole Avenue\",\"city\":\"Hanghuadian\",\"country\":\"China\"}}","updated":"2021-12-14T23:15:43.375Z"}
{"customer_id":"C01157","profile":"{\"first_name\":\"Jorey\",\"last_name\":\"Offill\",\"gender\":\"Agender\",\"address\":{\"street\":\"81902 Towne Plaza\",\"city\":\"Pingshan\",\"country\":\"China\"}}","updated":"2021-12-14T23:15:43.375Z"}
{"customer_id":"C01158","email":"moffnerkb@tumblr.com","profile":"{\"first_name\":\"Madelina\",\"last_name\":\"Offner\",\"gender\":\"Female\",\"address\":{\"street\":\"08 Pleasure Terrace\",\"city\":\"Winong\",\"country\":\"Indonesia\"}}","updated":"2021-12-14T23:15:43.375Z"}
{"customer_id":"C01159","email":"sogglebie3y@simplemachines.org","profile":"{\"first_name\":\"Sheppard\",\"last_name\":\"Ogglebie\",\"gender\":\"Agender\",\"address\":{\"street\":\"4923 Nova Alley\",\"city\":\"Changsha\",\"country\":\"China\"}}","updated":"2021-12-14T23:15:43.375Z"}
{"customer_id":"C01160","email":"gokieej@arizona.edu","profile":"{\"first_name\":\"Graham\",\"last_name\":\"Okie\",\"gender\":\"Male\",\"address\":{\"street\":\"63 Muir Road\",\"city\":\"Megalochórion\",\"country\":\"Greece\"}}","updated":"2021-12-14T23:15:43.375Z"}
{"customer_id":"C01161","email":"ookkerjl@desdev.cn","profile":"{\"first_name\":\"Olympie\",\"last_name\":\"Okker\",\"gender\":\"Female\",\"address\":{\"street\":\"063 Leroy Circle\",\"city\":\"Slovenj Gradec\",\"country\":\"Slovenia\"}}","updated":"2021-12-14T23:15:43.375Z"}
{"customer_id":"C01162","email":"boldall5h@ft.com","profile":"{\"first_name\":\"Bran\",\"last_name\":\"Oldall\",\"gender\":\"Male\",\"address\":{\"street\":\"90 Bashford Terrace\",\"city\":\"Fox Creek\",\"country\":\"Canada\"}}","updated":"2021-12-14T23:15:43.375Z"}
{"customer_id":"C01163","email":"golivella9z@hhs.gov","profile":"{\"first_name\":\"Gil\",\"last_name\":\"Olivella\",\"gender\":\"Male\",\"address\":{\"street\":\"88342 Dakota Lane\",\"city\":\"Datagon\",\"country\":\"Philippines\"}}","updated":"2021-12-14T23:15:43.375Z"}
{"customer_id":"C01164","email":"eoliverpq@purevolume.com","profile":"{\"first_name\":\"Eilis\",\"last_name\":\"Oliver\",\"gender\":\"Female\",\"address\":{\"street\":\"3974 Prairieview Place\",\"city\":\"Jianling\",\"country\":\"China\"}}","updated":"2021-12-14T23:15:43.375Z"}
{"customer_id":"C01165","email":"holler19@google.co.uk","profile":"{\"first_name\":\"Hirsch\",\"last_name\":\"Oller\",\"gender\":\"Male\",\"address\":{\"street\":\"2515 Linden Terrace\",\"city\":\"Namibe\",\"country\":\"Angola\"}}","updated":"2021-12-14T23:15:43.375Z"}
{"customer_id":"C01166","email":"longe3w@walmart.com","profile":"{\"first_name\":\"Lucila\",\"last_name\":\"Onge\",\"gender\":\"Female\",\"address\":{\"street\":\"5 Eastlawn Plaza\",\"city\":\"Madolenihm Municipality Government\",\"country\":\"Micronesia\"}}","updated":"2021-12-14T23:15:43.375Z"}
{"customer_id":"C01167","profile":"{\"first_name\":\"Sayer\",\"last_name\":\"Onge\",\"gender\":\"Male\",\"address\":{\"street\":\"4105 Briar Crest Road\",\"city\":\"Sevilla\",\"country\":\"Spain\"}}","updated":"2021-12-14T23:15:43.375Z"}
{"customer_id":"C01168","email":"eonionspp@pagesperso-orange.fr","profile":"{\"first_name\":\"Earle\",\"last_name\":\"Onions\",\"gender\":\"Male\",\"address\":{\"street\":\"52 Ruskin Street\",\"city\":\"Milówka\",\"country\":\"Poland\"}}","updated":"2021-12-14T23:15:43.375Z"}
{"customer_id":"C01169","email":"fornelesct@google.com.hk","profile":"{\"first_name\":\"Fayth\",\"last_name\":\"Orneles\",\"gender\":\"Female\",\"address\":{\"street\":\"3746 Westridge Way\",\"city\":\"Pasacao\",\"country\":\"Philippines\"}}","updated":"2021-12-14T23:15:43.375Z"}
{"customer_id":"C01170","email":"sorpen4w@patch.com","profile":"{\"first_name\":\"Sydney\",\"last_name\":\"Orpen\",\"gender\":\"Male\",\"address\":{\"street\":\"166 Crest Line Trail\",\"city\":\"Ban Ratsada\",\"country\":\"Thailand\"}}","updated":"2021-12-14T23:15:43.375Z"}
{"customer_id":"C01171","email":"morrahik@twitter.com","profile":"{\"first_name\":\"Monika\",\"last_name\":\"Orrah\",\"gender\":\"Female\",\"address\":{\"street\":\"008 Marquette Place\",\"city\":\"Caxito\",\"country\":\"Angola\"}}","updated":"2021-12-14T23:15:43.375Z"}
{"customer_id":"C01172","email":"aosselton6i@pinterest.com","profile":"{\"first_name\":\"Andy\",\"last_name\":\"Osselton\",\"gender\":\"Male\",\"address\":{\"street\":\"62432 Doe Crossing Parkway\",\"city\":\"Porto-Novo\",\"country\":\"Benin\"}}","updated":"2021-12-14T23:15:43.375Z"}
{"customer_id":"C01173","profile":"{\"first_name\":\"Pris\",\"last_name\":\"Ostrich\",\"gender\":\"Female\",\"address\":{\"street\":\"3765 Lerdahl Way\",\"city\":\"Dunhao\",\"country\":\"China\"}}","updated":"2021-12-14T23:15:43.375Z"}
{"customer_id":"C01174","email":"fothenej@posterous.com","profile":"{\"first_name\":\"Fifi\",\"last_name\":\"Othen\",\"gender\":\"Female\",\"address\":{\"street\":\"28525 Sullivan Trail\",\"city\":\"Pakalongan\",\"country\":\"Indonesia\"}}","updated":"2021-12-14T23:15:43.375Z"}
{"customer_id":"C01175","profile":"{\"first_name\":\"Frederique\",\"last_name\":\"Outhwaite\",\"gender\":\"Female\",\"address\":{\"street\":\"7270 Nova Pass\",\"city\":\"Pangansalan\",\"country\":\"Indonesia\"}}","updated":"2021-12-14T23:15:43.375Z"}
{"customer_id":"C01176","email":"goverlandm2@globo.com","profile":"{\"first_name\":\"Gisele\",\"last_name\":\"Overland\",\"gender\":\"Female\",\"address\":{\"street\":\"65 Pepper Wood Circle\",\"city\":\"Chengguan\",\"country\":\"China\"}}","updated":"2021-12-14T23:15:43.375Z"}
{"customer_id":"C01177","email":"loverpool4h@epa.gov","profile":"{\"first_name\":\"Leah\",\"last_name\":\"Overpool\",\"gender\":\"Bigender\",\"address\":{\"street\":\"12 La Follette Trail\",\"city\":\"Karangtengah\",\"country\":\"Indonesia\"}}","updated":"2021-12-14T23:15:43.375Z"}
{"customer_id":"C01178","email":"moviseb5@ihg.com","profile":"{\"first_name\":\"Madelon\",\"last_name\":\"Ovise\",\"gender\":\"Female\",\"address\":{\"street\":\"554 Dahle Way\",\"city\":\"Iturama\",\"country\":\"Brazil\"}}","updated":"2021-12-14T23:15:43.375Z"}
{"customer_id":"C01179","email":"hoxbe3q@amazon.co.uk","profile":"{\"first_name\":\"Honor\",\"last_name\":\"Oxbe\",\"gender\":\"Female\",\"address\":{\"street\":\"88 Mitchell Parkway\",\"city\":\"Dimataling\",\"country\":\"Philippines\"}}","updated":"2021-12-14T23:15:43.375Z"}
{"customer_id":"C01180","profile":"{\"first_name\":\"Kimbra\",\"last_name\":\"Oxshott\",\"gender\":\"Female\",\"address\":{\"street\":\"23266 Jenifer Parkway\",\"city\":\"Heredia\",\"country\":\"Costa Rica\"}}","updated":"2021-12-14T23:15:43.375Z"}
{"customer_id":"C01181","email":"cpacken@nps.gov","profile":"{\"first_name\":\"Chandal\",\"last_name\":\"Pack\",\"gender\":\"Female\",\"address\":{\"street\":\"8 Maywood Junction\",\"city\":\"Ibeto\",\"country\":\"Nigeria\"}}","updated":"2021-12-14T23:15:43.375Z"}
{"customer_id":"C01182","email":"wpackhamh5@sogou.com","profile":"{\"first_name\":\"Wynne\",\"last_name\":\"Packham\",\"gender\":\"Female\",\"address\":{\"street\":\"60 Canary Park\",\"city\":\"Kamal\",\"country\":\"Indonesia\"}}","updated":"2021-12-14T23:15:43.375Z"}
{"customer_id":"C01183","email":"spaddelllj@cnbc.com","profile":"{\"first_name\":\"Sumner\",\"last_name\":\"Paddell\",\"gender\":\"Male\",\"address\":{\"street\":\"93 Fordem Alley\",\"city\":\"Wincrange\",\"country\":\"Luxembourg\"}}","updated":"2021-12-14T23:15:43.375Z"}
{"customer_id":"C01184","email":"cpadulaab@guardian.co.uk","profile":"{\"first_name\":\"Caye\",\"last_name\":\"Padula\",\"gender\":\"Female\",\"address\":{\"street\":\"02183 Gale Crossing\",\"city\":\"Capalayan\",\"country\":\"Philippines\"}}","updated":"2021-12-14T23:15:43.375Z"}
{"customer_id":"C01185","email":"rpaffotjx@accuweather.com","profile":"{\"first_name\":\"Rianon\",\"last_name\":\"Paffot\",\"gender\":\"Female\",\"address\":{\"street\":\"112 Warrior Drive\",\"city\":\"Ndélé\",\"country\":\"Central African Republic\"}}","updated":"2021-12-14T23:15:43.375Z"}
{"customer_id":"C01186","profile":"{\"first_name\":\"Sigfried\",\"last_name\":\"Page\",\"gender\":\"Male\",\"address\":{\"street\":\"5702 Debs Point\",\"city\":\"Marinilla\",\"country\":\"Colombia\"}}","updated":"2021-12-14T23:15:43.375Z"}
{"customer_id":"C01187","profile":"{\"first_name\":\"Vlad\",\"last_name\":\"Paintain\",\"gender\":\"Male\",\"address\":{\"street\":\"32 Springs Road\",\"city\":\"Ōgaki\",\"country\":\"Japan\"}}","updated":"2021-12-14T23:15:43.375Z"}
{"customer_id":"C01188","email":"mpaireman4r@bloglovin.com","profile":"{\"first_name\":\"Magnum\",\"last_name\":\"Paireman\",\"gender\":\"Male\",\"address\":{\"street\":\"5521 Carberry Parkway\",\"city\":\"Chigasaki\",\"country\":\"Japan\"}}","updated":"2021-12-14T23:15:43.375Z"}
{"customer_id":"C01189","email":"spanea2@squidoo.com","profile":"{\"first_name\":\"Sonia\",\"last_name\":\"Pane\",\"gender\":\"Female\",\"address\":{\"street\":\"8 Amoth Street\",\"city\":\"Taznakht\",\"country\":\"Morocco\"}}","updated":"2021-12-14T23:15:43.375Z"}
{"customer_id":"C01190","email":"aparissp5@umich.edu","profile":"{\"first_name\":\"Alane\",\"last_name\":\"Pariss\",\"gender\":\"Female\",\"address\":{\"street\":\"9 Namekagon Way\",\"city\":\"Virginia Beach\",\"country\":\"United States\"}}","updated":"2021-12-14T23:15:43.375Z"}
{"customer_id":"C01191","email":"lparleyek@cocolog-nifty.com","profile":"{\"first_name\":\"Lorin\",\"last_name\":\"Parley\",\"gender\":\"Male\",\"address\":{\"street\":\"80768 Meadow Ridge Lane\",\"city\":\"Xiahan\",\"country\":\"China\"}}","updated":"2021-12-14T23:15:43.375Z"}
{"customer_id":"C01192","email":"opartletonax@soup.io","profile":"{\"first_name\":\"Olivia\",\"last_name\":\"Partleton\",\"gender\":\"Female\",\"address\":{\"street\":\"1319 Banding Hill\",\"city\":\"Hongjiang\",\"country\":\"China\"}}","updated":"2021-12-14T23:15:43.375Z"}
{"customer_id":"C01193","email":"spatersono5@newsvine.com","profile":"{\"first_name\":\"Stillman\",\"last_name\":\"Paterson\",\"gender\":\"Male\",\"address\":{\"street\":\"23375 Menomonie Way\",\"city\":\"Volodarsk\",\"country\":\"Russia\"}}","updated":"2021-12-14T23:15:43.375Z"}
{"customer_id":"C01194","profile":"{\"first_name\":\"Ella\",\"last_name\":\"Pauleit\",\"gender\":\"Female\",\"address\":{\"street\":\"09422 Grim Alley\",\"city\":\"Maodao\",\"country\":\"China\"}}","updated":"2021-12-14T23:15:43.375Z"}
{"customer_id":"C01195","email":"gpaullinb8@state.tx.us","profile":"{\"first_name\":\"Ginnifer\",\"last_name\":\"Paullin\",\"gender\":\"Female\",\"address\":{\"street\":\"93 Sommers Parkway\",\"city\":\"Józefosław\",\"country\":\"Poland\"}}","updated":"2021-12-14T23:15:43.375Z"}
{"customer_id":"C01196","profile":"{\"first_name\":\"Josi\",\"last_name\":\"Pavlovic\",\"gender\":\"Female\",\"address\":{\"street\":\"156 Fair Oaks Road\",\"city\":\"Shirokovskiy\",\"country\":\"Russia\"}}","updated":"2021-12-14T23:15:43.375Z"}
{"customer_id":"C01197","profile":"{\"first_name\":\"Malva\",\"last_name\":\"Peal\",\"gender\":\"Female\",\"address\":{\"street\":\"75 Southridge Place\",\"city\":\"Bastia\",\"country\":\"France\"}}","updated":"2021-12-14T23:15:43.375Z"}
{"customer_id":"C01198","email":"gpeat82@abc.net.au","profile":"{\"first_name\":\"Gerek\",\"last_name\":\"Peat\",\"gender\":\"Genderfluid\",\"address\":{\"street\":\"46838 Rusk Trail\",\"city\":\"Puerto Castilla\",\"country\":\"Honduras\"}}","updated":"2021-12-14T23:15:43.375Z"}
{"customer_id":"C01199","email":"dpechafi@spotify.com","profile":"{\"first_name\":\"Dolores\",\"last_name\":\"Pecha\",\"gender\":\"Female\",\"address\":{\"street\":\"19309 Weeping Birch Way\",\"city\":\"Colquechaca\",\"country\":\"Bolivia\"}}","updated":"2021-12-14T23:15:43.375Z"}
{"customer_id":"C01200","email":"lpeddarbe@freewebs.com","profile":"{\"first_name\":\"Levi\",\"last_name\":\"Peddar\",\"gender\":\"Male\",\"address\":{\"street\":\"0 Marcy Point\",\"city\":\"Yitulihe\",\"country\":\"China\"}}","updated":"2021-12-14T23:15:43.375Z"}