{"customer_id":"C01701","email":"jabbypf@webeden.co.uk","profile":"{\"first_name\":\"Jacquelyn\",\"last_name\":\"Abby\",\"gender\":\"Female\",\"address\":{\"street\":\"0 Elmside Court\",\"city\":\"Gornji Milanovac\",\"country\":\"Serbia\"}}","updated":"2022-09-14T23:39:06.531Z"}
{"customer_id":"C01702","email":"sabrahamssonpq@princeton.edu","profile":"{\"first_name\":\"Shellysheldon\",\"last_name\":\"Abrahamsson\",\"gender\":\"Male\",\"address\":{\"street\":\"76 Reinke Avenue\",\"city\":\"Phra Pradaeng\",\"country\":\"Thailand\"}}","updated":"2022-09-14T23:39:06.531Z"}
{"customer_id":"C01703","email":"jabreheartrb@usatoday.com","profile":"{\"first_name\":\"Joni\",\"last_name\":\"Abreheart\",\"gender\":\"Female\",\"address\":{\"street\":\"9256 Banding Way\",\"city\":\"Citambal\",\"country\":\"Indonesia\"}}","updated":"2022-09-14T23:39:06.531Z"}
{"customer_id":"C01704","email":"iadanph@digg.com","profile":"{\"first_name\":\"Isobel\",\"last_name\":\"Adan\",\"gender\":\"Female\",\"address\":{\"street\":\"073 Moulton Crossing\",\"city\":\"Vinsady\",\"country\":\"Russia\"}}","updated":"2022-09-14T23:39:06.531Z"}
{"customer_id":"C01705","profile":"{\"first_name\":\"Jules\",\"last_name\":\"Agnolo\",\"gender\":\"Male\",\"address\":{\"street\":\"067 Elka Center\",\"city\":\"Zhongzhang\",\"country\":\"China\"}}","updated":"2022-09-14T23:39:06.531Z"}
{"customer_id":"C01706","profile":"{\"first_name\":\"Keefer\",\"last_name\":\"Aish\",\"gender\":\"Male\",\"address\":{\"street\":\"615 Dahle Plaza\",\"city\":\"Léo\",\"country\":\"Burkina Faso\"}}","updated":"2022-09-14T23:39:06.531Z"}
{"customer_id":"C01707","profile":"{\"first_name\":\"Tome\",\"last_name\":\"Alcock\",\"gender\":\"Male\",\"address\":{\"street\":\"39195 Eastwood Lane\",\"city\":\"Zyuzino\",\"country\":\"Russia\"}}","updated":"2022-09-14T23:39:06.531Z"}
{"customer_id":"C01708","profile":"{\"first_name\":\"Valentino\",\"last_name\":\"Anespie\",\"gender\":\"Male\",\"address\":{\"street\":\"50 Corben Court\",\"city\":\"Khallat ad Dār\",\"country\":\"Palestinian Territory\"}}","updated":"2022-09-14T23:39:06.531Z"}
{"customer_id":"C01709","email":"larnouldn2@springer.com","profile":"{\"first_name\":\"Loren\",\"last_name\":\"Arnould\",\"gender\":\"Male\",\"address\":{\"street\":\"72024 John Wall Trail\",\"city\":\"Tha Uthen\",\"country\":\"Thailand\"}}","updated":"2022-09-14T23:39:06.531Z"}
{"customer_id":"C01710","email":"naubertq3@e-recht24.de","profile":"{\"first_name\":\"Nady\",\"last_name\":\"Aubert\",\"gender\":\"Female\",\"address\":{\"street\":\"01949 Macpherson Drive\",\"city\":\"Qiaolin\",\"country\":\"China\"}}","updated":"2022-09-14T23:39:06.531Z"}
{"customer_id":"C01711","email":"aaugarpi@columbia.edu","profile":"{\"first_name\":\"Arabela\",\"last_name\":\"Augar\",\"gender\":\"Female\",\"address\":{\"street\":\"56854 Raven Way\",\"city\":\"Yubileynyy\",\"country\":\"Russia\"}}","updated":"2022-09-14T23:39:06.531Z"}
{"customer_id":"C01712","profile":"{\"first_name\":\"Brigitte\",\"last_name\":\"Axford\",\"gender\":\"Female\",\"address\":{\"street\":\"3 Commercial Point\",\"city\":\"Ungus-Ungus\",\"country\":\"Philippines\"}}","updated":"2022-09-14T23:39:06.531Z"}
{"customer_id":"C01713","profile":"{\"first_name\":\"Ferdie\",\"last_name\":\"Balducci\",\"gender\":\"Male\",\"address\":{\"street\":\"6 Sugar Lane\",\"city\":\"Buenavista\",\"country\":\"Colombia\"}}","updated":"2022-09-14T23:39:06.531Z"}
{"customer_id":"C01714","email":"gbarendtsenqs@chronoengine.com","profile":"{\"first_name\":\"Gayel\",\"last_name\":\"Barendtsen\",\"gender\":\"Female\",\"address\":{\"street\":\"5103 8th Hill\",\"city\":\"Demba\",\"country\":\"Democratic Republic of the Congo\"}}","updated":"2022-09-14T23:39:06.531Z"}
{"customer_id":"C01715","email":"jbasern5@nsw.gov.au","profile":"{\"first_name\":\"Jacquie\",\"last_name\":\"Baser\",\"gender\":\"Female\",\"address\":{\"street\":\"44 Algoma Avenue\",\"city\":\"Santa Eulalia\",\"country\":\"Peru\"}}","updated":"2022-09-14T23:39:06.531Z"}
{"customer_id":"C01716","email":"bbensteadr4@1und1.de","profile":"{\"first_name\":\"Bellina\",\"last_name\":\"Benstead\",\"gender\":\"Female\",\"address\":{\"street\":\"408 Kinsman Court\",\"city\":\"Hongyuan\",\"country\":\"China\"}}","updated":"2022-09-14T23:39:06.531Z"}
{"customer_id":"C01717","email":"eberingernv@washington.edu","profile":"{\"first_name\":\"Emmery\",\"last_name\":\"Beringer\",\"gender\":\"Male\",\"address\":{\"street\":\"666 Londonderry Center\",\"city\":\"Denton\",\"country\":\"United States\"}}","updated":"2022-09-14T23:39:06.531Z"}
{"customer_id":"C01718","email":"cberrisfordos@shop-pro.jp","profile":"{\"first_name\":\"Cate\",\"last_name\":\"Berrisford\",\"gender\":\"Genderqueer\",\"address\":{\"street\":\"0155 Manitowish Terrace\",\"city\":\"Farah\",\"country\":\"Afghanistan\"}}","updated":"2022-09-14T23:39:06.531Z"}
{"customer_id":"C01719","email":"kbinnionma@symantec.com","profile":"{\"first_name\":\"Kelly\",\"last_name\":\"Binnion\",\"gender\":\"Male\",\"address\":{\"street\":\"156 Del Sol Court\",\"city\":\"Gelan\",\"country\":\"China\"}}","updated":"2022-09-14T23:39:06.531Z"}
{"customer_id":"C01720","email":"cblomefieldrl@csmonitor.com","profile":"{\"first_name\":\"Carlyle\",\"last_name\":\"Blomefield\",\"gender\":\"Male\",\"address\":{\"street\":\"96 Clemons Drive\",\"city\":\"Goragorskiy\",\"country\":\"Russia\"}}","updated":"2022-09-14T23:39:06.531Z"}
{"customer_id":"C01721","profile":"{\"first_name\":\"Lurleen\",\"last_name\":\"Bramley\",\"gender\":\"Female\",\"address\":{\"street\":\"393 Longview Place\",\"city\":\"Nielisz\",\"country\":\"Poland\"}}","updated":"2022-09-14T23:39:06.531Z"}
{"customer_id":"C01722","email":"kbrandliqu@census.gov","profile":"{\"first_name\":\"Killian\",\"last_name\":\"Brandli\",\"gender\":\"Male\",\"address\":{\"street\":\"0 Shoshone Place\",\"city\":\"Uglegorsk\",\"country\":\"Russia\"}}","updated":"2022-09-14T23:39:06.531Z"}
{"customer_id":"C01723","email":"obrazelpp@arstechnica.com","profile":"{\"first_name\":\"Otho\",\"last_name\":\"Brazel\",\"gender\":\"Male\",\"address\":{\"street\":\"05248 Loeprich Place\",\"city\":\"Karak\",\"country\":\"Pakistan\"}}","updated":"2022-09-14T23:39:06.531Z"}
{"customer_id":"C01724","email":"ycanteroom@fotki.com","profile":"{\"first_name\":\"Yuma\",\"last_name\":\"Cantero\",\"gender\":\"Male\",\"address\":{\"street\":\"42 Eagle Crest Plaza\",\"city\":\"Preston\",\"country\":\"United Kingdom\"}}","updated":"2022-09-14T23:39:06.531Z"}
{"customer_id":"C01725","profile":"{\"first_name\":\"Chickie\",\"last_name\":\"Cayton\",\"gender\":\"Female\",\"address\":{\"street\":\"56709 Mariners Cove Way\",\"city\":\"San Jerónimo\",\"country\":\"Peru\"}}","updated":"2022-09-14T23:39:06.531Z"}
{"customer_id":"C01726","email":"ecazaletmf@example.com","profile":"{\"first_name\":\"Ethelyn\",\"last_name\":\"Cazalet\",\"gender\":\"Genderfluid\",\"address\":{\"street\":\"08 Buena Vista Hill\",\"city\":\"Ziniaré\",\"country\":\"Burkina Faso\"}}","updated":"2022-09-14T23:39:06.531Z"}
{"customer_id":"C01727","profile":"{\"first_name\":\"Janene\",\"last_name\":\"Challiss\",\"gender\":\"Agender\",\"address\":{\"street\":\"2 Golf Course Circle\",\"city\":\"Kukur\",\"country\":\"Albania\"}}","updated":"2022-09-14T23:39:06.531Z"}
{"customer_id":"C01728","email":"gclasherg@example.com","profile":"{\"first_name\":\"Geralda\",\"last_name\":\"Clashe\",\"gender\":\"Female\",\"address\":{\"street\":\"44 Ridgeview Drive\",\"city\":\"Santos\",\"country\":\"Brazil\"}}","updated":"2022-09-14T23:39:06.531Z"}
{"customer_id":"C01729","profile":"{\"first_name\":\"Manuel\",\"last_name\":\"Climar\",\"gender\":\"Male\",\"address\":{\"street\":\"0 Mccormick Terrace\",\"city\":\"Chīchāwatni\",\"country\":\"Pakistan\"}}","updated":"2022-09-14T23:39:06.531Z"}
{"customer_id":"C01730","email":"nclutramoj@hao123.com","profile":"{\"first_name\":\"Northrup\",\"last_name\":\"Clutram\",\"gender\":\"Male\",\"address\":{\"street\":\"20 Merry Plaza\",\"city\":\"Maracanaú\",\"country\":\"Brazil\"}}","updated":"2022-09-14T23:39:06.531Z"}
{"customer_id":"C01731","email":"bcominettipn@digg.com","profile":"{\"first_name\":\"Babb\",\"last_name\":\"Cominetti\",\"gender\":\"Female\",\"address\":{\"street\":\"09301 Dottie Avenue\",\"city\":\"Gobabis\",\"country\":\"Namibia\"}}","updated":"2022-09-14T23:39:06.531Z"}
{"customer_id":"C01732","email":"scookeqy@unc.edu","profile":"{\"first_name\":\"Stanislas\",\"last_name\":\"Cooke\",\"gender\":\"Male\",\"address\":{\"street\":\"1 Stang Lane\",\"city\":\"Changtang\",\"country\":\"China\"}}","updated":"2022-09-14T23:39:06.531Z"}
{"customer_id":"C01733","email":"gcowlandng@stanford.edu","profile":"{\"first_name\":\"Gardy\",\"last_name\":\"Cowland\",\"gender\":\"Male\",\"address\":{\"street\":\"53 Hoard Road\",\"city\":\"Barcin\",\"country\":\"Poland\"}}","updated":"2022-09-14T23:39:06.531Z"}
{"customer_id":"C01734","email":"scraddynp@answers.com","profile":"{\"first_name\":\"Skylar\",\"last_name\":\"Craddy\",\"gender\":\"Male\",\"address\":{\"street\":\"92380 Moose Junction\",\"city\":\"Saint-Ouen\",\"country\":\"France\"}}","updated":"2022-09-14T23:39:06.531Z"}
{"customer_id":"C01735","profile":"{\"first_name\":\"Truman\",\"last_name\":\"Craske\",\"gender\":\"Male\",\"address\":{\"street\":\"01 Dakota Parkway\",\"city\":\"Nijmegen\",\"country\":\"Netherlands\"}}","updated":"2022-09-14T23:39:06.531Z"}
{"customer_id":"C01736","profile":"{\"first_name\":\"Babita\",\"last_name\":\"Crix\",\"gender\":\"Female\",\"address\":{\"street\":\"47 Birchwood Road\",\"city\":\"Goma\",\"country\":\"Democratic Republic of the Congo\"}}","updated":"2022-09-14T23:39:06.531Z"}
{"customer_id":"C01737","email":"ccrowdrj@hud.gov","profile":"{\"first_name\":\"Corrina\",\"last_name\":\"Crowd\",\"gender\":\"Female\",\"address\":{\"street\":\"8424 Vahlen Trail\",\"city\":\"Pedroso\",\"country\":\"Portugal\"}}","updated":"2022-09-14T23:39:06.531Z"}
{"customer_id":"C01738","email":"rcurragho4@unesco.org","profile":"{\"first_name\":\"Reginauld\",\"last_name\":\"Curragh\",\"gender\":\"Male\",\"address\":{\"street\":\"46 East Pass\",\"city\":\"Haoguantun\",\"country\":\"China\"}}","updated":"2022-09-14T23:39:06.531Z"}
{"customer_id":"C01739","email":"acurreenpm@va.gov","profile":"{\"first_name\":\"Adele\",\"last_name\":\"Curreen\",\"gender\":\"Female\",\"address\":{\"street\":\"5126 Jenifer Center\",\"city\":\"Ambarakaraka\",\"country\":\"Madagascar\"}}","updated":"2022-09-14T23:39:06.531Z"}
{"customer_id":"C01740","email":"bdavauxqb@squarespace.com","profile":"{\"first_name\":\"Berne\",\"last_name\":\"D'Avaux\",\"gender\":\"Male\",\"address\":{\"street\":\"145 Tennessee Circle\",\"city\":\"Amiens\",\"country\":\"France\"}}","updated":"2022-09-14T23:39:06.531Z"}
{"customer_id":"C01741","email":"jdeathnx@dedecms.com","profile":"{\"first_name\":\"Jeanie\",\"last_name\":\"D'eath\",\"gender\":\"Female\",\"address\":{\"street\":\"73893 Brown Plaza\",\"city\":\"Zagnitkiv\",\"country\":\"Ukraine\"}}","updated":"2022-09-14T23:39:06.531Z"}
{"customer_id":"C01742","profile":"{\"first_name\":\"Douglas\",\"last_name\":\"Dallin\",\"gender\":\"Genderqueer\",\"address\":{\"street\":\"2993 Golf Course Plaza\",\"city\":\"Hezuoqiao\",\"country\":\"China\"}}","updated":"2022-09-14T23:39:06.531Z"}
{"customer_id":"C01743","email":"jdarqueqq@aboutads.info","profile":"{\"first_name\":\"Jasun\",\"last_name\":\"Darque\",\"gender\":\"Male\",\"address\":{\"street\":\"40 Waywood Street\",\"city\":\"Priiskovyy\",\"country\":\"Russia\"}}","updated":"2022-09-14T23:39:06.531Z"}
{"customer_id":"C01744","profile":"{\"first_name\":\"Donalt\",\"last_name\":\"Deners\",\"gender\":\"Male\",\"address\":{\"street\":\"36916 Dayton Parkway\",\"city\":\"Turka\",\"country\":\"Ukraine\"}}","updated":"2022-09-14T23:39:06.531Z"}
{"customer_id":"C01745","profile":"{\"first_name\":\"Ginnie\",\"last_name\":\"Desborough\",\"gender\":\"Genderfluid\",\"address\":{\"street\":\"7 Farragut Place\",\"city\":\"Sumberbening\",\"country\":\"Indonesia\"}}","updated":"2022-09-14T23:39:06.531Z"}
{"customer_id":"C01746","email":"adesportop@arizona.edu","profile":"{\"first_name\":\"Anatol\",\"last_name\":\"Desport\",\"gender\":\"Male\",\"address\":{\"street\":\"01 Hauk Way\",\"city\":\"Madrid\",\"country\":\"Philippines\"}}","updated":"2022-09-14T23:39:06.531Z"}
{"customer_id":"C01747","email":"adeversonpx@timesonline.co.uk","profile":"{\"first_name\":\"Aldous\",\"last_name\":\"Deverson\",\"gender\":\"Male\",\"address\":{\"street\":\"805 Superior Lane\",\"city\":\"Gaotan\",\"country\":\"China\"}}","updated":"2022-09-14T23:39:06.531Z"}
{"customer_id":"C01748","email":"sdicarloqw@xing.com","profile":"{\"first_name\":\"Stinky\",\"last_name\":\"Di Carlo\",\"gender\":\"Male\",\"address\":{\"street\":\"634 Bluejay Pass\",\"city\":\"Cupira\",\"country\":\"Brazil\"}}","updated":"2022-09-14T23:39:06.531Z"}
{"customer_id":"C01749","email":"zdiehnr9@google.it","profile":"{\"first_name\":\"Zsazsa\",\"last_name\":\"Diehn\",\"gender\":\"Genderfluid\",\"address\":{\"street\":\"547 Mccormick Circle\",\"city\":\"Daojiang\",\"country\":\"China\"}}","updated":"2022-09-14T23:39:06.531Z"}
{"customer_id":"C01750","email":"ldiggellra@washington.edu","profile":"{\"first_name\":\"Leupold\",\"last_name\":\"Diggell\",\"gender\":\"Male\",\"address\":{\"street\":\"005 East Place\",\"city\":\"Jezzîne\",\"country\":\"Lebanon\"}}","updated":"2022-09-14T23:39:06.531Z"}
{"customer_id":"C00006","email":"norman.abernethy@gmail.com","profile":"{\"first_name\":\"Norman\",\"last_name\":\"Abernethy\",\"gender\":\"Male\",\"address\":{\"street\":\"9292 Oxford Center\",\"city\":\"Gibara\",\"country\":\"Cuba\"}}","updated":"2022-09-14T23:39:06.531Z"}
{"customer_id":"C00010","email":"doralynne.adamkiewicz@gmail.com","profile":"{\"first_name\":\"Doralynne\",\"last_name\":\"Adamkiewicz\",\"gender\":\"Female\",\"address\":{\"street\":\"84126 Glendale Center\",\"city\":\"Ugep\",\"country\":\"Nigeria\"}}","updated":"2022-09-14T23:39:06.531Z"}
{"customer_id":"C00013","email":"daffie.adrien@gmail.com","profile":"{\"first_name\":\"Daffie\",\"last_name\":\"Adrien\",\"gender\":\"Genderfluid\",\"address\":{\"street\":\"67144 Heath Avenue\",\"city\":\"Qagan Obo\",\"country\":\"China\"}}","updated":"2022-09-14T23:39:06.531Z"}
{"customer_id":"C00017","email":"aprilette.agron@gmail.com","profile":"{\"first_name\":\"Aprilette\",\"last_name\":\"Agron\",\"gender\":\"Female\",\"address\":{\"street\":\"978 Roxbury Junction\",\"city\":\"Bridgewater\",\"country\":\"Canada\"}}","updated":"2022-09-14T23:39:06.531Z"}
{"customer_id":"C00022","email":"jacquette.aldcorne@gmail.com","profile":"{\"first_name\":\"Jacquette\",\"last_name\":\"Aldcorne\",\"gender\":\"Female\",\"address\":{\"street\":\"1 Hazelcrest Alley\",\"city\":\"Gutang\",\"country\":\"China\"}}","updated":"2022-09-14T23:39:06.531Z"}
{"customer_id":"C00024","email":"eimile.alger@gmail.com","profile":"{\"first_name\":\"Eimile\",\"last_name\":\"Alger\",\"gender\":\"Female\",\"address\":{\"street\":\"68 Waxwing Alley\",\"city\":\"Brušperk\",\"country\":\"Czech Republic\"}}","updated":"2022-09-14T23:39:06.531Z"}
{"customer_id":"C00027","email":"thatcher.allward@gmail.com","profile":"{\"first_name\":\"Thatcher\",\"last_name\":\"Allward\",\"gender\":\"Male\",\"address\":{\"street\":\"99258 Rigney Terrace\",\"city\":\"Xiachengzi\",\"country\":\"China\"}}","updated":"2022-09-14T23:39:06.531Z"}
{"customer_id":"C00028","email":"beitris.aloshkin@gmail.com","profile":"{\"first_name\":\"Beitris\",\"last_name\":\"Aloshkin\",\"gender\":\"Female\",\"address\":{\"street\":\"377 Clemons Pass\",\"city\":\"Qā’en\",\"country\":\"Iran\"}}","updated":"2022-09-14T23:39:06.531Z"}
{"customer_id":"C00029","email":"tonnie.althorpe@gmail.com","profile":"{\"first_name\":\"Tonnie\",\"last_name\":\"Althorpe\",\"gender\":\"Male\",\"address\":{\"street\":\"44189 Oakridge Trail\",\"city\":\"Shigongqiao\",\"country\":\"China\"}}","updated":"2022-09-14T23:39:06.531Z"}
{"customer_id":"C00032","email":"sibelle.andrzejowski@gmail.com","profile":"{\"first_name\":\"Sibelle\",\"last_name\":\"Andrzejowski\",\"gender\":\"Female\",\"address\":{\"street\":\"18 Lyons Hill\",\"city\":\"Alvaiázere\",\"country\":\"Portugal\"}}","updated":"2022-09-14T23:39:06.531Z"}
{"customer_id":"C00035","email":"freda.antat@gmail.com","profile":"{\"first_name\":\"Freda\",\"last_name\":\"Antat\",\"gender\":\"Bigender\",\"address\":{\"street\":\"53995 Washington Hill\",\"city\":\"Daegu\",\"country\":\"South Korea\"}}","updated":"2022-09-14T23:39:06.531Z"}
{"customer_id":"C00039","email":"kalil.antrim@gmail.com","profile":"{\"first_name\":\"Kalil\",\"last_name\":\"Antrim\",\"gender\":\"Male\",\"address\":{\"street\":\"7 Macpherson Point\",\"city\":\"Colonia Elisa\",\"country\":\"Argentina\"}}","updated":"2022-09-14T23:39:06.531Z"}
{"customer_id":"C00041","email":"sutherland.arnao@gmail.com","profile":"{\"first_name\":\"Sutherland\",\"last_name\":\"Arnao\",\"gender\":\"Male\",\"address\":{\"street\":\"6 Stuart Hill\",\"city\":\"Charlotte\",\"country\":\"United States\"}}","updated":"2022-09-14T23:39:06.531Z"}
{"customer_id":"C00046","email":"valina.ashelford@gmail.com","profile":"{\"first_name\":\"Valina\",\"last_name\":\"Ashelford\",\"gender\":\"Female\",\"address\":{\"street\":\"263 Linden Hill\",\"city\":\"Caçapava\",\"country\":\"Brazil\"}}","updated":"2022-09-14T23:39:06.531Z"}
{"customer_id":"C00048","email":"laryssa.askin@gmail.com","profile":"{\"first_name\":\"Laryssa\",\"last_name\":\"Askin\",\"gender\":\"Genderfluid\",\"address\":{\"street\":\"8 Delaware Court\",\"city\":\"Yirshi\",\"country\":\"China\"}}","updated":"2022-09-14T23:39:06.531Z"}
{"customer_id":"C00051","email":"pascale.aspall@gmail.com","profile":"{\"first_name\":\"Pascale\",\"last_name\":\"Aspall\",\"gender\":\"Male\",\"address\":{\"street\":\"83858 Vera Point\",\"city\":\"Ayolas\",\"country\":\"Paraguay\"}}","updated":"2022-09-14T23:39:06.531Z"}
{"customer_id":"C00054","email":"george.atthow@gmail.com","profile":"{\"first_name\":\"George\",\"last_name\":\"Atthow\",\"gender\":\"Polygender\",\"address\":{\"street\":\"830 Lighthouse Bay Park\",\"city\":\"San Fernando Apure\",\"country\":\"Venezuela\"}}","updated":"2022-09-14T23:39:06.531Z"}
{"customer_id":"C00061","email":"winthrop.austwick@gmail.com","profile":"{\"first_name\":\"Winthrop\",\"last_name\":\"Austwick\",\"gender\":\"Male\",\"address\":{\"street\":\"1 Village Green Road\",\"city\":\"Qingzhou\",\"country\":\"China\"}}","updated":"2022-09-14T23:39:06.531Z"}
{"customer_id":"C00062","email":"laney.aves@gmail.com","profile":"{\"first_name\":\"Laney\",\"last_name\":\"Aves\",\"gender\":\"Male\",\"address\":{\"street\":\"16 Shasta Place\",\"city\":\"Nieborów\",\"country\":\"Poland\"}}","updated":"2022-09-14T23:39:06.531Z"}
{"customer_id":"C00066","email":"analise.babbe@gmail.com","profile":"{\"first_name\":\"Analise\",\"last_name\":\"Babbe\",\"gender\":\"Female\",\"address\":{\"street\":\"25 Green Crossing\",\"city\":\"Saint John\",\"country\":\"Canada\"}}","updated":"2022-09-14T23:39:06.531Z"}
{"customer_id":"C00067","email":"jeannie.babon@gmail.com","profile":"{\"first_name\":\"Jeannie\",\"last_name\":\"Babon\",\"gender\":\"Female\",\"address\":{\"street\":\"2707 Marquette Junction\",\"city\":\"Komaki\",\"country\":\"Japan\"}}","updated":"2022-09-14T23:39:06.531Z"}
{"customer_id":"C00071","email":"amalia.baike@gmail.com","profile":"{\"first_name\":\"Amalia\",\"last_name\":\"Baike\",\"gender\":\"Genderqueer\",\"address\":{\"street\":\"5 Kropf Parkway\",\"city\":\"Shayuan\",\"country\":\"China\"}}","updated":"2022-09-14T23:39:06.531Z"}
{"customer_id":"C00077","email":"boycey.banfield@gmail.com","profile":"{\"first_name\":\"Boycey\",\"last_name\":\"Banfield\",\"gender\":\"Male\",\"address\":{\"street\":\"75730 Doe Crossing Alley\",\"city\":\"Dalamdesa Kalapadua\",\"country\":\"Indonesia\"}}","updated":"2022-09-14T23:39:06.531Z"}
{"customer_id":"C00080","email":"dillie.baraclough@gmail.com","profile":"{\"first_name\":\"Dillie\",\"last_name\":\"Baraclough\",\"gender\":\"Male\",\"address\":{\"street\":\"17 Bultman Street\",\"city\":\"Orsha\",\"country\":\"Belarus\"}}","updated":"2022-09-14T23:39:06.531Z"}
{"customer_id":"C00084","email":"umberto.barkworth@gmail.com","profile":"{\"first_name\":\"Umberto\",\"last_name\":\"Barkworth\",\"gender\":\"Male\",\"address\":{\"street\":\"611 Bayside Pass\",\"city\":\"Ćuprija\",\"country\":\"Serbia\"}}","updated":"2022-09-14T23:39:06.531Z"}
{"customer_id":"C00087","email":"rafaellle.bartali@gmail.com","profile":"{\"first_name\":\"Rafaellle\",\"last_name\":\"Bartali\",\"gender\":\"Male\",\"address\":{\"street\":\"7 Veith Crossing\",\"city\":\"Naranjal\",\"country\":\"Ecuador\"}}","updated":"2022-09-14T23:39:06.531Z"}
{"customer_id":"C00088","email":"baily.bartleet@gmail.com","profile":"{\"first_name\":\"Baily\",\"last_name\":\"Bartleet\",\"gender\":\"Male\",\"address\":{\"street\":\"07 Orin Street\",\"city\":\"Chishui\",\"country\":\"China\"}}","updated":"2022-09-14T23:39:06.531Z"}
{"customer_id":"C00089","email":"ezmeralda.bartrap@gmail.com","profile":"{\"first_name\":\"Ezmeralda\",\"last_name\":\"Bartrap\",\"gender\":\"Female\",\"address\":{\"street\":\"8846 Dahle Court\",\"city\":\"Barrie\",\"country\":\"Canada\"}}","updated":"2022-09-14T23:39:06.531Z"}
{"customer_id":"C00090","email":"cammy.bartrop@gmail.com","profile":"{\"first_name\":\"Cammy\",\"last_name\":\"Bartrop\",\"gender\":\"Male\",\"address\":{\"street\":\"0 Sachs Road\",\"city\":\"Biyong\",\"country\":\"China\"}}","updated":"2022-09-14T23:39:06.531Z"}
{"customer_id":"C00098","email":"yasmeen.baudts@gmail.com","profile":"{\"first_name\":\"Yasmeen\",\"last_name\":\"Baudts\",\"gender\":\"Female\",\"address\":{\"street\":\"48664 Doe Crossing Street\",\"city\":\"Santa Rosa\",\"country\":\"Peru\"}}","updated":"2022-09-14T23:39:06.531Z"}
{"customer_id":"C00099","email":"petra.baumert@gmail.com","profile":"{\"first_name\":\"Petra\",\"last_name\":\"Baumert\",\"gender\":\"Female\",\"address\":{\"street\":\"0 Northview Circle\",\"city\":\"Tembongraja\",\"country\":\"Indonesia\"}}","updated":"2022-09-14T23:39:06.531Z"}
{"customer_id":"C00100","email":"charmane.baxendale@gmail.com","profile":"{\"first_name\":\"Charmane\",\"last_name\":\"Baxendale\",\"gender\":\"Female\",\"address\":{\"street\":\"2161 Donald Trail\",\"city\":\"Ntungamo\",\"country\":\"Uganda\"}}","updated":"2022-09-14T23:39:06.531Z"}
{"customer_id":"C00102","email":"rochelle.bazelle@gmail.com","profile":"{\"first_name\":\"Rochelle\",\"last_name\":\"Bazelle\",\"gender\":\"Female\",\"address\":{\"street\":\"09 Lakewood Trail\",\"city\":\"Salt Lake City\",\"country\":\"United States\"}}","updated":"2022-09-14T23:39:06.531Z"}
{"customer_id":"C00112","email":"megan.befroy@gmail.com","profile":"{\"first_name\":\"Megan\",\"last_name\":\"Befroy\",\"gender\":\"Female\",\"address\":{\"street\":\"6 Moulton Parkway\",\"city\":\"Sousa\",\"country\":\"Brazil\"}}","updated":"2022-09-14T23:39:06.531Z"}
{"customer_id":"C00114","email":"kalila.behrendsen@gmail.com","profile":"{\"first_name\":\"Kalila\",\"last_name\":\"Behrendsen\",\"gender\":\"Female\",\"address\":{\"street\":\"823 Raven Alley\",\"city\":\"Tawa\",\"country\":\"China\"}}","updated":"2022-09-14T23:39:06.531Z"}
{"customer_id":"C00116","email":"grady.benger@gmail.com","profile":"{\"first_name\":\"Grady\",\"last_name\":\"Benger\",\"gender\":\"Male\",\"address\":{\"street\":\"72 Melby Street\",\"city\":\"Povorino\",\"country\":\"Russia\"}}","updated":"2022-09-14T23:39:06.531Z"}
{"customer_id":"C00119","email":"efrem.benny@gmail.com","profile":"{\"first_name\":\"Efrem\",\"last_name\":\"Benny\",\"gender\":\"Male\",\"address\":{\"street\":\"3456 Eggendart Center\",\"city\":\"Tauranga\",\"country\":\"New Zealand\"}}","updated":"2022-09-14T23:39:06.531Z"}
{"customer_id":"C00123","email":"alisa.bernardet@gmail.com","profile":"{\"first_name\":\"Alisa\",\"last_name\":\"Bernardet\",\"gender\":\"Female\",\"address\":{\"street\":\"65799 Esch Terrace\",\"city\":\"Toulouse\",\"country\":\"France\"}}","updated":"2022-09-14T23:39:06.531Z"}
{"customer_id":"C00124","email":"jannel.berryman@gmail.com","profile":"{\"first_name\":\"Jannel\",\"last_name\":\"Berryman\",\"gender\":\"Female\",\"address\":{\"street\":\"33 Eliot Avenue\",\"city\":\"Laurel\",\"country\":\"United States\"}}","updated":"2022-09-14T23:39:06.531Z"}
{"customer_id":"C00126","email":"muire.beseke@gmail.com","profile":"{\"first_name\":\"Muire\",\"last_name\":\"Beseke\",\"gender\":\"Female\",\"address\":{\"street\":\"847 Springview Court\",\"city\":\"Cancela\",\"country\":\"Portugal\"}}","updated":"2022-09-14T23:39:06.531Z"}
{"customer_id":"C00127","email":"gianni.beseke@gmail.com","profile":"{\"first_name\":\"Gianni\",\"last_name\":\"Beseke\",\"gender\":\"Male\",\"address\":{\"street\":\"06920 Rockefeller Park\",\"city\":\"Lipsko\",\"country\":\"Poland\"}}","updated":"2022-09-14T23:39:06.531Z"}
{"customer_id":"C00129","email":"henri.bewfield@gmail.com","profile":"{\"first_name\":\"Henri\",\"last_name\":\"Bewfield\",\"gender\":\"Male\",\"address\":{\"street\":\"3457 Waywood Park\",\"city\":\"Jiashi\",\"country\":\"China\"}}","updated":"2022-09-14T23:39:06.531Z"}
{"customer_id":"C00130","email":"giraldo.beynon@gmail.com","profile":"{\"first_name\":\"Giraldo\",\"last_name\":\"Beynon\",\"gender\":\"Male\",\"address\":{\"street\":\"20 Fair Oaks Parkway\",\"city\":\"Niederwaldkirchen\",\"country\":\"Austria\"}}","updated":"2022-09-14T23:39:06.531Z"}
{"customer_id":"C00134","email":"ardys.billings@gmail.com","profile":"{\"first_name\":\"Ardys\",\"last_name\":\"Billings\",\"gender\":\"Female\",\"address\":{\"street\":\"940 Independence Trail\",\"city\":\"Jarry\",\"country\":\"Guadeloupe\"}}","updated":"2022-09-14T23:39:06.531Z"}
{"customer_id":"C00135","email":"godfrey.birchall@gmail.com","profile":"{\"first_name\":\"Godfrey\",\"last_name\":\"Birchall\",\"gender\":\"Male\",\"address\":{\"street\":\"01 Merry Terrace\",\"city\":\"Artsvaberd\",\"country\":\"Armenia\"}}","updated":"2022-09-14T23:39:06.531Z"}
{"customer_id":"C00137","email":"adelice.birkenshaw@gmail.com","profile":"{\"first_name\":\"Adelice\",\"last_name\":\"Birkenshaw\",\"gender\":\"Female\",\"address\":{\"street\":\"4085 Luster Court\",\"city\":\"Toledo\",\"country\":\"United States\"}}","updated":"2022-09-14T23:39:06.531Z"}
{"customer_id":"C00140","email":"laney.bissex@gmail.com","profile":"{\"first_name\":\"Laney\",\"last_name\":\"Bissex\",\"gender\":\"Male\",\"address\":{\"street\":\"09010 American Ash Terrace\",\"city\":\"Jianqiao\",\"country\":\"China\"}}","updated":"2022-09-14T23:39:06.531Z"}
{"customer_id":"C00142","email":"donny.blakey@gmail.com","profile":"{\"first_name\":\"Donny\",\"last_name\":\"Blakey\",\"gender\":\"Male\",\"address\":{\"street\":\"024 Moose Park\",\"city\":\"Kanungu\",\"country\":\"Uganda\"}}","updated":"2022-09-14T23:39:06.531Z"}
{"customer_id":"C00143","email":"stormy.blankau@gmail.com","profile":"{\"first_name\":\"Stormy\",\"last_name\":\"Blankau\",\"gender\":\"Female\",\"address\":{\"street\":\"36606 Londonderry Trail\",\"city\":\"Skwierzyna\",\"country\":\"Poland\"}}","updated":"2022-09-14T23:39:06.531Z"}
{"customer_id":"C00151","email":"alfy.bloxsum@gmail.com","profile":"{\"first_name\":\"Alfy\",\"last_name\":\"Bloxsum\",\"gender\":\"Male\",\"address\":{\"street\":\"0433 Namekagon Pass\",\"city\":\"Caen\",\"country\":\"France\"}}","updated":"2022-09-14T23:39:06.531Z"}
{"customer_id":"C01751","email":"cdurdenor@flickr.com","profile":"{\"first_name\":\"Cecilius\",\"last_name\":\"Durden\",\"gender\":\"Male\",\"address\":{\"street\":\"0 Comanche Avenue\",\"city\":\"Nishinomiya-hama\",\"country\":\"Japan\"}}","updated":"2022-09-14T23:39:06.531Z"}
{"customer_id":"C01752","profile":"{\"first_name\":\"Caresse\",\"last_name\":\"Enga\",\"gender\":\"Female\",\"address\":{\"street\":\"71 Center Way\",\"city\":\"Budapest\",\"country\":\"Hungary\"}}","updated":"2022-09-14T23:39:06.531Z"}
{"customer_id":"C01753","email":"fewbancheqm@liveinternet.ru","profile":"{\"first_name\":\"Findlay\",\"last_name\":\"Ewbanche\",\"gender\":\"Male\",\"address\":{\"street\":\"1 Elgar Hill\",\"city\":\"Pedrulheira\",\"country\":\"Portugal\"}}","updated":"2022-09-14T23:39:06.531Z"}
{"customer_id":"C01754","email":"cfairlieov@admin.ch","profile":"{\"first_name\":\"Corena\",\"last_name\":\"Fairlie\",\"gender\":\"Female\",\"address\":{\"street\":\"383 Namekagon Circle\",\"city\":\"Cueto\",\"country\":\"Cuba\"}}","updated":"2022-09-14T23:39:06.531Z"}
{"customer_id":"C01755","profile":"{\"first_name\":\"Ermin\",\"last_name\":\"Fairman\",\"gender\":\"Male\",\"address\":{\"street\":\"44 Texas Parkway\",\"city\":\"Jianggang\",\"country\":\"China\"}}","updated":"2022-09-14T23:39:06.531Z"}
{"customer_id":"C01756","email":"sfergusono1@flickr.com","profile":"{\"first_name\":\"Stacee\",\"last_name\":\"Ferguson\",\"gender\":\"Male\",\"address\":{\"street\":\"37126 Schlimgen Court\",\"city\":\"Huayuan\",\"country\":\"China\"}}","updated":"2022-09-14T23:39:06.531Z"}
{"customer_id":"C01757","profile":"{\"first_name\":\"Moll\",\"last_name\":\"Fiddler\",\"gender\":\"Female\",\"address\":{\"street\":\"15 Stuart Street\",\"city\":\"Abashiri\",\"country\":\"Japan\"}}","updated":"2022-09-14T23:39:06.531Z"}
{"customer_id":"C01758","email":"hfincho2@mapy.cz","profile":"{\"first_name\":\"Harcourt\",\"last_name\":\"Finch\",\"gender\":\"Male\",\"address\":{\"street\":\"174 Cambridge Junction\",\"city\":\"Gorzów Śląski\",\"country\":\"Poland\"}}","updated":"2022-09-14T23:39:06.531Z"}
{"customer_id":"C01759","email":"gflademw@shutterfly.com","profile":"{\"first_name\":\"Gabbie\",\"last_name\":\"Flade\",\"gender\":\"Male\",\"address\":{\"street\":\"121 Manufacturers Circle\",\"city\":\"Capalonga\",\"country\":\"Philippines\"}}","updated":"2022-09-14T23:39:06.531Z"}
{"customer_id":"C01760","email":"bflannp9@meetup.com","profile":"{\"first_name\":\"Benedicto\",\"last_name\":\"Flann\",\"gender\":\"Male\",\"address\":{\"street\":\"9 Elmside Point\",\"city\":\"Luocheng\",\"country\":\"China\"}}","updated":"2022-09-14T23:39:06.531Z"}
{"customer_id":"C01761","email":"lfranciolin4@youtu.be","profile":"{\"first_name\":\"Langston\",\"last_name\":\"Francioli\",\"gender\":\"Male\",\"address\":{\"street\":\"306 Boyd Point\",\"city\":\"Jincun\",\"country\":\"China\"}}","updated":"2022-09-14T23:39:06.531Z"}
{"customer_id":"C01762","profile":"{\"first_name\":\"Brand\",\"last_name\":\"Frudd\",\"gender\":\"Male\",\"address\":{\"street\":\"7 Maryland Plaza\",\"city\":\"Neiva\",\"country\":\"Colombia\"}}","updated":"2022-09-14T23:39:06.531Z"}
{"customer_id":"C01763","email":"ifulfordpb@prweb.com","profile":"{\"first_name\":\"Isador\",\"last_name\":\"Fulford\",\"gender\":\"Male\",\"address\":{\"street\":\"1121 Badeau Drive\",\"city\":\"Strömsund\",\"country\":\"Sweden\"}}","updated":"2022-09-14T23:39:06.531Z"}
{"customer_id":"C01764","email":"cfurypg@paypal.com","profile":"{\"first_name\":\"Charlotte\",\"last_name\":\"Fury\",\"gender\":\"Female\",\"address\":{\"street\":\"107 Everett Way\",\"city\":\"Cestas\",\"country\":\"France\"}}","updated":"2022-09-14T23:39:06.531Z"}
{"customer_id":"C01765","email":"ggabermv@mashable.com","profile":"{\"first_name\":\"Gannie\",\"last_name\":\"Gaber\",\"gender\":\"Male\",\"address\":{\"street\":\"8307 Buell Terrace\",\"city\":\"Karolinka\",\"country\":\"Czech Republic\"}}","updated":"2022-09-14T23:39:06.531Z"}
{"customer_id":"C01766","email":"agarlicmu@clickbank.net","profile":"{\"first_name\":\"Arin\",\"last_name\":\"Garlic\",\"gender\":\"Male\",\"address\":{\"street\":\"694 Corry Hill\",\"city\":\"Si Racha\",\"country\":\"Thailand\"}}","updated":"2022-09-14T23:39:06.531Z"}
{"customer_id":"C01767","email":"rgerritsmamb@bluehost.com","profile":"{\"first_name\":\"Rooney\",\"last_name\":\"Gerritsma\",\"gender\":\"Male\",\"address\":{\"street\":\"806 Ludington Avenue\",\"city\":\"Ujmisht\",\"country\":\"Albania\"}}","updated":"2022-09-14T23:39:06.531Z"}
{"customer_id":"C01768","email":"jgiacobinipt@nbcnews.com","profile":"{\"first_name\":\"Jaime\",\"last_name\":\"Giacobini\",\"gender\":\"Male\",\"address\":{\"street\":\"471 Myrtle Drive\",\"city\":\"Sajan\",\"country\":\"Serbia\"}}","updated":"2022-09-14T23:39:06.531Z"}
{"customer_id":"C01769","profile":"{\"first_name\":\"Deck\",\"last_name\":\"Giddons\",\"gender\":\"Bigender\",\"address\":{\"street\":\"9 Bashford Parkway\",\"city\":\"Itapevi\",\"country\":\"Brazil\"}}","updated":"2022-09-14T23:39:06.531Z"}
{"customer_id":"C01770","email":"agillmano3@amazon.de","profile":"{\"first_name\":\"Ade\",\"last_name\":\"Gillman\",\"gender\":\"Male\",\"address\":{\"street\":\"01 Upham Plaza\",\"city\":\"Chanhe\",\"country\":\"China\"}}","updated":"2022-09-14T23:39:06.531Z"}
{"customer_id":"C01771","email":"rgilmartinno@springer.com","profile":"{\"first_name\":\"Radcliffe\",\"last_name\":\"Gilmartin\",\"gender\":\"Male\",\"address\":{\"street\":\"39016 Sloan Center\",\"city\":\"Chongqing\",\"country\":\"China\"}}","updated":"2022-09-14T23:39:06.531Z"}
{"customer_id":"C01772","profile":"{\"first_name\":\"Lawton\",\"last_name\":\"Glazebrook\",\"gender\":\"Male\",\"address\":{\"street\":\"12 Homewood Alley\",\"city\":\"Ilhabela\",\"country\":\"Brazil\"}}","updated":"2022-09-14T23:39:06.531Z"}
{"customer_id":"C01773","email":"sgleavesnl@psu.edu","profile":"{\"first_name\":\"Sheffield\",\"last_name\":\"Gleaves\",\"gender\":\"Male\",\"address\":{\"street\":\"8 Parkside Terrace\",\"city\":\"Nanjie\",\"country\":\"China\"}}","updated":"2022-09-14T23:39:06.531Z"}
{"customer_id":"C01774","email":"bgooddienz@live.com","profile":"{\"first_name\":\"Barnard\",\"last_name\":\"Gooddie\",\"gender\":\"Male\",\"address\":{\"street\":\"3886 Hintze Hill\",\"city\":\"Vista Hermosa\",\"country\":\"Mexico\"}}","updated":"2022-09-14T23:39:06.531Z"}
{"customer_id":"C01775","email":"agosselinq4@mapy.cz","profile":"{\"first_name\":\"Agna\",\"last_name\":\"Gosselin\",\"gender\":\"Female\",\"address\":{\"street\":\"1 Miller Hill\",\"city\":\"Dongpu\",\"country\":\"China\"}}","updated":"2022-09-14T23:39:06.531Z"}
{"customer_id":"C01776","email":"dgouldsmithq2@nih.gov","profile":"{\"first_name\":\"Dottie\",\"last_name\":\"Gouldsmith\",\"gender\":\"Female\",\"address\":{\"street\":\"6378 Scott Hill\",\"city\":\"Göteborg\",\"country\":\"Sweden\"}}","updated":"2022-09-14T23:39:06.531Z"}
{"customer_id":"C01777","email":"dgreaterexo5@timesonline.co.uk","profile":"{\"first_name\":\"Dorothea\",\"last_name\":\"Greaterex\",\"gender\":\"Female\",\"address\":{\"street\":\"1 Pennsylvania Point\",\"city\":\"Bendorubuh\",\"country\":\"Indonesia\"}}","updated":"2022-09-14T23:39:06.531Z"}
{"customer_id":"C01778","profile":"{\"first_name\":\"Keslie\",\"last_name\":\"Grieg\",\"gender\":\"Female\",\"address\":{\"street\":\"83426 Heffernan Center\",\"city\":\"Cavadas\",\"country\":\"Portugal\"}}","updated":"2022-09-14T23:39:06.531Z"}
{"customer_id":"C01779","email":"lgrumleym9@google.co.jp","profile":"{\"first_name\":\"Les\",\"last_name\":\"Grumley\",\"gender\":\"Male\",\"address\":{\"street\":\"3210 Glendale Way\",\"city\":\"Belopa\",\"country\":\"Indonesia\"}}","updated":"2022-09-14T23:39:06.531Z"}
{"customer_id":"C01780","email":"rguthrumoq@unicef.org","profile":"{\"first_name\":\"Rita\",\"last_name\":\"Guthrum\",\"gender\":\"Female\",\"address\":{\"street\":\"868 Cascade Junction\",\"city\":\"Oemanu\",\"country\":\"Indonesia\"}}","updated":"2022-09-14T23:39:06.531Z"}
{"customer_id":"C01781","email":"ghaggasnd@umn.edu","profile":"{\"first_name\":\"Granny\",\"last_name\":\"Haggas\",\"gender\":\"Male\",\"address\":{\"street\":\"05 Dryden Parkway\",\"city\":\"Beizhuang\",\"country\":\"China\"}}","updated":"2022-09-14T23:39:06.531Z"}
{"customer_id":"C01782","email":"lhalliboneol@imageshack.us","profile":"{\"first_name\":\"Lane\",\"last_name\":\"Hallibone\",\"gender\":\"Female\",\"address\":{\"street\":\"77713 Artisan Drive\",\"city\":\"Baoshan\",\"country\":\"China\"}}","updated":"2022-09-14T23:39:06.531Z"}
{"customer_id":"C01783","email":"bhallutn7@icq.com","profile":"{\"first_name\":\"Berni\",\"last_name\":\"Hallut\",\"gender\":\"Female\",\"address\":{\"street\":\"481 Portage Way\",\"city\":\"Kalangbret\",\"country\":\"Indonesia\"}}","updated":"2022-09-14T23:39:06.531Z"}
{"customer_id":"C01784","email":"phannammm@businessinsider.com","profile":"{\"first_name\":\"Pier\",\"last_name\":\"Hannam\",\"gender\":\"Female\",\"address\":{\"street\":\"01 Nelson Center\",\"city\":\"Landázuri\",\"country\":\"Colombia\"}}","updated":"2022-09-14T23:39:06.531Z"}
{"customer_id":"C01785","email":"dhardisono6@cmu.edu","profile":"{\"first_name\":\"Dorella\",\"last_name\":\"Hardison\",\"gender\":\"Female\",\"address\":{\"street\":\"7009 Amoth Road\",\"city\":\"Tekeli\",\"country\":\"Kazakhstan\"}}","updated":"2022-09-14T23:39:06.531Z"}
{"customer_id":"C01786","profile":"{\"first_name\":\"Merrill\",\"last_name\":\"Hatchett\",\"gender\":\"Male\",\"address\":{\"street\":\"4 Forest Crossing\",\"city\":\"Paraíso\",\"country\":\"Portugal\"}}","updated":"2022-09-14T23:39:06.531Z"}
{"customer_id":"C01787","profile":"{\"first_name\":\"Robby\",\"last_name\":\"Haygreen\",\"gender\":\"Male\",\"address\":{\"street\":\"772 Novick Avenue\",\"city\":\"Rejoso\",\"country\":\"Indonesia\"}}","updated":"2022-09-14T23:39:06.531Z"}
{"customer_id":"C01788","profile":"{\"first_name\":\"Clare\",\"last_name\":\"Haylock\",\"gender\":\"Female\",\"address\":{\"street\":\"36625 Lakeland Plaza\",\"city\":\"Vale de São Cosme\",\"country\":\"Portugal\"}}","updated":"2022-09-14T23:39:06.531Z"}
{"customer_id":"C01789","email":"shebbleqr@jimdo.com","profile":"{\"first_name\":\"Stephen\",\"last_name\":\"Hebble\",\"gender\":\"Non-binary\",\"address\":{\"street\":\"18 Bultman Pass\",\"city\":\"Lamawalang\",\"country\":\"Indonesia\"}}","updated":"2022-09-14T23:39:06.531Z"}
{"customer_id":"C01790","email":"thebborneq1@bloglines.com","profile":"{\"first_name\":\"Tracy\",\"last_name\":\"Hebborne\",\"gender\":\"Agender\",\"address\":{\"street\":\"09 Anhalt Alley\",\"city\":\"Yingta\",\"country\":\"China\"}}","updated":"2022-09-14T23:39:06.531Z"}
{"customer_id":"C01791","profile":"{\"first_name\":\"Nero\",\"last_name\":\"Heims\",\"gender\":\"Male\",\"address\":{\"street\":\"6 5th Hill\",\"city\":\"Hidalgo\",\"country\":\"Mexico\"}}","updated":"2022-09-14T23:39:06.531Z"}
{"customer_id":"C01792","profile":"{\"first_name\":\"Davie\",\"last_name\":\"Hek\",\"gender\":\"Male\",\"address\":{\"street\":\"88 Sundown Street\",\"city\":\"Charata\",\"country\":\"Argentina\"}}","updated":"2022-09-14T23:39:06.531Z"}
{"customer_id":"C01793","profile":"{\"first_name\":\"Alika\",\"last_name\":\"Hellens\",\"gender\":\"Female\",\"address\":{\"street\":\"0 Utah Junction\",\"city\":\"Qinhe\",\"country\":\"China\"}}","updated":"2022-09-14T23:39:06.531Z"}
{"customer_id":"C01794","email":"thexumro@reuters.com","profile":"{\"first_name\":\"Tabbie\",\"last_name\":\"Hexum\",\"gender\":\"Female\",\"address\":{\"street\":\"01113 Sherman Plaza\",\"city\":\"Majur\",\"country\":\"Serbia\"}}","updated":"2022-09-14T23:39:06.531Z"}
{"customer_id":"C01795","profile":"{\"first_name\":\"Fionnula\",\"last_name\":\"Hilland\",\"gender\":\"Female\",\"address\":{\"street\":\"79574 Lindbergh Court\",\"city\":\"Sanjiang\",\"country\":\"China\"}}","updated":"2022-09-14T23:39:06.531Z"}
{"customer_id":"C01796","email":"rhoutbyrm@furl.net","profile":"{\"first_name\":\"Ryon\",\"last_name\":\"Houtby\",\"gender\":\"Male\",\"address\":{\"street\":\"13 Schmedeman Point\",\"city\":\"Angered\",\"country\":\"Sweden\"}}","updated":"2022-09-14T23:39:06.531Z"}
{"customer_id":"C01797","email":"khumbatchnq@cmu.edu","profile":"{\"first_name\":\"Kaitlin\",\"last_name\":\"Humbatch\",\"gender\":\"Polygender\",\"address\":{\"street\":\"4010 Blue Bill Park Lane\",\"city\":\"Galimuyod\",\"country\":\"Philippines\"}}","updated":"2022-09-14T23:39:06.531Z"}
{"customer_id":"C01798","email":"thutablerf@twitpic.com","profile":"{\"first_name\":\"Trent\",\"last_name\":\"Hutable\",\"gender\":\"Non-binary\",\"address\":{\"street\":\"88717 Trailsway Drive\",\"city\":\"Forshaga\",\"country\":\"Sweden\"}}","updated":"2022-09-14T23:39:06.531Z"}
{"customer_id":"C01799","email":"ainnsoy@youku.com","profile":"{\"first_name\":\"Aldwin\",\"last_name\":\"Inns\",\"gender\":\"Male\",\"address\":{\"street\":\"56396 Merchant Lane\",\"city\":\"Dziergowice\",\"country\":\"Poland\"}}","updated":"2022-09-14T23:39:06.531Z"}
{"customer_id":"C01800","email":"bivanenkon1@mozilla.com","profile":"{\"first_name\":\"Billye\",\"last_name\":\"Ivanenko\",\"gender\":\"Female\",\"address\":{\"street\":\"3940 Portage Street\",\"city\":\"Albanel\",\"country\":\"Canada\"}}","updated":"2022-09-14T23:39:06.531Z"}
{"customer_id":"C01801","email":"bivashkovrd@canalblog.com","profile":"{\"first_name\":\"Barnabe\",\"last_name\":\"Ivashkov\",\"gender\":\"Male\",\"address\":{\"street\":\"3582 Nobel Plaza\",\"city\":\"Poá\",\"country\":\"Brazil\"}}","updated":"2022-09-14T23:39:06.531Z"}
{"customer_id":"C01802","profile":"{\"first_name\":\"Yvette\",\"last_name\":\"Jacobbe\",\"gender\":\"Female\",\"address\":{\"street\":\"727 Melrose Place\",\"city\":\"Sungaimaja\",\"country\":\"Indonesia\"}}","updated":"2022-09-14T23:39:06.531Z"}
{"customer_id":"C01803","profile":"{\"first_name\":\"Harley\",\"last_name\":\"Jagson\",\"gender\":\"Male\",\"address\":{\"street\":\"63 Fordem Way\",\"city\":\"Mascouche\",\"country\":\"Canada\"}}","updated":"2022-09-14T23:39:06.531Z"}
{"customer_id":"C01804","email":"hjeffesr0@ameblo.jp","profile":"{\"first_name\":\"Humfrey\",\"last_name\":\"Jeffes\",\"gender\":\"Male\",\"address\":{\"street\":\"7751 Anderson Park\",\"city\":\"Aiánteio\",\"country\":\"Greece\"}}","updated":"2022-09-14T23:39:06.531Z"}
{"customer_id":"C01805","profile":"{\"first_name\":\"Perry\",\"last_name\":\"Jubb\",\"gender\":\"Male\",\"address\":{\"street\":\"56 John Wall Center\",\"city\":\"Lukićevo\",\"country\":\"Serbia\"}}","updated":"2022-09-14T23:39:06.531Z"}
{"customer_id":"C01806","email":"dkeetchri@storify.com","profile":"{\"first_name\":\"Dasha\",\"last_name\":\"Keetch\",\"gender\":\"Female\",\"address\":{\"street\":\"8 Red Cloud Place\",\"city\":\"Capalayan\",\"country\":\"Philippines\"}}","updated":"2022-09-14T23:39:06.531Z"}
{"customer_id":"C01807","profile":"{\"first_name\":\"Corrinne\",\"last_name\":\"Kettle\",\"gender\":\"Female\",\"address\":{\"street\":\"01153 8th Court\",\"city\":\"Fos-sur-Mer\",\"country\":\"France\"}}","updated":"2022-09-14T23:39:06.531Z"}
{"customer_id":"C01808","email":"lkidsleypy@blogs.com","profile":"{\"first_name\":\"Lavena\",\"last_name\":\"Kidsley\",\"gender\":\"Female\",\"address\":{\"street\":\"91050 Hermina Pass\",\"city\":\"Vendas de Galizes\",\"country\":\"Portugal\"}}","updated":"2022-09-14T23:39:06.531Z"}
{"customer_id":"C01809","email":"dkiehneo8@oakley.com","profile":"{\"first_name\":\"Dolf\",\"last_name\":\"Kiehne\",\"gender\":\"Male\",\"address\":{\"street\":\"8 Springs Parkway\",\"city\":\"Brudzeń Duży\",\"country\":\"Poland\"}}","updated":"2022-09-14T23:39:06.531Z"}
{"customer_id":"C01810","email":"mkittlesp4@ihg.com","profile":"{\"first_name\":\"Mano\",\"last_name\":\"Kittles\",\"gender\":\"Male\",\"address\":{\"street\":\"641 Truax Parkway\",\"city\":\"Hōfu\",\"country\":\"Japan\"}}","updated":"2022-09-14T23:39:06.531Z"}
{"customer_id":"C01811","email":"dklemznn@technorati.com","profile":"{\"first_name\":\"Dorree\",\"last_name\":\"Klemz\",\"gender\":\"Female\",\"address\":{\"street\":\"9 Russell Street\",\"city\":\"Ban Lŭng\",\"country\":\"Cambodia\"}}","updated":"2022-09-14T23:39:06.531Z"}
{"customer_id":"C01812","profile":"{\"first_name\":\"Felita\",\"last_name\":\"Klosser\",\"gender\":\"Female\",\"address\":{\"street\":\"04 Longview Parkway\",\"city\":\"Borzytuchom\",\"country\":\"Poland\"}}","updated":"2022-09-14T23:39:06.531Z"}
{"customer_id":"C01813","email":"fknevettq0@google.es","profile":"{\"first_name\":\"Feliza\",\"last_name\":\"Knevett\",\"gender\":\"Female\",\"address\":{\"street\":\"16 Jay Park\",\"city\":\"Curahpacul Satu\",\"country\":\"Indonesia\"}}","updated":"2022-09-14T23:39:06.531Z"}
{"customer_id":"C01814","email":"dlabbetqf@imageshack.us","profile":"{\"first_name\":\"Damian\",\"last_name\":\"LAbbet\",\"gender\":\"Male\",\"address\":{\"street\":\"58 Forster Road\",\"city\":\"Santa Inês\",\"country\":\"Brazil\"}}","updated":"2022-09-14T23:39:06.531Z"}
{"customer_id":"C01815","email":"ilarmetps@goodreads.com","profile":"{\"first_name\":\"Ilyse\",\"last_name\":\"Larmet\",\"gender\":\"Female\",\"address\":{\"street\":\"20645 6th Trail\",\"city\":\"Mwaya\",\"country\":\"Tanzania\"}}","updated":"2022-09-14T23:39:06.531Z"}
{"customer_id":"C01816","email":"clawtonnc@house.gov","profile":"{\"first_name\":\"Chloette\",\"last_name\":\"Lawton\",\"gender\":\"Female\",\"address\":{\"street\":\"81 Golf Circle\",\"city\":\"Chumphon Buri\",\"country\":\"Thailand\"}}","updated":"2022-09-14T23:39:06.531Z"}
{"customer_id":"C01817","email":"wleathardpk@oaic.gov.au","profile":"{\"first_name\":\"Weber\",\"last_name\":\"Leathard\",\"gender\":\"Male\",\"address\":{\"street\":\"33251 Chinook Drive\",\"city\":\"Jalaud\",\"country\":\"Philippines\"}}","updated":"2022-09-14T23:39:06.531Z"}
{"customer_id":"C01818","email":"alevir8@yellowbook.com","profile":"{\"first_name\":\"Alica\",\"last_name\":\"Levi\",\"gender\":\"Female\",\"address\":{\"street\":\"08 Melby Parkway\",\"city\":\"La Jutosa\",\"country\":\"Honduras\"}}","updated":"2022-09-14T23:39:06.531Z"}
{"customer_id":"C01819","email":"mlilianr2@barnesandnoble.com","profile":"{\"first_name\":\"Mal\",\"last_name\":\"Lilian\",\"gender\":\"Male\",\"address\":{\"street\":\"53611 Butterfield Park\",\"city\":\"Krivyanskaya\",\"country\":\"Russia\"}}","updated":"2022-09-14T23:39:06.531Z"}
{"customer_id":"C01820","email":"mlindselloz@fc2.com","profile":"{\"first_name\":\"Monte\",\"last_name\":\"Lindsell\",\"gender\":\"Male\",\"address\":{\"street\":\"602 Dovetail Junction\",\"city\":\"Brusartsi\",\"country\":\"Bulgaria\"}}","updated":"2022-09-14T23:39:06.531Z"}
{"customer_id":"C01821","profile":"{\"first_name\":\"Leslie\",\"last_name\":\"Liversage\",\"gender\":\"Male\",\"address\":{\"street\":\"76 Bluestem Point\",\"city\":\"São Sebastião\",\"country\":\"Brazil\"}}","updated":"2022-09-14T23:39:06.531Z"}
{"customer_id":"C01822","email":"jlockhartq9@un.org","profile":"{\"first_name\":\"Jennee\",\"last_name\":\"Lockhart\",\"gender\":\"Female\",\"address\":{\"street\":\"9 Chive Trail\",\"city\":\"Pulau Pinang\",\"country\":\"Malaysia\"}}","updated":"2022-09-14T23:39:06.531Z"}
{"customer_id":"C01823","email":"dlomaspj@smugmug.com","profile":"{\"first_name\":\"Davie\",\"last_name\":\"Lomas\",\"gender\":\"Male\",\"address\":{\"street\":\"80 Graceland Trail\",\"city\":\"Zhishan\",\"country\":\"China\"}}","updated":"2022-09-14T23:39:06.531Z"}
{"customer_id":"C01824","profile":"{\"first_name\":\"Amelita\",\"last_name\":\"Ludvigsen\",\"gender\":\"Female\",\"address\":{\"street\":\"5783 John Wall Drive\",\"city\":\"Munggang\",\"country\":\"Indonesia\"}}","updated":"2022-09-14T23:39:06.531Z"}
{"customer_id":"C01825","email":"vludwellnm@flickr.com","profile":"{\"first_name\":\"Von\",\"last_name\":\"Ludwell\",\"gender\":\"Male\",\"address\":{\"street\":\"8233 Starling Lane\",\"city\":\"A’ershan\",\"country\":\"China\"}}","updated":"2022-09-14T23:39:06.531Z"}
{"customer_id":"C01826","email":"clutwidgenh@gmpg.org","profile":"{\"first_name\":\"Christi\",\"last_name\":\"Lutwidge\",\"gender\":\"Female\",\"address\":{\"street\":\"4653 Alpine Center\",\"city\":\"Reno\",\"country\":\"United States\"}}","updated":"2022-09-14T23:39:06.531Z"}
{"customer_id":"C01827","email":"tmartinsonnt@intel.com","profile":"{\"first_name\":\"Taffy\",\"last_name\":\"Martinson\",\"gender\":\"Female\",\"address\":{\"street\":\"62 Westport Terrace\",\"city\":\"Raga\",\"country\":\"South Sudan\"}}","updated":"2022-09-14T23:39:06.531Z"}
{"customer_id":"C01828","email":"cmattinsonmy@mac.com","profile":"{\"first_name\":\"Cesaro\",\"last_name\":\"Mattinson\",\"gender\":\"Male\",\"address\":{\"street\":\"8 Starling Avenue\",\"city\":\"Ramadi\",\"country\":\"Iraq\"}}","updated":"2022-09-14T23:39:06.531Z"}
{"customer_id":"C01829","email":"hmccritchiem6@addtoany.com","profile":"{\"first_name\":\"Harri\",\"last_name\":\"McCritchie\",\"gender\":\"Female\",\"address\":{\"street\":\"3922 Service Terrace\",\"city\":\"Presidente Dutra\",\"country\":\"Brazil\"}}","updated":"2022-09-14T23:39:06.531Z"}
{"customer_id":"C01830","profile":"{\"first_name\":\"Boy\",\"last_name\":\"McElwee\",\"gender\":\"Genderqueer\",\"address\":{\"street\":\"95870 Dryden Pass\",\"city\":\"Novotitarovskaya\",\"country\":\"Russia\"}}","updated":"2022-09-14T23:39:06.531Z"}
{"customer_id":"C01831","profile":"{\"first_name\":\"Seana\",\"last_name\":\"McGarrity\",\"gender\":\"Agender\",\"address\":{\"street\":\"34 Eagan Point\",\"city\":\"Suwaluh\",\"country\":\"Indonesia\"}}","updated":"2022-09-14T23:39:06.531Z"}
{"customer_id":"C01832","profile":"{\"first_name\":\"Peirce\",\"last_name\":\"McGoogan\",\"gender\":\"Genderqueer\",\"address\":{\"street\":\"5 Golf View Junction\",\"city\":\"Kutamandarakan\",\"country\":\"Indonesia\"}}","updated":"2022-09-14T23:39:06.531Z"}
{"customer_id":"C01833","email":"smcpartlinpu@sciencedaily.com","profile":"{\"first_name\":\"Samuel\",\"last_name\":\"McPartlin\",\"gender\":\"Male\",\"address\":{\"street\":\"8 Ruskin Trail\",\"city\":\"Höviyn Am\",\"country\":\"Mongolia\"}}","updated":"2022-09-14T23:39:06.531Z"}
{"customer_id":"C01834","email":"hmilamox@microsoft.com","profile":"{\"first_name\":\"Hussein\",\"last_name\":\"Milam\",\"gender\":\"Male\",\"address\":{\"street\":\"3049 Hanover Way\",\"city\":\"Benito Juarez\",\"country\":\"Mexico\"}}","updated":"2022-09-14T23:39:06.531Z"}
{"customer_id":"C01835","email":"bmurrellsqz@berkeley.edu","profile":"{\"first_name\":\"Brennen\",\"last_name\":\"Murrells\",\"gender\":\"Male\",\"address\":{\"street\":\"7 Ridgeview Avenue\",\"city\":\"Chahār Burj\",\"country\":\"Afghanistan\"}}","updated":"2022-09-14T23:39:06.531Z"}
{"customer_id":"C01836","profile":"{\"first_name\":\"Carter\",\"last_name\":\"Newing\",\"gender\":\"Male\",\"address\":{\"street\":\"82 Stoughton Park\",\"city\":\"Phra Khanong\",\"country\":\"Thailand\"}}","updated":"2022-09-14T23:39:06.531Z"}
{"customer_id":"C01837","profile":"{\"first_name\":\"Gasper\",\"last_name\":\"O'Ferris\",\"gender\":\"Male\",\"address\":{\"street\":\"6651 Mariners Cove Road\",\"city\":\"Zoumaling\",\"country\":\"China\"}}","updated":"2022-09-14T23:39:06.531Z"}
{"customer_id":"C01838","email":"soreheadpl@disqus.com","profile":"{\"first_name\":\"Sissie\",\"last_name\":\"Orehead\",\"gender\":\"Female\",\"address\":{\"street\":\"751 North Avenue\",\"city\":\"Douma\",\"country\":\"Syria\"}}","updated":"2022-09-14T23:39:06.531Z"}
{"customer_id":"C01839","email":"hpaceqa@diigo.com","profile":"{\"first_name\":\"Hilary\",\"last_name\":\"Pace\",\"gender\":\"Male\",\"address\":{\"street\":\"069 Daystar Place\",\"city\":\"Anderstorp\",\"country\":\"Sweden\"}}","updated":"2022-09-14T23:39:06.531Z"}
{"customer_id":"C01840","profile":"{\"first_name\":\"Katrine\",\"last_name\":\"Parham\",\"gender\":\"Female\",\"address\":{\"street\":\"73 Macpherson Terrace\",\"city\":\"Ouagadougou\",\"country\":\"Burkina Faso\"}}","updated":"2022-09-14T23:39:06.531Z"}
{"customer_id":"C01841","profile":"{\"first_name\":\"Minni\",\"last_name\":\"Parnall\",\"gender\":\"Female\",\"address\":{\"street\":\"30 Sutherland Circle\",\"city\":\"Bebedouro\",\"country\":\"Brazil\"}}","updated":"2022-09-14T23:39:06.531Z"}
{"customer_id":"C01842","email":"rparradinep8@berkeley.edu","profile":"{\"first_name\":\"Roma\",\"last_name\":\"Parradine\",\"gender\":\"Male\",\"address\":{\"street\":\"182 Goodland Parkway\",\"city\":\"Seseng\",\"country\":\"Indonesia\"}}","updated":"2022-09-14T23:39:06.531Z"}
{"customer_id":"C01843","email":"opaviaob@acquirethisname.com","profile":"{\"first_name\":\"Oren\",\"last_name\":\"Pavia\",\"gender\":\"Male\",\"address\":{\"street\":\"93 Saint Paul Street\",\"city\":\"Giebułtów\",\"country\":\"Poland\"}}","updated":"2022-09-14T23:39:06.531Z"}
{"customer_id":"C01844","email":"mpenkethr3@skype.com","profile":"{\"first_name\":\"Mame\",\"last_name\":\"Penketh\",\"gender\":\"Female\",\"address\":{\"street\":\"56 Reindahl Drive\",\"city\":\"Viejo Daan Banua\",\"country\":\"Philippines\"}}","updated":"2022-09-14T23:39:06.531Z"}
{"customer_id":"C01845","email":"apiddlesdenn9@photobucket.com","profile":"{\"first_name\":\"Alayne\",\"last_name\":\"Piddlesden\",\"gender\":\"Female\",\"address\":{\"street\":\"53944 Dixon Crossing\",\"city\":\"Markušica\",\"country\":\"Croatia\"}}","updated":"2022-09-14T23:39:06.531Z"}
{"customer_id":"C01846","profile":"{\"first_name\":\"Sloan\",\"last_name\":\"Place\",\"gender\":\"Male\",\"address\":{\"street\":\"27 Westridge Plaza\",\"city\":\"Weizhou\",\"country\":\"China\"}}","updated":"2022-09-14T23:39:06.531Z"}
{"customer_id":"C01847","email":"rpolkinhornml@1688.com","profile":"{\"first_name\":\"Ruthe\",\"last_name\":\"Polkinhorn\",\"gender\":\"Female\",\"address\":{\"street\":\"4 Algoma Alley\",\"city\":\"Mölndal\",\"country\":\"Sweden\"}}","updated":"2022-09-14T23:39:06.531Z"}
{"customer_id":"C01848","profile":"{\"first_name\":\"Shae\",\"last_name\":\"Povlsen\",\"gender\":\"Female\",\"address\":{\"street\":\"252 Loftsgordon Street\",\"city\":\"Ankazoabo\",\"country\":\"Madagascar\"}}","updated":"2022-09-14T23:39:06.531Z"}
{"customer_id":"C01849","email":"kprestonq5@cnet.com","profile":"{\"first_name\":\"Karim\",\"last_name\":\"Preston\",\"gender\":\"Male\",\"address\":{\"street\":\"73134 Clemons Parkway\",\"city\":\"Huanghu\",\"country\":\"China\"}}","updated":"2022-09-14T23:39:06.531Z"}
{"customer_id":"C01850","email":"mpriestmanon@guardian.co.uk","profile":"{\"first_name\":\"Moe\",\"last_name\":\"Priestman\",\"gender\":\"Agender\",\"address\":{\"street\":\"8098 Cascade Junction\",\"city\":\"Sidon\",\"country\":\"Lebanon\"}}","updated":"2022-09-14T23:39:06.531Z"}
