{"customer_id":"C00154","email":"averil.blunsum@gmail.com","profile":"{\"first_name\":\"Averil\",\"last_name\":\"Blunsum\",\"gender\":\"Male\",\"address\":{\"street\":\"519 Caliangt Point\",\"city\":\"Talisayan\",\"country\":\"Philippines\"}}","updated":"2022-09-14T23:39:06.531Z"}
{"customer_id":"C00155","email":"baxter.boag@gmail.com","profile":"{\"first_name\":\"Baxter\",\"last_name\":\"Boag\",\"gender\":\"Male\",\"address\":{\"street\":\"713 Jenna Drive\",\"city\":\"Vargem Grande Paulista\",\"country\":\"Brazil\"}}","updated":"2022-09-14T23:39:06.531Z"}
{"customer_id":"C00156","email":"kerry.boch@gmail.com","profile":"{\"first_name\":\"Kerry\",\"last_name\":\"Boch\",\"gender\":\"Female\",\"address\":{\"street\":\"47 American Lane\",\"city\":\"Thị Trấn Phú Mỹ\",\"country\":\"Vietnam\"}}","updated":"2022-09-14T23:39:06.531Z"}
{"customer_id":"C00158","email":"katerina.bodker@gmail.com","profile":"{\"first_name\":\"Katerina\",\"last_name\":\"Bodker\",\"gender\":\"Female\",\"address\":{\"street\":\"69 4th Plaza\",\"city\":\"Myasnikyan\",\"country\":\"Armenia\"}}","updated":"2022-09-14T23:39:06.531Z"}
{"customer_id":"C00159","email":"ingelbert.bodle@gmail.com","profile":"{\"first_name\":\"Ingelbert\",\"last_name\":\"Bodle\",\"gender\":\"Bigender\",\"address\":{\"street\":\"564 Holy Cross Pass\",\"city\":\"Zhu’ao\",\"country\":\"China\"}}","updated":"2022-09-14T23:39:06.531Z"}
{"customer_id":"C00161","email":"duke.bonfield@gmail.com","profile":"{\"first_name\":\"Duke\",\"last_name\":\"Bonfield\",\"gender\":\"Male\",\"address\":{\"street\":\"74375 Ryan Lane\",\"city\":\"Āzādshahr\",\"country\":\"Iran\"}}","updated":"2022-09-14T23:39:06.531Z"}
{"customer_id":"C00162","email":"selig.boniface@gmail.com","profile":"{\"first_name\":\"Selig\",\"last_name\":\"Boniface\",\"gender\":\"Male\",\"address\":{\"street\":\"0 Milwaukee Avenue\",\"city\":\"Teupasenti\",\"country\":\"Honduras\"}}","updated":"2022-09-14T23:39:06.531Z"}
{"customer_id":"C00163","email":"birgit.boor@gmail.com","profile":"{\"first_name\":\"Birgit\",\"last_name\":\"Boor\",\"gender\":\"Female\",\"address\":{\"street\":\"174 Blaine Alley\",\"city\":\"Pak Phli\",\"country\":\"Thailand\"}}","updated":"2022-09-14T23:39:06.531Z"}
{"customer_id":"C00165","email":"lowe.bortoli@gmail.com","profile":"{\"first_name\":\"Lowe\",\"last_name\":\"Bortoli\",\"gender\":\"Male\",\"address\":{\"street\":\"6 Crowley Center\",\"city\":\"Carrières-sur-Seine\",\"country\":\"France\"}}","updated":"2022-09-14T23:39:06.531Z"}
{"customer_id":"C00169","email":"rossy.boughton@gmail.com","profile":"{\"first_name\":\"Rossy\",\"last_name\":\"Boughton\",\"gender\":\"Male\",\"address\":{\"street\":\"36509 Melvin Circle\",\"city\":\"Sabnie\",\"country\":\"Poland\"}}","updated":"2022-09-14T23:39:06.531Z"}
{"customer_id":"C00172","email":"rock.bourgour@gmail.com","profile":"{\"first_name\":\"Rock\",\"last_name\":\"Bourgour\",\"gender\":\"Male\",\"address\":{\"street\":\"7657 Algoma Trail\",\"city\":\"Daoxu\",\"country\":\"China\"}}","updated":"2022-09-14T23:39:06.531Z"}
{"customer_id":"C00182","email":"lauren.bratley@gmail.com","profile":"{\"first_name\":\"Lauren\",\"last_name\":\"Bratley\",\"gender\":\"Male\",\"address\":{\"street\":\"85696 Muir Way\",\"city\":\"Minanga Norte\",\"country\":\"Philippines\"}}","updated":"2022-09-14T23:39:06.531Z"}
{"customer_id":"C00183","email":"gale.braunds@gmail.com","profile":"{\"first_name\":\"Gale\",\"last_name\":\"Braunds\",\"gender\":\"Female\",\"address\":{\"street\":\"5 Messerschmidt Way\",\"city\":\"Nanga Eboko\",\"country\":\"Cameroon\"}}","updated":"2022-09-14T23:39:06.531Z"}
{"customer_id":"C00187","email":"horatio.breit@gmail.com","profile":"{\"first_name\":\"Horatio\",\"last_name\":\"Breit\",\"gender\":\"Genderqueer\",\"address\":{\"street\":\"45939 Redwing Hill\",\"city\":\"Leon\",\"country\":\"Spain\"}}","updated":"2022-09-14T23:39:06.531Z"}
{"customer_id":"C00189","email":"jasmin.brennenstuhl@gmail.com","profile":"{\"first_name\":\"Jasmin\",\"last_name\":\"Brennenstuhl\",\"gender\":\"Female\",\"address\":{\"street\":\"98399 Dahle Junction\",\"city\":\"Antioquia\",\"country\":\"Colombia\"}}","updated":"2022-09-14T23:39:06.531Z"}
{"customer_id":"C00191","email":"heloise.bricket@gmail.com","profile":"{\"first_name\":\"Heloise\",\"last_name\":\"Bricket\",\"gender\":\"Female\",\"address\":{\"street\":\"283 Reinke Plaza\",\"city\":\"Béoumi\",\"country\":\"Ivory Coast\"}}","updated":"2022-09-14T23:39:06.531Z"}
{"customer_id":"C00193","email":"robby.bridge@gmail.com","profile":"{\"first_name\":\"Robby\",\"last_name\":\"Bridge\",\"gender\":\"Female\",\"address\":{\"street\":\"50060 Coleman Park\",\"city\":\"Yelan’-Kolenovskiy\",\"country\":\"Russia\"}}","updated":"2022-09-14T23:39:06.531Z"}
{"customer_id":"C00194","email":"lion.brien@gmail.com","profile":"{\"first_name\":\"Lion\",\"last_name\":\"Brien\",\"gender\":\"Male\",\"address\":{\"street\":\"81213 Montana Drive\",\"city\":\"Xihuaiba\",\"country\":\"China\"}}","updated":"2022-09-14T23:39:06.531Z"}
{"customer_id":"C00195","email":"christen.briers@gmail.com","profile":"{\"first_name\":\"Christen\",\"last_name\":\"Briers\",\"gender\":\"Female\",\"address\":{\"street\":\"657 Garrison Center\",\"city\":\"Klenje\",\"country\":\"Serbia\"}}","updated":"2022-09-14T23:39:06.531Z"}
{"customer_id":"C00196","email":"reinald.brimilcombe@gmail.com","profile":"{\"first_name\":\"Reinald\",\"last_name\":\"Brimilcombe\",\"gender\":\"Male\",\"address\":{\"street\":\"4326 Gina Place\",\"city\":\"Зуунмод\",\"country\":\"Mongolia\"}}","updated":"2022-09-14T23:39:06.531Z"}
{"customer_id":"C00198","email":"sonni.brinkler@gmail.com","profile":"{\"first_name\":\"Sonni\",\"last_name\":\"Brinkler\",\"gender\":\"Female\",\"address\":{\"street\":\"88 Redwing Drive\",\"city\":\"Brest\",\"country\":\"France\"}}","updated":"2022-09-14T23:39:06.531Z"}
{"customer_id":"C00202","email":"davis.brockbank@gmail.com","profile":"{\"first_name\":\"Davis\",\"last_name\":\"Brockbank\",\"gender\":\"Male\",\"address\":{\"street\":\"02347 Bayside Alley\",\"city\":\"Masḩah\",\"country\":\"Palestinian Territory\"}}","updated":"2022-09-14T23:39:06.531Z"}
{"customer_id":"C00206","email":"harley.broun@gmail.com","profile":"{\"first_name\":\"Harley\",\"last_name\":\"Broun\",\"gender\":\"Female\",\"address\":{\"street\":\"08153 Pleasure Way\",\"city\":\"Santo Anastácio\",\"country\":\"Brazil\"}}","updated":"2022-09-14T23:39:06.531Z"}
{"customer_id":"C00207","email":"ephrem.bruckstein@gmail.com","profile":"{\"first_name\":\"Ephrem\",\"last_name\":\"Bruckstein\",\"gender\":\"Male\",\"address\":{\"street\":\"923 Tennyson Pass\",\"city\":\"Kladruby\",\"country\":\"Czech Republic\"}}","updated":"2022-09-14T23:39:06.531Z"}
{"customer_id":"C00208","email":"dill.bryden@gmail.com","profile":"{\"first_name\":\"Dill\",\"last_name\":\"Bryden\",\"gender\":\"Male\",\"address\":{\"street\":\"7972 Towne Hill\",\"city\":\"Ubon Ratchathani\",\"country\":\"Thailand\"}}","updated":"2022-09-14T23:39:06.531Z"}
{"customer_id":"C00211","email":"callida.budget@gmail.com","profile":"{\"first_name\":\"Callida\",\"last_name\":\"Budget\",\"gender\":\"Female\",\"address\":{\"street\":\"16858 Burrows Center\",\"city\":\"Koufália\",\"country\":\"Greece\"}}","updated":"2022-09-14T23:39:06.531Z"}
{"customer_id":"C00217","email":"baryram.burbridge@gmail.com","profile":"{\"first_name\":\"Baryram\",\"last_name\":\"Burbridge\",\"gender\":\"Genderfluid\",\"address\":{\"street\":\"7966 Hoard Terrace\",\"city\":\"Siding\",\"country\":\"Indonesia\"}}","updated":"2022-09-14T23:39:06.531Z"}
{"customer_id":"C00218","email":"gerta.burburough@gmail.com","profile":"{\"first_name\":\"Gerta\",\"last_name\":\"Burburough\",\"gender\":\"Female\",\"address\":{\"street\":\"9165 Amoth Circle\",\"city\":\"Almeria\",\"country\":\"Spain\"}}","updated":"2022-09-14T23:39:06.531Z"}
{"customer_id":"C00222","email":"paulette.burnie@gmail.com","profile":"{\"first_name\":\"Paulette\",\"last_name\":\"Burnie\",\"gender\":\"Female\",\"address\":{\"street\":\"7 Del Sol Parkway\",\"city\":\"Hinthada\",\"country\":\"Myanmar\"}}","updated":"2022-09-14T23:39:06.531Z"}
{"customer_id":"C00229","email":"rikki.byfield@gmail.com","profile":"{\"first_name\":\"Rikki\",\"last_name\":\"Byfield\",\"gender\":\"Male\",\"address\":{\"street\":\"4 Fallview Junction\",\"city\":\"Zliten\",\"country\":\"Libya\"}}","updated":"2022-09-14T23:39:06.531Z"}
{"customer_id":"C00230","email":"dannye.bygraves@gmail.com","profile":"{\"first_name\":\"Dannye\",\"last_name\":\"Bygraves\",\"gender\":\"Female\",\"address\":{\"street\":\"033 Petterle Parkway\",\"city\":\"Betio Village\",\"country\":\"Kiribati\"}}","updated":"2022-09-14T23:39:06.531Z"}
{"customer_id":"C00236","email":"onofredo.caldes@gmail.com","profile":"{\"first_name\":\"Onofredo\",\"last_name\":\"Caldes\",\"gender\":\"Male\",\"address\":{\"street\":\"7 6th Street\",\"city\":\"Trubchevsk\",\"country\":\"Russia\"}}","updated":"2022-09-14T23:39:06.531Z"}
{"customer_id":"C00237","email":"agace.callear@gmail.com","profile":"{\"first_name\":\"Agace\",\"last_name\":\"Callear\",\"gender\":\"Female\",\"address\":{\"street\":\"5 Onsgard Trail\",\"city\":\"Muladbucad\",\"country\":\"Philippines\"}}","updated":"2022-09-14T23:39:06.531Z"}
{"customer_id":"C00240","email":"tommie.camplen@gmail.com","profile":"{\"first_name\":\"Tommie\",\"last_name\":\"Camplen\",\"gender\":\"Female\",\"address\":{\"street\":\"54074 Dovetail Point\",\"city\":\"Podgorenskiy\",\"country\":\"Russia\"}}","updated":"2022-09-14T23:39:06.531Z"}
{"customer_id":"C00241","email":"vonny.cantrell@gmail.com","profile":"{\"first_name\":\"Vonny\",\"last_name\":\"Cantrell\",\"gender\":\"Female\",\"address\":{\"street\":\"6 Harbort Hill\",\"city\":\"Long’anqiao\",\"country\":\"China\"}}","updated":"2022-09-14T23:39:06.531Z"}
{"customer_id":"C00244","email":"wendel.carabet@gmail.com","profile":"{\"first_name\":\"Wendel\",\"last_name\":\"Carabet\",\"gender\":\"Male\",\"address\":{\"street\":\"430 Little Fleur Crossing\",\"city\":\"El Ocotón\",\"country\":\"Honduras\"}}","updated":"2022-09-14T23:39:06.531Z"}
{"customer_id":"C00245","email":"ellette.carder@gmail.com","profile":"{\"first_name\":\"Ellette\",\"last_name\":\"Carder\",\"gender\":\"Female\",\"address\":{\"street\":\"53702 Stone Corner Hill\",\"city\":\"Naifalo\",\"country\":\"Indonesia\"}}","updated":"2022-09-14T23:39:06.531Z"}
{"customer_id":"C00246","email":"ethelin.carek@gmail.com","profile":"{\"first_name\":\"Ethelin\",\"last_name\":\"Carek\",\"gender\":\"Female\",\"address\":{\"street\":\"1348 Linden Junction\",\"city\":\"Uliastay\",\"country\":\"Mongolia\"}}","updated":"2022-09-14T23:39:06.531Z"}
{"customer_id":"C00249","email":"gerry.carse@gmail.com","profile":"{\"first_name\":\"Gerry\",\"last_name\":\"Carse\",\"gender\":\"Female\",\"address\":{\"street\":\"05281 Fallview Terrace\",\"city\":\"Ul\",\"country\":\"Portugal\"}}","updated":"2022-09-14T23:39:06.531Z"}
{"customer_id":"C00252","email":"cord.casiroli@gmail.com","profile":"{\"first_name\":\"Cord\",\"last_name\":\"Casiroli\",\"gender\":\"Male\",\"address\":{\"street\":\"60682 Northridge Circle\",\"city\":\"Quy Đạt\",\"country\":\"Vietnam\"}}","updated":"2022-09-14T23:39:06.531Z"}
{"customer_id":"C00253","email":"noll.casol@gmail.com","profile":"{\"first_name\":\"Noll\",\"last_name\":\"Casol\",\"gender\":\"Male\",\"address\":{\"street\":\"8 Haas Drive\",\"city\":\"Yesan\",\"country\":\"South Korea\"}}","updated":"2022-09-14T23:39:06.531Z"}
{"customer_id":"C00256","email":"aron.catherall@gmail.com","profile":"{\"first_name\":\"Aron\",\"last_name\":\"Catherall\",\"gender\":\"Male\",\"address\":{\"street\":\"578 Carey Point\",\"city\":\"Ingenio La Esperanza\",\"country\":\"Argentina\"}}","updated":"2022-09-14T23:39:06.531Z"}
{"customer_id":"C00257","email":"charlene.catterick@gmail.com","profile":"{\"first_name\":\"Charlene\",\"last_name\":\"Catterick\",\"gender\":\"Non-binary\",\"address\":{\"street\":\"21 Brown Pass\",\"city\":\"Otan Aiyegbaju\",\"country\":\"Nigeria\"}}","updated":"2022-09-14T23:39:06.531Z"}
{"customer_id":"C00259","email":"jeremy.cauderlie@gmail.com","profile":"{\"first_name\":\"Jeremy\",\"last_name\":\"Cauderlie\",\"gender\":\"Male\",\"address\":{\"street\":\"88 3rd Plaza\",\"city\":\"Beitai\",\"country\":\"China\"}}","updated":"2022-09-14T23:39:06.531Z"}
{"customer_id":"C00260","email":"davine.cavaney@gmail.com","profile":"{\"first_name\":\"Davine\",\"last_name\":\"Cavaney\",\"gender\":\"Non-binary\",\"address\":{\"street\":\"518 Old Gate Avenue\",\"city\":\"Yintang\",\"country\":\"China\"}}","updated":"2022-09-14T23:39:06.531Z"}
{"customer_id":"C00262","email":"yolande.cawsey@gmail.com","profile":"{\"first_name\":\"Yolande\",\"last_name\":\"Cawsey\",\"gender\":\"Female\",\"address\":{\"street\":\"6424 Valley Edge Point\",\"city\":\"Baitu\",\"country\":\"China\"}}","updated":"2022-09-14T23:39:06.531Z"}
{"customer_id":"C00265","email":"ronald.charon@gmail.com","profile":"{\"first_name\":\"Ronald\",\"last_name\":\"Charon\",\"gender\":\"Male\",\"address\":{\"street\":\"42134 Maple Wood Park\",\"city\":\"Murici\",\"country\":\"Brazil\"}}","updated":"2022-09-14T23:39:06.531Z"}
{"customer_id":"C00266","email":"donia.chart@gmail.com","profile":"{\"first_name\":\"Donia\",\"last_name\":\"Chart\",\"gender\":\"Female\",\"address\":{\"street\":\"88 Meadow Valley Lane\",\"city\":\"Chợ Mới\",\"country\":\"Vietnam\"}}","updated":"2022-09-14T23:39:06.531Z"}
{"customer_id":"C00271","email":"sheree.cherry holme@gmail.com","profile":"{\"first_name\":\"Sheree\",\"last_name\":\"Cherry Holme\",\"gender\":\"Female\",\"address\":{\"street\":\"1404 Elgar Crossing\",\"city\":\"Ebaye\",\"country\":\"Marshall Islands\"}}","updated":"2022-09-14T23:39:06.531Z"}
{"customer_id":"C00275","email":"humbert.chiommienti@gmail.com","profile":"{\"first_name\":\"Humbert\",\"last_name\":\"Chiommienti\",\"gender\":\"Agender\",\"address\":{\"street\":\"2329 Mifflin Center\",\"city\":\"Añelo\",\"country\":\"Argentina\"}}","updated":"2022-09-14T23:39:06.531Z"}
{"customer_id":"C01851","email":"cpuncherp1@mozilla.org","profile":"{\"first_name\":\"Charo\",\"last_name\":\"Puncher\",\"gender\":\"Female\",\"address\":{\"street\":\"102 Merchant Place\",\"city\":\"Seattle\",\"country\":\"United States\"}}","updated":"2022-09-14T23:39:06.531Z"}
{"customer_id":"C01852","email":"lquinnetre@mtv.com","profile":"{\"first_name\":\"Lazare\",\"last_name\":\"Quinnet\",\"gender\":\"Male\",\"address\":{\"street\":\"0 Eliot Parkway\",\"city\":\"Leiden\",\"country\":\"Netherlands\"}}","updated":"2022-09-14T23:39:06.531Z"}
{"customer_id":"C01853","email":"cradbandmp@cbc.ca","profile":"{\"first_name\":\"Crissie\",\"last_name\":\"Radband\",\"gender\":\"Female\",\"address\":{\"street\":\"5909 Parkside Place\",\"city\":\"Carman\",\"country\":\"Canada\"}}","updated":"2022-09-14T23:39:06.531Z"}
{"customer_id":"C01854","profile":"{\"first_name\":\"Noam\",\"last_name\":\"Ramet\",\"gender\":\"Male\",\"address\":{\"street\":\"0136 Atwood Plaza\",\"city\":\"Canoas\",\"country\":\"Brazil\"}}","updated":"2022-09-14T23:39:06.531Z"}
{"customer_id":"C01855","profile":"{\"first_name\":\"Dallas\",\"last_name\":\"Rassell\",\"gender\":\"Male\",\"address\":{\"street\":\"4 Northridge Street\",\"city\":\"Liushan\",\"country\":\"China\"}}","updated":"2022-09-14T23:39:06.531Z"}
{"customer_id":"C01856","email":"ereddingspd@loc.gov","profile":"{\"first_name\":\"El\",\"last_name\":\"Reddings\",\"gender\":\"Male\",\"address\":{\"street\":\"826 Dwight Trail\",\"city\":\"Gaokan\",\"country\":\"China\"}}","updated":"2022-09-14T23:39:06.531Z"}
{"customer_id":"C01857","email":"creithnu@com.com","profile":"{\"first_name\":\"Claretta\",\"last_name\":\"Reith\",\"gender\":\"Female\",\"address\":{\"street\":\"23 Esker Hill\",\"city\":\"Mat-i\",\"country\":\"Philippines\"}}","updated":"2022-09-14T23:39:06.531Z"}
{"customer_id":"C01858","email":"trelpho9@usa.gov","profile":"{\"first_name\":\"Tish\",\"last_name\":\"Relph\",\"gender\":\"Female\",\"address\":{\"street\":\"11752 Manufacturers Point\",\"city\":\"Kipit\",\"country\":\"Philippines\"}}","updated":"2022-09-14T23:39:06.531Z"}
{"customer_id":"C01859","email":"mrennebeckpv@nhs.uk","profile":"{\"first_name\":\"Merle\",\"last_name\":\"Rennebeck\",\"gender\":\"Male\",\"address\":{\"street\":\"5 Del Mar Plaza\",\"city\":\"Boca de Uchire\",\"country\":\"Venezuela\"}}","updated":"2022-09-14T23:39:06.531Z"}
{"customer_id":"C01860","email":"kreutherp2@yandex.ru","profile":"{\"first_name\":\"Keefe\",\"last_name\":\"Reuther\",\"gender\":\"Male\",\"address\":{\"street\":\"9 Pearson Court\",\"city\":\"Paita\",\"country\":\"Peru\"}}","updated":"2022-09-14T23:39:06.531Z"}
{"customer_id":"C01861","profile":"{\"first_name\":\"Ange\",\"last_name\":\"Riha\",\"gender\":\"Female\",\"address\":{\"street\":\"1317 Talisman Way\",\"city\":\"Benito Juarez\",\"country\":\"Mexico\"}}","updated":"2022-09-14T23:39:06.531Z"}
{"customer_id":"C01862","email":"arisingn6@pen.io","profile":"{\"first_name\":\"Amil\",\"last_name\":\"Rising\",\"gender\":\"Female\",\"address\":{\"street\":\"57 La Follette Drive\",\"city\":\"Tim\",\"country\":\"Russia\"}}","updated":"2022-09-14T23:39:06.531Z"}
{"customer_id":"C01863","email":"rrivettnf@godaddy.com","profile":"{\"first_name\":\"Rosamond\",\"last_name\":\"Rivett\",\"gender\":\"Female\",\"address\":{\"street\":\"4 Prairieview Point\",\"city\":\"Sohbatpur\",\"country\":\"Pakistan\"}}","updated":"2022-09-14T23:39:06.531Z"}
{"customer_id":"C01864","profile":"{\"first_name\":\"Luca\",\"last_name\":\"Rops\",\"gender\":\"Male\",\"address\":{\"street\":\"31997 Hayes Place\",\"city\":\"Nyazepetrovsk\",\"country\":\"Russia\"}}","updated":"2022-09-14T23:39:06.531Z"}
{"customer_id":"C01865","email":"crotgemj@bravesites.com","profile":"{\"first_name\":\"Craggie\",\"last_name\":\"Rotge\",\"gender\":\"Male\",\"address\":{\"street\":\"6728 Tony Circle\",\"city\":\"Praszka\",\"country\":\"Poland\"}}","updated":"2022-09-14T23:39:06.531Z"}
{"customer_id":"C01866","email":"arotherans@ucsd.edu","profile":"{\"first_name\":\"Augustine\",\"last_name\":\"Rothera\",\"gender\":\"Female\",\"address\":{\"street\":\"6 Norway Maple Drive\",\"city\":\"Naghalin\",\"country\":\"Philippines\"}}","updated":"2022-09-14T23:39:06.531Z"}
{"customer_id":"C01867","profile":"{\"first_name\":\"Kacy\",\"last_name\":\"Roughan\",\"gender\":\"Non-binary\",\"address\":{\"street\":\"0 Novick Drive\",\"city\":\"Qingfenglin\",\"country\":\"China\"}}","updated":"2022-09-14T23:39:06.531Z"}
{"customer_id":"C01868","profile":"{\"first_name\":\"Hugh\",\"last_name\":\"Rumming\",\"gender\":\"Male\",\"address\":{\"street\":\"55201 Algoma Park\",\"city\":\"Nyazepetrovsk\",\"country\":\"Russia\"}}","updated":"2022-09-14T23:39:06.531Z"}
{"customer_id":"C01869","profile":"{\"first_name\":\"Thedrick\",\"last_name\":\"Russ\",\"gender\":\"Male\",\"address\":{\"street\":\"3 Tennyson Pass\",\"city\":\"Legen\",\"country\":\"Slovenia\"}}","updated":"2022-09-14T23:39:06.531Z"}
{"customer_id":"C01870","email":"usaphmk@sun.com","profile":"{\"first_name\":\"Ulla\",\"last_name\":\"Saph\",\"gender\":\"Female\",\"address\":{\"street\":\"2659 Ronald Regan Avenue\",\"city\":\"Barr\",\"country\":\"France\"}}","updated":"2022-09-14T23:39:06.531Z"}
{"customer_id":"C01871","email":"esaunierqi@wikimedia.org","profile":"{\"first_name\":\"Eddy\",\"last_name\":\"Saunier\",\"gender\":\"Female\",\"address\":{\"street\":\"939 Old Gate Alley\",\"city\":\"Bilqās\",\"country\":\"Egypt\"}}","updated":"2022-09-14T23:39:06.531Z"}
{"customer_id":"C01872","email":"rsewartpz@cocolog-nifty.com","profile":"{\"first_name\":\"Raphael\",\"last_name\":\"Sewart\",\"gender\":\"Male\",\"address\":{\"street\":\"867 Green Ridge Parkway\",\"city\":\"Mambago\",\"country\":\"Philippines\"}}","updated":"2022-09-14T23:39:06.531Z"}
{"customer_id":"C01873","email":"tsherwillne@intel.com","profile":"{\"first_name\":\"Ted\",\"last_name\":\"Sherwill\",\"gender\":\"Female\",\"address\":{\"street\":\"59 Cody Junction\",\"city\":\"Santa Ana\",\"country\":\"El Salvador\"}}","updated":"2022-09-14T23:39:06.531Z"}
{"customer_id":"C01874","email":"lsimenotp7@kickstarter.com","profile":"{\"first_name\":\"Lilli\",\"last_name\":\"Simenot\",\"gender\":\"Female\",\"address\":{\"street\":\"617 Vernon Court\",\"city\":\"Blobo\",\"country\":\"Indonesia\"}}","updated":"2022-09-14T23:39:06.531Z"}
{"customer_id":"C01875","profile":"{\"first_name\":\"Fiona\",\"last_name\":\"Simonini\",\"gender\":\"Female\",\"address\":{\"street\":\"3 Main Lane\",\"city\":\"Hotaka\",\"country\":\"Japan\"}}","updated":"2022-09-14T23:39:06.531Z"}
{"customer_id":"C01876","email":"esmurthwaiteql@mayoclinic.com","profile":"{\"first_name\":\"Etan\",\"last_name\":\"Smurthwaite\",\"gender\":\"Male\",\"address\":{\"street\":\"6 Straubel Court\",\"city\":\"Shalushka\",\"country\":\"Russia\"}}","updated":"2022-09-14T23:39:06.531Z"}
{"customer_id":"C01877","email":"csollomrh@state.gov","profile":"{\"first_name\":\"Carline\",\"last_name\":\"Sollom\",\"gender\":\"Female\",\"address\":{\"street\":\"25 Kropf Pass\",\"city\":\"Tsukumiura\",\"country\":\"Japan\"}}","updated":"2022-09-14T23:39:06.531Z"}
{"customer_id":"C01878","profile":"{\"first_name\":\"Claresta\",\"last_name\":\"Speller\",\"gender\":\"Female\",\"address\":{\"street\":\"61176 Onsgard Park\",\"city\":\"Thị Trấn Tà Lùng\",\"country\":\"Vietnam\"}}","updated":"2022-09-14T23:39:06.531Z"}
{"customer_id":"C01879","email":"mstandingfordmh@wunderground.com","profile":"{\"first_name\":\"Mirna\",\"last_name\":\"Standingford\",\"gender\":\"Female\",\"address\":{\"street\":\"57 Cordelia Junction\",\"city\":\"Sandao\",\"country\":\"China\"}}","updated":"2022-09-14T23:39:06.531Z"}
{"customer_id":"C01880","email":"dstewartmc@digg.com","profile":"{\"first_name\":\"Dru\",\"last_name\":\"Stewart\",\"gender\":\"Female\",\"address\":{\"street\":\"00308 Anzinger Crossing\",\"city\":\"Macaíba\",\"country\":\"Brazil\"}}","updated":"2022-09-14T23:39:06.531Z"}
{"customer_id":"C01881","email":"mstorrarog@usda.gov","profile":"{\"first_name\":\"Martynne\",\"last_name\":\"Storrar\",\"gender\":\"Female\",\"address\":{\"street\":\"98309 Eagan Road\",\"city\":\"Penitik\",\"country\":\"Indonesia\"}}","updated":"2022-09-14T23:39:06.531Z"}
{"customer_id":"C01882","email":"sstrowthersqc@mail.ru","profile":"{\"first_name\":\"Shanan\",\"last_name\":\"Strowthers\",\"gender\":\"Male\",\"address\":{\"street\":\"73 Bonner Trail\",\"city\":\"Nayoro\",\"country\":\"Japan\"}}","updated":"2022-09-14T23:39:06.531Z"}
{"customer_id":"C01883","email":"asuteroi@odnoklassniki.ru","profile":"{\"first_name\":\"Averyl\",\"last_name\":\"Suter\",\"gender\":\"Female\",\"address\":{\"street\":\"19567 Basil Junction\",\"city\":\"Jiangyou\",\"country\":\"China\"}}","updated":"2022-09-14T23:39:06.531Z"}
{"customer_id":"C01884","email":"dsymingtonqo@chronoengine.com","profile":"{\"first_name\":\"Duane\",\"last_name\":\"Symington\",\"gender\":\"Male\",\"address\":{\"street\":\"3 Ryan Circle\",\"city\":\"Primero de Mayo\",\"country\":\"Mexico\"}}","updated":"2022-09-14T23:39:06.531Z"}
{"customer_id":"C01885","email":"bthravesn8@adobe.com","profile":"{\"first_name\":\"Broderic\",\"last_name\":\"Thraves\",\"gender\":\"Male\",\"address\":{\"street\":\"997 Havey Plaza\",\"city\":\"Machachi\",\"country\":\"Ecuador\"}}","updated":"2022-09-14T23:39:06.531Z"}
{"customer_id":"C01886","email":"ctittana@msu.edu","profile":"{\"first_name\":\"Conroy\",\"last_name\":\"Titta\",\"gender\":\"Male\",\"address\":{\"street\":\"84 Stoughton Park\",\"city\":\"Zhaxirabdain\",\"country\":\"China\"}}","updated":"2022-09-14T23:39:06.531Z"}
{"customer_id":"C01887","email":"htobypc@cnn.com","profile":"{\"first_name\":\"Harli\",\"last_name\":\"Toby\",\"gender\":\"Female\",\"address\":{\"street\":\"49 Westerfield Lane\",\"city\":\"Gengzhuang\",\"country\":\"China\"}}","updated":"2022-09-14T23:39:06.531Z"}
{"customer_id":"C01888","profile":"{\"first_name\":\"Doria\",\"last_name\":\"Tort\",\"gender\":\"Female\",\"address\":{\"street\":\"39 Amoth Parkway\",\"city\":\"Batou\",\"country\":\"China\"}}","updated":"2022-09-14T23:39:06.531Z"}
{"customer_id":"C01889","email":"gtrassoe@flavors.me","profile":"{\"first_name\":\"Gregorius\",\"last_name\":\"Trass\",\"gender\":\"Male\",\"address\":{\"street\":\"452 Graceland Crossing\",\"city\":\"Nisí\",\"country\":\"Greece\"}}","updated":"2022-09-14T23:39:06.531Z"}
{"customer_id":"C01890","email":"ftunesimn@goo.gl","profile":"{\"first_name\":\"Florrie\",\"last_name\":\"Tunesi\",\"gender\":\"Female\",\"address\":{\"street\":\"55 Thompson Plaza\",\"city\":\"Marte\",\"country\":\"Nigeria\"}}","updated":"2022-09-14T23:39:06.531Z"}
{"customer_id":"C01891","email":"avigoursod@spotify.com","profile":"{\"first_name\":\"Ana\",\"last_name\":\"Vigours\",\"gender\":\"Female\",\"address\":{\"street\":\"6563 Straubel Avenue\",\"city\":\"Sōja\",\"country\":\"Japan\"}}","updated":"2022-09-14T23:39:06.531Z"}
{"customer_id":"C01892","email":"cvoceou@cdc.gov","profile":"{\"first_name\":\"Caren\",\"last_name\":\"Voce\",\"gender\":\"Female\",\"address\":{\"street\":\"763 Walton Plaza\",\"city\":\"Gaizhou\",\"country\":\"China\"}}","updated":"2022-09-14T23:39:06.531Z"}
{"customer_id":"C01893","profile":"{\"first_name\":\"Eada\",\"last_name\":\"Walch\",\"gender\":\"Female\",\"address\":{\"street\":\"4 Alpine Court\",\"city\":\"Linggou\",\"country\":\"China\"}}","updated":"2022-09-14T23:39:06.531Z"}
{"customer_id":"C01894","email":"mwaldocker7@tuttocitta.it","profile":"{\"first_name\":\"Malory\",\"last_name\":\"Waldocke\",\"gender\":\"Female\",\"address\":{\"street\":\"006 South Plaza\",\"city\":\"Ndeaboh\",\"country\":\"Nigeria\"}}","updated":"2022-09-14T23:39:06.531Z"}
{"customer_id":"C01895","profile":"{\"first_name\":\"Hillary\",\"last_name\":\"Weeks\",\"gender\":\"Male\",\"address\":{\"street\":\"4 Hudson Park\",\"city\":\"Macun\",\"country\":\"China\"}}","updated":"2022-09-14T23:39:06.531Z"}
{"customer_id":"C01896","email":"bwherryow@cnn.com","profile":"{\"first_name\":\"Boote\",\"last_name\":\"Wherry\",\"gender\":\"Male\",\"address\":{\"street\":\"68773 Morrow Pass\",\"city\":\"Ordynskoye\",\"country\":\"Russia\"}}","updated":"2022-09-14T23:39:06.531Z"}
{"customer_id":"C01897","email":"cwillsmoreqh@nasa.gov","profile":"{\"first_name\":\"Clayborn\",\"last_name\":\"Willsmore\",\"gender\":\"Male\",\"address\":{\"street\":\"27348 Morning Road\",\"city\":\"Kuta\",\"country\":\"Nigeria\"}}","updated":"2022-09-14T23:39:06.531Z"}
{"customer_id":"C01898","profile":"{\"first_name\":\"Augy\",\"last_name\":\"Wilstead\",\"gender\":\"Male\",\"address\":{\"street\":\"59 Lindbergh Drive\",\"city\":\"Wutong\",\"country\":\"China\"}}","updated":"2022-09-14T23:39:06.531Z"}
{"customer_id":"C01899","email":"swindebankrk@alexa.com","profile":"{\"first_name\":\"Sheeree\",\"last_name\":\"Windebank\",\"gender\":\"Bigender\",\"address\":{\"street\":\"474 Fremont Alley\",\"city\":\"San Juan de Limay\",\"country\":\"Nicaragua\"}}","updated":"2022-09-14T23:39:06.531Z"}
{"customer_id":"C01900","email":"jwohlersme@omniture.com","profile":"{\"first_name\":\"Jayme\",\"last_name\":\"Wohlers\",\"gender\":\"Female\",\"address\":{\"street\":\"5 Dakota Pass\",\"city\":\"Žrnovnica\",\"country\":\"Croatia\"}}","updated":"2022-09-14T23:39:06.531Z"}
{"customer_id":"C01901","email":"dzincken0@about.com","profile":"{\"first_name\":\"Dehlia\",\"last_name\":\"Zincke\",\"gender\":\"Female\",\"address\":{\"street\":\"79 Merry Court\",\"city\":\"Kadudampit\",\"country\":\"Indonesia\"}}","updated":"2022-09-14T23:39:06.531Z"}