{"ORIGIN_COUNTRY_NAME":"Romania","DEST_COUNTRY_NAME":"United States","count":15}
{"ORIGIN_COUNTRY_NAME":"Croatia","DEST_COUNTRY_NAME":"United States","count":1}
{"ORIGIN_COUNTRY_NAME":"Ireland","DEST_COUNTRY_NAME":"United States","count":344}
{"ORIGIN_COUNTRY_NAME":"United States","DEST_COUNTRY_NAME":"Egypt","count":15}
{"ORIGIN_COUNTRY_NAME":"India","DEST_COUNTRY_NAME":"United States","count":62}
{"ORIGIN_COUNTRY_NAME":"Singapore","DEST_COUNTRY_NAME":"United States","count":1}
{"ORIGIN_COUNTRY_NAME":"Grenada","DEST_COUNTRY_NAME":"United States","count":62}
{"ORIGIN_COUNTRY_NAME":"United States","DEST_COUNTRY_NAME":"Costa Rica","count":588}
{"ORIGIN_COUNTRY_NAME":"United States","DEST_COUNTRY_NAME":"Senegal","count":40}
{"ORIGIN_COUNTRY_NAME":"United States","DEST_COUNTRY_NAME":"Moldova","count":1}
{"ORIGIN_COUNTRY_NAME":"Sint Maarten","DEST_COUNTRY_NAME":"United States","count":325}
{"ORIGIN_COUNTRY_NAME":"Marshall Islands","DEST_COUNTRY_NAME":"United States","count":39}
{"ORIGIN_COUNTRY_NAME":"United States","DEST_COUNTRY_NAME":"Guyana","count":64}
{"ORIGIN_COUNTRY_NAME":"United States","DEST_COUNTRY_NAME":"Malta","count":1}
{"ORIGIN_COUNTRY_NAME":"United States","DEST_COUNTRY_NAME":"Anguilla","count":41}
{"ORIGIN_COUNTRY_NAME":"United States","DEST_COUNTRY_NAME":"Bolivia","count":30}
{"ORIGIN_COUNTRY_NAME":"Paraguay","DEST_COUNTRY_NAME":"United States","count":6}
{"ORIGIN_COUNTRY_NAME":"United States","DEST_COUNTRY_NAME":"Algeria","count":4}
{"ORIGIN_COUNTRY_NAME":"United States","DEST_COUNTRY_NAME":"Turks and Caicos Islands","count":230}
{"ORIGIN_COUNTRY_NAME":"Gibraltar","DEST_COUNTRY_NAME":"United States","count":1}
{"ORIGIN_COUNTRY_NAME":"United States","DEST_COUNTRY_NAME":"Saint Vincent and the Grenadines","count":1}
{"ORIGIN_COUNTRY_NAME":"United States","DEST_COUNTRY_NAME":"Italy","count":382}
{"ORIGIN_COUNTRY_NAME":"Federated States of Micronesia","DEST_COUNTRY_NAME":"United States","count":69}
{"ORIGIN_COUNTRY_NAME":"Russia","DEST_COUNTRY_NAME":"United States","count":161}
{"ORIGIN_COUNTRY_NAME":"United States","DEST_COUNTRY_NAME":"Pakistan","count":12}
{"ORIGIN_COUNTRY_NAME":"Netherlands","DEST_COUNTRY_NAME":"United States","count":660}
{"ORIGIN_COUNTRY_NAME":"United States","DEST_COUNTRY_NAME":"Iceland","count":181}
{"ORIGIN_COUNTRY_NAME":"United States","DEST_COUNTRY_NAME":"Marshall Islands","count":42}
{"ORIGIN_COUNTRY_NAME":"United States","DEST_COUNTRY_NAME":"Luxembourg","count":155}
{"ORIGIN_COUNTRY_NAME":"United States","DEST_COUNTRY_NAME":"Honduras","count":362}
{"ORIGIN_COUNTRY_NAME":"United States","DEST_COUNTRY_NAME":"The Bahamas","count":955}
{"ORIGIN_COUNTRY_NAME":"Senegal","DEST_COUNTRY_NAME":"United States","count":42}
{"ORIGIN_COUNTRY_NAME":"United States","DEST_COUNTRY_NAME":"El Salvador","count":561}
{"ORIGIN_COUNTRY_NAME":"United States","DEST_COUNTRY_NAME":"Samoa","count":25}
{"ORIGIN_COUNTRY_NAME":"Angola","DEST_COUNTRY_NAME":"United States","count":13}
{"ORIGIN_COUNTRY_NAME":"United States","DEST_COUNTRY_NAME":"Switzerland","count":294}
{"ORIGIN_COUNTRY_NAME":"Anguilla","DEST_COUNTRY_NAME":"United States","count":38}
{"ORIGIN_COUNTRY_NAME":"United States","DEST_COUNTRY_NAME":"Sint Maarten","count":325}
{"ORIGIN_COUNTRY_NAME":"United States","DEST_COUNTRY_NAME":"Hong Kong","count":332}
{"ORIGIN_COUNTRY_NAME":"United States","DEST_COUNTRY_NAME":"Trinidad and Tobago","count":211}
{"ORIGIN_COUNTRY_NAME":"United States","DEST_COUNTRY_NAME":"Latvia","count":19}
{"ORIGIN_COUNTRY_NAME":"Ecuador","DEST_COUNTRY_NAME":"United States","count":300}
{"ORIGIN_COUNTRY_NAME":"United States","DEST_COUNTRY_NAME":"Suriname","count":1}
{"ORIGIN_COUNTRY_NAME":"United States","DEST_COUNTRY_NAME":"Mexico","count":7140}
{"ORIGIN_COUNTRY_NAME":"Cyprus","DEST_COUNTRY_NAME":"United States","count":1}
{"ORIGIN_COUNTRY_NAME":"United States","DEST_COUNTRY_NAME":"Ecuador","count":268}
{"ORIGIN_COUNTRY_NAME":"Portugal","DEST_COUNTRY_NAME":"United States","count":134}
{"ORIGIN_COUNTRY_NAME":"Costa Rica","DEST_COUNTRY_NAME":"United States","count":608}
{"ORIGIN_COUNTRY_NAME":"Guatemala","DEST_COUNTRY_NAME":"United States","count":318}
{"ORIGIN_COUNTRY_NAME":"Suriname","DEST_COUNTRY_NAME":"United States","count":34}
{"ORIGIN_COUNTRY_NAME":"United States","DEST_COUNTRY_NAME":"Colombia","count":873}
{"ORIGIN_COUNTRY_NAME":"Cape Verde","DEST_COUNTRY_NAME":"United States","count":14}
{"ORIGIN_COUNTRY_NAME":"Jamaica","DEST_COUNTRY_NAME":"United States","count":712}
{"ORIGIN_COUNTRY_NAME":"United States","DEST_COUNTRY_NAME":"Norway","count":121}
{"ORIGIN_COUNTRY_NAME":"Malaysia","DEST_COUNTRY_NAME":"United States","count":3}
{"ORIGIN_COUNTRY_NAME":"Morocco","DEST_COUNTRY_NAME":"United States","count":19}
{"ORIGIN_COUNTRY_NAME":"United States","DEST_COUNTRY_NAME":"Thailand","count":3}
{"ORIGIN_COUNTRY_NAME":"Samoa","DEST_COUNTRY_NAME":"United States","count":25}
{"ORIGIN_COUNTRY_NAME":"United States","DEST_COUNTRY_NAME":"Venezuela","count":290}
{"ORIGIN_COUNTRY_NAME":"Palau","DEST_COUNTRY_NAME":"United States","count":31}
{"ORIGIN_COUNTRY_NAME":"Venezuela","DEST_COUNTRY_NAME":"United States","count":246}
{"ORIGIN_COUNTRY_NAME":"United States","DEST_COUNTRY_NAME":"Panama","count":510}
{"ORIGIN_COUNTRY_NAME":"United States","DEST_COUNTRY_NAME":"Antigua and Barbuda","count":126}
{"ORIGIN_COUNTRY_NAME":"Chile","DEST_COUNTRY_NAME":"United States","count":185}
{"ORIGIN_COUNTRY_NAME":"United States","DEST_COUNTRY_NAME":"Morocco","count":15}
{"ORIGIN_COUNTRY_NAME":"Finland","DEST_COUNTRY_NAME":"United States","count":28}
{"ORIGIN_COUNTRY_NAME":"United States","DEST_COUNTRY_NAME":"Azerbaijan","count":21}
{"ORIGIN_COUNTRY_NAME":"Greece","DEST_COUNTRY_NAME":"United States","count":23}
{"ORIGIN_COUNTRY_NAME":"The Bahamas","DEST_COUNTRY_NAME":"United States","count":986}
{"ORIGIN_COUNTRY_NAME":"United States","DEST_COUNTRY_NAME":"New Zealand","count":111}
{"ORIGIN_COUNTRY_NAME":"United States","DEST_COUNTRY_NAME":"Liberia","count":2}
{"ORIGIN_COUNTRY_NAME":"Hong Kong","DEST_COUNTRY_NAME":"United States","count":414}
{"ORIGIN_COUNTRY_NAME":"United States","DEST_COUNTRY_NAME":"Hungary","count":2}
{"ORIGIN_COUNTRY_NAME":"China","DEST_COUNTRY_NAME":"United States","count":920}
{"ORIGIN_COUNTRY_NAME":"Vietnam","DEST_COUNTRY_NAME":"United States","count":2}
{"ORIGIN_COUNTRY_NAME":"United States","DEST_COUNTRY_NAME":"Burkina Faso","count":1}
{"ORIGIN_COUNTRY_NAME":"United States","DEST_COUNTRY_NAME":"Sweden","count":118}
{"ORIGIN_COUNTRY_NAME":"Kuwait","DEST_COUNTRY_NAME":"United States","count":28}
{"ORIGIN_COUNTRY_NAME":"Dominican Republic","DEST_COUNTRY_NAME":"United States","count":1420}
{"ORIGIN_COUNTRY_NAME":"Egypt","DEST_COUNTRY_NAME":"United States","count":12}
{"ORIGIN_COUNTRY_NAME":"United States","DEST_COUNTRY_NAME":"Israel","count":134}
{"ORIGIN_COUNTRY_NAME":"United States","DEST_COUNTRY_NAME":"United States","count":370002}
{"ORIGIN_COUNTRY_NAME":"United States","DEST_COUNTRY_NAME":"Ethiopia","count":13}
{"ORIGIN_COUNTRY_NAME":"Luxembourg","DEST_COUNTRY_NAME":"United States","count":134}
{"ORIGIN_COUNTRY_NAME":"Poland","DEST_COUNTRY_NAME":"United States","count":33}
{"ORIGIN_COUNTRY_NAME":"United States","DEST_COUNTRY_NAME":"Martinique","count":44}
{"ORIGIN_COUNTRY_NAME":"Saint Barthelemy","DEST_COUNTRY_NAME":"United States","count":41}
{"ORIGIN_COUNTRY_NAME":"United States","DEST_COUNTRY_NAME":"Saint Barthelemy","count":39}
{"ORIGIN_COUNTRY_NAME":"United States","DEST_COUNTRY_NAME":"Barbados","count":154}
{"ORIGIN_COUNTRY_NAME":"Turkey","DEST_COUNTRY_NAME":"United States","count":129}
{"ORIGIN_COUNTRY_NAME":"United States","DEST_COUNTRY_NAME":"Djibouti","count":1}
{"ORIGIN_COUNTRY_NAME":"Azerbaijan","DEST_COUNTRY_NAME":"United States","count":21}
{"ORIGIN_COUNTRY_NAME":"Estonia","DEST_COUNTRY_NAME":"United States","count":1}
{"ORIGIN_COUNTRY_NAME":"United States","DEST_COUNTRY_NAME":"Germany","count":1468}
{"ORIGIN_COUNTRY_NAME":"South Korea","DEST_COUNTRY_NAME":"United States","count":827}
{"ORIGIN_COUNTRY_NAME":"El Salvador","DEST_COUNTRY_NAME":"United States","count":508}
{"ORIGIN_COUNTRY_NAME":"United States","DEST_COUNTRY_NAME":"Ireland","count":335}
{"ORIGIN_COUNTRY_NAME":"Hungary","DEST_COUNTRY_NAME":"United States","count":3}
{"ORIGIN_COUNTRY_NAME":"United States","DEST_COUNTRY_NAME":"Zambia","count":1}
{"ORIGIN_COUNTRY_NAME":"United States","DEST_COUNTRY_NAME":"Malaysia","count":2}
{"ORIGIN_COUNTRY_NAME":"Ethiopia","DEST_COUNTRY_NAME":"United States","count":12}
{"ORIGIN_COUNTRY_NAME":"Panama","DEST_COUNTRY_NAME":"United States","count":465}
{"ORIGIN_COUNTRY_NAME":"Aruba","DEST_COUNTRY_NAME":"United States","count":342}
{"ORIGIN_COUNTRY_NAME":"Thailand","DEST_COUNTRY_NAME":"United States","count":4}
{"ORIGIN_COUNTRY_NAME":"Turks and Caicos Islands","DEST_COUNTRY_NAME":"United States","count":236}
{"ORIGIN_COUNTRY_NAME":"United States","DEST_COUNTRY_NAME":"Croatia","count":2}
{"ORIGIN_COUNTRY_NAME":"Pakistan","DEST_COUNTRY_NAME":"United States","count":12}
{"ORIGIN_COUNTRY_NAME":"United States","DEST_COUNTRY_NAME":"Cyprus","count":1}
{"ORIGIN_COUNTRY_NAME":"Honduras","DEST_COUNTRY_NAME":"United States","count":407}
{"ORIGIN_COUNTRY_NAME":"United States","DEST_COUNTRY_NAME":"Fiji","count":24}
{"ORIGIN_COUNTRY_NAME":"United States","DEST_COUNTRY_NAME":"Qatar","count":108}
{"ORIGIN_COUNTRY_NAME":"United States","DEST_COUNTRY_NAME":"Saint Kitts and Nevis","count":139}
{"ORIGIN_COUNTRY_NAME":"United States","DEST_COUNTRY_NAME":"Kuwait","count":32}
{"ORIGIN_COUNTRY_NAME":"United States","DEST_COUNTRY_NAME":"Taiwan","count":266}
{"ORIGIN_COUNTRY_NAME":"United States","DEST_COUNTRY_NAME":"Haiti","count":226}
{"ORIGIN_COUNTRY_NAME":"United States","DEST_COUNTRY_NAME":"Canada","count":8399}
{"ORIGIN_COUNTRY_NAME":"United States","DEST_COUNTRY_NAME":"Federated States of Micronesia","count":69}
{"ORIGIN_COUNTRY_NAME":"Liberia","DEST_COUNTRY_NAME":"United States","count":2}
{"ORIGIN_COUNTRY_NAME":"United States","DEST_COUNTRY_NAME":"Jamaica","count":666}
{"ORIGIN_COUNTRY_NAME":"Malta","DEST_COUNTRY_NAME":"United States","count":2}
{"ORIGIN_COUNTRY_NAME":"United States","DEST_COUNTRY_NAME":"Dominican Republic","count":1353}
{"ORIGIN_COUNTRY_NAME":"United States","DEST_COUNTRY_NAME":"Japan","count":1548}
{"ORIGIN_COUNTRY_NAME":"Lithuania","DEST_COUNTRY_NAME":"United States","count":1}
{"ORIGIN_COUNTRY_NAME":"United States","DEST_COUNTRY_NAME":"Finland","count":26}
{"ORIGIN_COUNTRY_NAME":"Guadeloupe","DEST_COUNTRY_NAME":"United States","count":59}
{"ORIGIN_COUNTRY_NAME":"Ukraine","DEST_COUNTRY_NAME":"United States","count":13}
{"ORIGIN_COUNTRY_NAME":"France","DEST_COUNTRY_NAME":"United States","count":952}
{"ORIGIN_COUNTRY_NAME":"Norway","DEST_COUNTRY_NAME":"United States","count":115}
{"ORIGIN_COUNTRY_NAME":"United States","DEST_COUNTRY_NAME":"Aruba","count":346}
{"ORIGIN_COUNTRY_NAME":"United States","DEST_COUNTRY_NAME":"French Guiana","count":5}
{"ORIGIN_COUNTRY_NAME":"Kiribati","DEST_COUNTRY_NAME":"United States","count":35}
{"ORIGIN_COUNTRY_NAME":"United States","DEST_COUNTRY_NAME":"India","count":61}
{"ORIGIN_COUNTRY_NAME":"United States","DEST_COUNTRY_NAME":"British Virgin Islands","count":107}
{"ORIGIN_COUNTRY_NAME":"United States","DEST_COUNTRY_NAME":"Brazil","count":853}
{"ORIGIN_COUNTRY_NAME":"Germany","DEST_COUNTRY_NAME":"United States","count":1336}
{"ORIGIN_COUNTRY_NAME":"New Zealand","DEST_COUNTRY_NAME":"United States","count":74}
{"ORIGIN_COUNTRY_NAME":"United States","DEST_COUNTRY_NAME":"French Polynesia","count":43}
{"ORIGIN_COUNTRY_NAME":"United States","DEST_COUNTRY_NAME":"United Arab Emirates","count":320}
{"ORIGIN_COUNTRY_NAME":"United States","DEST_COUNTRY_NAME":"Singapore","count":3}
{"ORIGIN_COUNTRY_NAME":"Mexico","DEST_COUNTRY_NAME":"United States","count":7187}
{"ORIGIN_COUNTRY_NAME":"Sweden","DEST_COUNTRY_NAME":"United States","count":119}
{"ORIGIN_COUNTRY_NAME":"United States","DEST_COUNTRY_NAME":"Netherlands","count":776}
{"ORIGIN_COUNTRY_NAME":"Martinique","DEST_COUNTRY_NAME":"United States","count":43}
{"ORIGIN_COUNTRY_NAME":"United Arab Emirates","DEST_COUNTRY_NAME":"United States","count":313}
{"ORIGIN_COUNTRY_NAME":"Bulgaria","DEST_COUNTRY_NAME":"United States","count":1}
{"ORIGIN_COUNTRY_NAME":"United States","DEST_COUNTRY_NAME":"Denmark","count":153}
{"ORIGIN_COUNTRY_NAME":"United States","DEST_COUNTRY_NAME":"China","count":772}
{"ORIGIN_COUNTRY_NAME":"Nicaragua","DEST_COUNTRY_NAME":"United States","count":201}
{"ORIGIN_COUNTRY_NAME":"Philippines","DEST_COUNTRY_NAME":"United States","count":126}
{"ORIGIN_COUNTRY_NAME":"Georgia","DEST_COUNTRY_NAME":"United States","count":1}
{"ORIGIN_COUNTRY_NAME":"Belgium","DEST_COUNTRY_NAME":"United States","count":228}
{"ORIGIN_COUNTRY_NAME":"United States","DEST_COUNTRY_NAME":"Cayman Islands","count":314}
{"ORIGIN_COUNTRY_NAME":"United States","DEST_COUNTRY_NAME":"Argentina","count":180}
{"ORIGIN_COUNTRY_NAME":"United States","DEST_COUNTRY_NAME":"Peru","count":279}
{"ORIGIN_COUNTRY_NAME":"United States","DEST_COUNTRY_NAME":"South Africa","count":36}
{"ORIGIN_COUNTRY_NAME":"Iceland","DEST_COUNTRY_NAME":"United States","count":202}
{"ORIGIN_COUNTRY_NAME":"Argentina","DEST_COUNTRY_NAME":"United States","count":141}
{"ORIGIN_COUNTRY_NAME":"United States","DEST_COUNTRY_NAME":"Spain","count":420}
{"ORIGIN_COUNTRY_NAME":"United States","DEST_COUNTRY_NAME":"Bermuda","count":183}
{"ORIGIN_COUNTRY_NAME":"Nigeria","DEST_COUNTRY_NAME":"United States","count":50}
{"ORIGIN_COUNTRY_NAME":"Austria","DEST_COUNTRY_NAME":"United States","count":63}
{"ORIGIN_COUNTRY_NAME":"Bonaire, Sint Eustatius, and Saba","DEST_COUNTRY_NAME":"United States","count":59}
{"ORIGIN_COUNTRY_NAME":"United States","DEST_COUNTRY_NAME":"Kiribati","count":26}
{"ORIGIN_COUNTRY_NAME":"United States","DEST_COUNTRY_NAME":"Saudi Arabia","count":83}
{"ORIGIN_COUNTRY_NAME":"United States","DEST_COUNTRY_NAME":"Czech Republic","count":13}
{"ORIGIN_COUNTRY_NAME":"Israel","DEST_COUNTRY_NAME":"United States","count":127}
{"ORIGIN_COUNTRY_NAME":"United States","DEST_COUNTRY_NAME":"Belgium","count":259}
{"ORIGIN_COUNTRY_NAME":"Saint Lucia","DEST_COUNTRY_NAME":"United States","count":136}
{"ORIGIN_COUNTRY_NAME":"Bahrain","DEST_COUNTRY_NAME":"United States","count":1}
{"ORIGIN_COUNTRY_NAME":"British Virgin Islands","DEST_COUNTRY_NAME":"United States","count":80}
{"ORIGIN_COUNTRY_NAME":"United States","DEST_COUNTRY_NAME":"Curacao","count":90}
{"ORIGIN_COUNTRY_NAME":"United States","DEST_COUNTRY_NAME":"Georgia","count":2}
{"ORIGIN_COUNTRY_NAME":"Denmark","DEST_COUNTRY_NAME":"United States","count":152}
{"ORIGIN_COUNTRY_NAME":"Guyana","DEST_COUNTRY_NAME":"United States","count":63}
{"ORIGIN_COUNTRY_NAME":"United States","DEST_COUNTRY_NAME":"Philippines","count":134}
{"ORIGIN_COUNTRY_NAME":"United States","DEST_COUNTRY_NAME":"Grenada","count":53}
{"ORIGIN_COUNTRY_NAME":"United States","DEST_COUNTRY_NAME":"Cape Verde","count":20}
{"ORIGIN_COUNTRY_NAME":"United States","DEST_COUNTRY_NAME":"Cote d'Ivoire","count":1}
{"ORIGIN_COUNTRY_NAME":"United States","DEST_COUNTRY_NAME":"Ukraine","count":14}
{"ORIGIN_COUNTRY_NAME":"Papua New Guinea","DEST_COUNTRY_NAME":"United States","count":1}
{"ORIGIN_COUNTRY_NAME":"United States","DEST_COUNTRY_NAME":"Russia","count":176}
{"ORIGIN_COUNTRY_NAME":"Saudi Arabia","DEST_COUNTRY_NAME":"United States","count":70}
{"ORIGIN_COUNTRY_NAME":"United States","DEST_COUNTRY_NAME":"Guatemala","count":397}
{"ORIGIN_COUNTRY_NAME":"United States","DEST_COUNTRY_NAME":"Saint Lucia","count":123}
{"ORIGIN_COUNTRY_NAME":"United States","DEST_COUNTRY_NAME":"Paraguay","count":60}
{"ORIGIN_COUNTRY_NAME":"Curacao","DEST_COUNTRY_NAME":"United States","count":83}
{"ORIGIN_COUNTRY_NAME":"United States","DEST_COUNTRY_NAME":"Kosovo","count":1}
{"ORIGIN_COUNTRY_NAME":"Taiwan","DEST_COUNTRY_NAME":"United States","count":235}
{"ORIGIN_COUNTRY_NAME":"United States","DEST_COUNTRY_NAME":"Tunisia","count":3}
{"ORIGIN_COUNTRY_NAME":"South Africa","DEST_COUNTRY_NAME":"United States","count":40}
{"ORIGIN_COUNTRY_NAME":"United States","DEST_COUNTRY_NAME":"Niger","count":2}
{"ORIGIN_COUNTRY_NAME":"United States","DEST_COUNTRY_NAME":"Turkey","count":138}
{"ORIGIN_COUNTRY_NAME":"United States","DEST_COUNTRY_NAME":"United Kingdom","count":2025}
{"ORIGIN_COUNTRY_NAME":"United States","DEST_COUNTRY_NAME":"Romania","count":14}
{"ORIGIN_COUNTRY_NAME":"Greenland","DEST_COUNTRY_NAME":"United States","count":4}
{"ORIGIN_COUNTRY_NAME":"United States","DEST_COUNTRY_NAME":"Papua New Guinea","count":3}
{"ORIGIN_COUNTRY_NAME":"Spain","DEST_COUNTRY_NAME":"United States","count":442}
{"ORIGIN_COUNTRY_NAME":"United States","DEST_COUNTRY_NAME":"Iraq","count":1}
{"ORIGIN_COUNTRY_NAME":"Italy","DEST_COUNTRY_NAME":"United States","count":438}
{"ORIGIN_COUNTRY_NAME":"United States","DEST_COUNTRY_NAME":"Cuba","count":466}
{"ORIGIN_COUNTRY_NAME":"Switzerland","DEST_COUNTRY_NAME":"United States","count":305}
{"ORIGIN_COUNTRY_NAME":"United States","DEST_COUNTRY_NAME":"Dominica","count":20}
{"ORIGIN_COUNTRY_NAME":"Japan","DEST_COUNTRY_NAME":"United States","count":1496}
{"ORIGIN_COUNTRY_NAME":"United States","DEST_COUNTRY_NAME":"Portugal","count":127}
{"ORIGIN_COUNTRY_NAME":"Brazil","DEST_COUNTRY_NAME":"United States","count":619}
{"ORIGIN_COUNTRY_NAME":"United States","DEST_COUNTRY_NAME":"Bahrain","count":19}
{"ORIGIN_COUNTRY_NAME":"Peru","DEST_COUNTRY_NAME":"United States","count":337}
{"ORIGIN_COUNTRY_NAME":"United States","DEST_COUNTRY_NAME":"Indonesia","count":1}
{"ORIGIN_COUNTRY_NAME":"Belize","DEST_COUNTRY_NAME":"United States","count":193}
{"ORIGIN_COUNTRY_NAME":"United Kingdom","DEST_COUNTRY_NAME":"United States","count":1970}
{"ORIGIN_COUNTRY_NAME":"United States","DEST_COUNTRY_NAME":"Belize","count":188}
{"ORIGIN_COUNTRY_NAME":"Ghana","DEST_COUNTRY_NAME":"United States","count":20}
{"ORIGIN_COUNTRY_NAME":"Indonesia","DEST_COUNTRY_NAME":"United States","count":2}
{"ORIGIN_COUNTRY_NAME":"Fiji","DEST_COUNTRY_NAME":"United States","count":25}
{"ORIGIN_COUNTRY_NAME":"Canada","DEST_COUNTRY_NAME":"United States","count":8483}
{"ORIGIN_COUNTRY_NAME":"Antigua and Barbuda","DEST_COUNTRY_NAME":"United States","count":117}
{"ORIGIN_COUNTRY_NAME":"French Polynesia","DEST_COUNTRY_NAME":"United States","count":40}
{"ORIGIN_COUNTRY_NAME":"United States","DEST_COUNTRY_NAME":"Nicaragua","count":179}
{"ORIGIN_COUNTRY_NAME":"Latvia","DEST_COUNTRY_NAME":"United States","count":15}
{"ORIGIN_COUNTRY_NAME":"Dominica","DEST_COUNTRY_NAME":"United States","count":27}
{"ORIGIN_COUNTRY_NAME":"Czech Republic","DEST_COUNTRY_NAME":"United States","count":12}
{"ORIGIN_COUNTRY_NAME":"Australia","DEST_COUNTRY_NAME":"United States","count":258}
{"ORIGIN_COUNTRY_NAME":"Cook Islands","DEST_COUNTRY_NAME":"United States","count":13}
{"ORIGIN_COUNTRY_NAME":"United States","DEST_COUNTRY_NAME":"Austria","count":62}
{"ORIGIN_COUNTRY_NAME":"United States","DEST_COUNTRY_NAME":"Jordan","count":44}
{"ORIGIN_COUNTRY_NAME":"United States","DEST_COUNTRY_NAME":"Palau","count":30}
{"ORIGIN_COUNTRY_NAME":"United States","DEST_COUNTRY_NAME":"South Korea","count":1048}
{"ORIGIN_COUNTRY_NAME":"United States","DEST_COUNTRY_NAME":"Angola","count":15}
{"ORIGIN_COUNTRY_NAME":"United States","DEST_COUNTRY_NAME":"Ghana","count":18}
{"ORIGIN_COUNTRY_NAME":"United States","DEST_COUNTRY_NAME":"New Caledonia","count":1}
{"ORIGIN_COUNTRY_NAME":"United States","DEST_COUNTRY_NAME":"Guadeloupe","count":56}
{"ORIGIN_COUNTRY_NAME":"United States","DEST_COUNTRY_NAME":"France","count":935}
{"ORIGIN_COUNTRY_NAME":"United States","DEST_COUNTRY_NAME":"Poland","count":32}
{"ORIGIN_COUNTRY_NAME":"United States","DEST_COUNTRY_NAME":"Nigeria","count":59}
{"ORIGIN_COUNTRY_NAME":"Uruguay","DEST_COUNTRY_NAME":"United States","count":13}
{"ORIGIN_COUNTRY_NAME":"United States","DEST_COUNTRY_NAME":"Greenland","count":2}
{"ORIGIN_COUNTRY_NAME":"Bermuda","DEST_COUNTRY_NAME":"United States","count":193}
{"ORIGIN_COUNTRY_NAME":"United States","DEST_COUNTRY_NAME":"Chile","count":174}
{"ORIGIN_COUNTRY_NAME":"Cuba","DEST_COUNTRY_NAME":"United States","count":478}
{"ORIGIN_COUNTRY_NAME":"Montenegro","DEST_COUNTRY_NAME":"United States","count":1}
{"ORIGIN_COUNTRY_NAME":"Colombia","DEST_COUNTRY_NAME":"United States","count":867}
{"ORIGIN_COUNTRY_NAME":"Barbados","DEST_COUNTRY_NAME":"United States","count":130}
{"ORIGIN_COUNTRY_NAME":"Qatar","DEST_COUNTRY_NAME":"United States","count":109}
{"ORIGIN_COUNTRY_NAME":"United States","DEST_COUNTRY_NAME":"Australia","count":329}
{"ORIGIN_COUNTRY_NAME":"Cayman Islands","DEST_COUNTRY_NAME":"United States","count":310}
{"ORIGIN_COUNTRY_NAME":"Jordan","DEST_COUNTRY_NAME":"United States","count":44}
{"ORIGIN_COUNTRY_NAME":"Namibia","DEST_COUNTRY_NAME":"United States","count":1}
{"ORIGIN_COUNTRY_NAME":"Trinidad and Tobago","DEST_COUNTRY_NAME":"United States","count":217}
{"ORIGIN_COUNTRY_NAME":"Bolivia","DEST_COUNTRY_NAME":"United States","count":13}
{"ORIGIN_COUNTRY_NAME":"United States","DEST_COUNTRY_NAME":"Cook Islands","count":13}
{"ORIGIN_COUNTRY_NAME":"United States","DEST_COUNTRY_NAME":"Bulgaria","count":3}
{"ORIGIN_COUNTRY_NAME":"Saint Kitts and Nevis","DEST_COUNTRY_NAME":"United States","count":145}
{"ORIGIN_COUNTRY_NAME":"United States","DEST_COUNTRY_NAME":"Uruguay","count":43}
{"ORIGIN_COUNTRY_NAME":"Haiti","DEST_COUNTRY_NAME":"United States","count":225}
{"ORIGIN_COUNTRY_NAME":"United States","DEST_COUNTRY_NAME":"Bonaire, Sint Eustatius, and Saba","count":58}
{"ORIGIN_COUNTRY_NAME":"United States","DEST_COUNTRY_NAME":"Greece","count":30}